indicator_key,breakdown,geo_code,geo_level,numerator,denominator,rate_pct,over_100,source_psgc,source_area_name,geo_resolution
fic,total,PH,national,1560924,2392392,65.24532768877341,false,,PHILIPPINES,national
fic,male,PH,national,795839,,,false,,PHILIPPINES,national
fic,female,PH,national,765085,,,false,,PHILIPPINES,national
cic,total,PH,national,131044,840855,15.584613280529938,false,,PHILIPPINES,national
cic,male,PH,national,67987,,,false,,PHILIPPINES,national
cic,female,PH,national,63057,,,false,,PHILIPPINES,national
fic,total,13,region,237518,285798,83.10694966374852,false,1300000000,NCR,direct
fic,male,13,region,120172,,,false,1300000000,NCR,direct
fic,female,13,region,117346,,,false,1300000000,NCR,direct
cic,total,13,region,18041,60578,29.781438806167255,false,1300000000,NCR,direct
cic,male,13,region,9116,,,false,1300000000,NCR,direct
cic,female,13,region,8925,,,false,1300000000,NCR,direct
fic,total,13801,province,27958,36488,76.62245121683841,false,1380100000,City of Caloocan,direct
fic,male,13801,province,14168,,,false,1380100000,City of Caloocan,direct
fic,female,13801,province,13790,,,false,1380100000,City of Caloocan,direct
cic,total,13801,province,779,10459,7.448130796443254,false,1380100000,City of Caloocan,direct
cic,male,13801,province,412,,,false,1380100000,City of Caloocan,direct
cic,female,13801,province,367,,,false,1380100000,City of Caloocan,direct
fic,total,13802,province,10128,12284,82.44871377401498,false,1380200000,City of Las Piñas,direct
fic,male,13802,province,4994,,,false,1380200000,City of Las Piñas,direct
fic,female,13802,province,5134,,,false,1380200000,City of Las Piñas,direct
cic,total,13802,province,1019,2457,41.47334147334148,false,1380200000,City of Las Piñas,direct
cic,male,13802,province,483,,,false,1380200000,City of Las Piñas,direct
cic,female,13802,province,536,,,false,1380200000,City of Las Piñas,direct
fic,total,13803,province,4384,4580,95.72052401746724,false,1380300000,City of Makati,direct
fic,male,13803,province,2250,,,false,1380300000,City of Makati,direct
fic,female,13803,province,2134,,,false,1380300000,City of Makati,direct
cic,total,13803,province,92,269,34.20074349442379,false,1380300000,City of Makati,direct
cic,male,13803,province,45,,,false,1380300000,City of Makati,direct
cic,female,13803,province,47,,,false,1380300000,City of Makati,direct
fic,total,13804,province,4593,8070,56.914498141263934,false,1380400000,City of Malabon,direct
fic,male,13804,province,2377,,,false,1380400000,City of Malabon,direct
fic,female,13804,province,2216,,,false,1380400000,City of Malabon,direct
cic,total,13804,province,663,1806,36.7109634551495,false,1380400000,City of Malabon,direct
cic,male,13804,province,335,,,false,1380400000,City of Malabon,direct
cic,female,13804,province,328,,,false,1380400000,City of Malabon,direct
fic,total,13805,province,8357,8672,96.36761992619927,false,1380500000,City of Mandaluyong,direct
fic,male,13805,province,4194,,,false,1380500000,City of Mandaluyong,direct
fic,female,13805,province,4163,,,false,1380500000,City of Mandaluyong,direct
cic,total,13805,province,715,318,224.8427672955975,true,1380500000,City of Mandaluyong,direct
cic,male,13805,province,349,,,false,1380500000,City of Mandaluyong,direct
cic,female,13805,province,366,,,false,1380500000,City of Mandaluyong,direct
fic,total,13806,province,33596,37288,90.09869126796825,false,1380600000,City of Manila,direct
fic,male,13806,province,17121,,,false,1380600000,City of Manila,direct
fic,female,13806,province,16475,,,false,1380600000,City of Manila,direct
cic,total,13806,province,2378,1758,135.26734926052333,true,1380600000,City of Manila,direct
cic,male,13806,province,1209,,,false,1380600000,City of Manila,direct
cic,female,13806,province,1169,,,false,1380600000,City of Manila,direct
fic,total,13807,province,3122,9135,34.17624521072797,false,1380700000,City of Marikina,direct
fic,male,13807,province,1514,,,false,1380700000,City of Marikina,direct
fic,female,13807,province,1608,,,false,1380700000,City of Marikina,direct
cic,total,13807,province,543,5810,9.345955249569707,false,1380700000,City of Marikina,direct
cic,male,13807,province,291,,,false,1380700000,City of Marikina,direct
cic,female,13807,province,252,,,false,1380700000,City of Marikina,direct
fic,total,13808,province,5422,10788,50.25954764553207,false,1380800000,City of Muntinlupa,direct
fic,male,13808,province,2738,,,false,1380800000,City of Muntinlupa,direct
fic,female,13808,province,2684,,,false,1380800000,City of Muntinlupa,direct
cic,total,13808,province,1097,4892,22.424366312346688,false,1380800000,City of Muntinlupa,direct
cic,male,13808,province,532,,,false,1380800000,City of Muntinlupa,direct
cic,female,13808,province,565,,,false,1380800000,City of Muntinlupa,direct
fic,total,13809,province,5465,5718,95.57537600559635,false,1380900000,City of Navotas,direct
fic,male,13809,province,2682,,,false,1380900000,City of Navotas,direct
fic,female,13809,province,2783,,,false,1380900000,City of Navotas,direct
cic,total,13809,province,205,276,74.27536231884058,false,1380900000,City of Navotas,direct
cic,male,13809,province,100,,,false,1380900000,City of Navotas,direct
cic,female,13809,province,105,,,false,1380900000,City of Navotas,direct
fic,total,13810,province,14372,14517,99.00117104084866,false,1381000000,City of Parañaque,direct
fic,male,13810,province,7207,,,false,1381000000,City of Parañaque,direct
fic,female,13810,province,7165,,,false,1381000000,City of Parañaque,direct
cic,total,13810,province,528,2053,25.718460789089136,false,1381000000,City of Parañaque,direct
cic,male,13810,province,271,,,false,1381000000,City of Parañaque,direct
cic,female,13810,province,257,,,false,1381000000,City of Parañaque,direct
fic,total,13811,province,6373,7684,82.93857365955232,false,1381100000,Pasay City,direct
fic,male,13811,province,3288,,,false,1381100000,Pasay City,direct
fic,female,13811,province,3085,,,false,1381100000,Pasay City,direct
cic,total,13811,province,556,1507,36.894492368944924,false,1381100000,Pasay City,direct
cic,male,13811,province,291,,,false,1381100000,Pasay City,direct
cic,female,13811,province,265,,,false,1381100000,Pasay City,direct
fic,total,13812,province,18584,19265,96.46509213599792,false,1381200000,City of Pasig,direct
fic,male,13812,province,9442,,,false,1381200000,City of Pasig,direct
fic,female,13812,province,9142,,,false,1381200000,City of Pasig,direct
cic,total,13812,province,981,2803,34.99821619693186,false,1381200000,City of Pasig,direct
cic,male,13812,province,513,,,false,1381200000,City of Pasig,direct
cic,female,13812,province,468,,,false,1381200000,City of Pasig,direct
fic,total,13813,province,62751,64737,96.93220260438389,false,1381300000,Quezon City,direct
fic,male,13813,province,31583,,,false,1381300000,Quezon City,direct
fic,female,13813,province,31168,,,false,1381300000,Quezon City,direct
cic,total,13813,province,4021,-868,-463.2488479262673,false,1381300000,Quezon City,direct
cic,male,13813,province,2044,,,false,1381300000,Quezon City,direct
cic,female,13813,province,1977,,,false,1381300000,Quezon City,direct
fic,total,13814,province,1276,2363,53.999153618281845,false,1381400000,City of San Juan,direct
fic,male,13814,province,662,,,false,1381400000,City of San Juan,direct
fic,female,13814,province,614,,,false,1381400000,City of San Juan,direct
cic,total,13814,province,179,1266,14.139020537124802,false,1381400000,City of San Juan,direct
cic,male,13814,province,98,,,false,1381400000,City of San Juan,direct
cic,female,13814,province,81,,,false,1381400000,City of San Juan,direct
fic,total,13815,province,19722,28175,69.99822537710736,false,1381500000,City of Taguig,direct
fic,male,13815,province,10072,,,false,1381500000,City of Taguig,direct
fic,female,13815,province,9650,,,false,1381500000,City of Taguig,direct
cic,total,13815,province,3898,17945,21.72192811368069,false,1381500000,City of Taguig,direct
cic,male,13815,province,1958,,,false,1381500000,City of Taguig,direct
cic,female,13815,province,1940,,,false,1381500000,City of Taguig,direct
fic,total,13816,province,10540,14813,71.15371633025046,false,1381600000,City of Valenzuela,direct
fic,male,13816,province,5435,,,false,1381600000,City of Valenzuela,direct
fic,female,13816,province,5105,,,false,1381600000,City of Valenzuela,direct
cic,total,13816,province,324,7459,4.343745810430353,false,1381600000,City of Valenzuela,direct
cic,male,13816,province,168,,,false,1381600000,City of Valenzuela,direct
cic,female,13816,province,156,,,false,1381600000,City of Valenzuela,direct
fic,total,1381701,citymun,875,1221,71.66257166257166,false,1381701000,Pateros,direct
fic,male,1381701,citymun,445,,,false,1381701000,Pateros,direct
fic,female,1381701,citymun,430,,,false,1381701000,Pateros,direct
cic,total,1381701,citymun,63,368,17.119565217391305,false,1381701000,Pateros,direct
cic,male,1381701,citymun,17,,,false,1381701000,Pateros,direct
cic,female,1381701,citymun,46,,,false,1381701000,Pateros,direct
fic,total,14,region,20511,34199,59.97543787830053,false,1400000000,CAR,direct
fic,male,14,region,10646,,,false,1400000000,CAR,direct
fic,female,14,region,9865,,,false,1400000000,CAR,direct
cic,total,14,region,1490,11531,12.921689359118895,false,1400000000,CAR,direct
cic,male,14,region,780,,,false,1400000000,CAR,direct
cic,female,14,region,710,,,false,1400000000,CAR,direct
fic,total,14001,province,2987,3951,75.60111364211592,false,1400100000,Abra,direct
fic,male,14001,province,1574,,,false,1400100000,Abra,direct
fic,female,14001,province,1413,,,false,1400100000,Abra,direct
cic,total,14001,province,29,758,3.825857519788918,false,1400100000,Abra,direct
cic,male,14001,province,12,,,false,1400100000,Abra,direct
cic,female,14001,province,17,,,false,1400100000,Abra,direct
fic,total,1400101,citymun,822,808,101.73267326732673,true,1400101000,Bangued,direct
fic,male,1400101,citymun,424,,,false,1400101000,Bangued,direct
fic,female,1400101,citymun,398,,,false,1400101000,Bangued,direct
cic,total,1400101,citymun,0,62,0.0,false,1400101000,Bangued,direct
cic,male,1400101,citymun,0,,,false,1400101000,Bangued,direct
cic,female,1400101,citymun,0,,,false,1400101000,Bangued,direct
fic,total,1400102,citymun,34,79,43.037974683544306,false,1400102000,Boliney,direct
fic,male,1400102,citymun,22,,,false,1400102000,Boliney,direct
fic,female,1400102,citymun,12,,,false,1400102000,Boliney,direct
cic,total,1400102,citymun,2,41,4.878048780487805,false,1400102000,Boliney,direct
cic,male,1400102,citymun,0,,,false,1400102000,Boliney,direct
cic,female,1400102,citymun,2,,,false,1400102000,Boliney,direct
fic,total,1400103,citymun,230,279,82.43727598566308,false,1400103000,Bucay,direct
fic,male,1400103,citymun,114,,,false,1400103000,Bucay,direct
fic,female,1400103,citymun,116,,,false,1400103000,Bucay,direct
cic,total,1400103,citymun,5,24,20.833333333333336,false,1400103000,Bucay,direct
cic,male,1400103,citymun,3,,,false,1400103000,Bucay,direct
cic,female,1400103,citymun,2,,,false,1400103000,Bucay,direct
fic,total,1400104,citymun,29,30,96.66666666666667,false,1400104000,Bucloc,direct
fic,male,1400104,citymun,15,,,false,1400104000,Bucloc,direct
fic,female,1400104,citymun,14,,,false,1400104000,Bucloc,direct
cic,total,1400104,citymun,1,17,5.88235294117647,false,1400104000,Bucloc,direct
cic,male,1400104,citymun,0,,,false,1400104000,Bucloc,direct
cic,female,1400104,citymun,1,,,false,1400104000,Bucloc,direct
fic,total,1400105,citymun,13,34,38.23529411764706,false,1400105000,Daguioman,direct
fic,male,1400105,citymun,6,,,false,1400105000,Daguioman,direct
fic,female,1400105,citymun,7,,,false,1400105000,Daguioman,direct
cic,total,1400105,citymun,2,9,22.22222222222222,false,1400105000,Daguioman,direct
cic,male,1400105,citymun,2,,,false,1400105000,Daguioman,direct
cic,female,1400105,citymun,0,,,false,1400105000,Daguioman,direct
fic,total,1400106,citymun,67,60,111.66666666666667,true,1400106000,Danglas,direct
fic,male,1400106,citymun,31,,,false,1400106000,Danglas,direct
fic,female,1400106,citymun,36,,,false,1400106000,Danglas,direct
cic,total,1400106,citymun,0,0,0.0,false,1400106000,Danglas,direct
cic,male,1400106,citymun,0,,,false,1400106000,Danglas,direct
cic,female,1400106,citymun,0,,,false,1400106000,Danglas,direct
fic,total,1400107,citymun,145,193,75.12953367875647,false,1400107000,Dolores,direct
fic,male,1400107,citymun,70,,,false,1400107000,Dolores,direct
fic,female,1400107,citymun,75,,,false,1400107000,Dolores,direct
cic,total,1400107,citymun,3,20,15.0,false,1400107000,Dolores,direct
cic,male,1400107,citymun,1,,,false,1400107000,Dolores,direct
cic,female,1400107,citymun,2,,,false,1400107000,Dolores,direct
fic,total,1400108,citymun,171,268,63.80597014925373,false,1400108000,La Paz,direct
fic,male,1400108,citymun,89,,,false,1400108000,La Paz,direct
fic,female,1400108,citymun,82,,,false,1400108000,La Paz,direct
cic,total,1400108,citymun,0,-2,0.0,false,1400108000,La Paz,direct
cic,male,1400108,citymun,0,,,false,1400108000,La Paz,direct
cic,female,1400108,citymun,0,,,false,1400108000,La Paz,direct
fic,total,1400109,citymun,31,67,46.26865671641791,false,1400109000,Lacub,direct
fic,male,1400109,citymun,17,,,false,1400109000,Lacub,direct
fic,female,1400109,citymun,14,,,false,1400109000,Lacub,direct
cic,total,1400109,citymun,2,42,4.761904761904762,false,1400109000,Lacub,direct
cic,male,1400109,citymun,0,,,false,1400109000,Lacub,direct
cic,female,1400109,citymun,2,,,false,1400109000,Lacub,direct
fic,total,1400110,citymun,148,243,60.90534979423868,false,1400110000,Lagangilang,direct
fic,male,1400110,citymun,75,,,false,1400110000,Lagangilang,direct
fic,female,1400110,citymun,73,,,false,1400110000,Lagangilang,direct
cic,total,1400110,citymun,0,46,0.0,false,1400110000,Lagangilang,direct
cic,male,1400110,citymun,0,,,false,1400110000,Lagangilang,direct
cic,female,1400110,citymun,0,,,false,1400110000,Lagangilang,direct
fic,total,1400111,citymun,62,64,96.875,false,1400111000,Lagayan,direct
fic,male,1400111,citymun,30,,,false,1400111000,Lagayan,direct
fic,female,1400111,citymun,32,,,false,1400111000,Lagayan,direct
cic,total,1400111,citymun,0,3,0.0,false,1400111000,Lagayan,direct
cic,male,1400111,citymun,0,,,false,1400111000,Lagayan,direct
cic,female,1400111,citymun,0,,,false,1400111000,Lagayan,direct
fic,total,1400112,citymun,46,58,79.3103448275862,false,1400112000,Langiden,direct
fic,male,1400112,citymun,27,,,false,1400112000,Langiden,direct
fic,female,1400112,citymun,19,,,false,1400112000,Langiden,direct
cic,total,1400112,citymun,0,29,0.0,false,1400112000,Langiden,direct
cic,male,1400112,citymun,0,,,false,1400112000,Langiden,direct
cic,female,1400112,citymun,0,,,false,1400112000,Langiden,direct
fic,total,1400113,citymun,20,49,40.816326530612244,false,1400113000,Licuan-Baay,direct
fic,male,1400113,citymun,5,,,false,1400113000,Licuan-Baay,direct
fic,female,1400113,citymun,15,,,false,1400113000,Licuan-Baay,direct
cic,total,1400113,citymun,0,11,0.0,false,1400113000,Licuan-Baay,direct
cic,male,1400113,citymun,0,,,false,1400113000,Licuan-Baay,direct
cic,female,1400113,citymun,0,,,false,1400113000,Licuan-Baay,direct
fic,total,1400114,citymun,51,96,53.125,false,1400114000,Luba,direct
fic,male,1400114,citymun,22,,,false,1400114000,Luba,direct
fic,female,1400114,citymun,29,,,false,1400114000,Luba,direct
cic,total,1400114,citymun,0,26,0.0,false,1400114000,Luba,direct
cic,male,1400114,citymun,0,,,false,1400114000,Luba,direct
cic,female,1400114,citymun,0,,,false,1400114000,Luba,direct
fic,total,1400115,citymun,34,63,53.96825396825397,false,1400115000,Malibcong,direct
fic,male,1400115,citymun,16,,,false,1400115000,Malibcong,direct
fic,female,1400115,citymun,18,,,false,1400115000,Malibcong,direct
cic,total,1400115,citymun,0,45,0.0,false,1400115000,Malibcong,direct
cic,male,1400115,citymun,0,,,false,1400115000,Malibcong,direct
cic,female,1400115,citymun,0,,,false,1400115000,Malibcong,direct
fic,total,1400116,citymun,121,193,62.69430051813472,false,1400116000,Manabo,direct
fic,male,1400116,citymun,60,,,false,1400116000,Manabo,direct
fic,female,1400116,citymun,61,,,false,1400116000,Manabo,direct
cic,total,1400116,citymun,0,20,0.0,false,1400116000,Manabo,direct
cic,male,1400116,citymun,0,,,false,1400116000,Manabo,direct
cic,female,1400116,citymun,0,,,false,1400116000,Manabo,direct
fic,total,1400117,citymun,114,107,106.54205607476635,true,1400117000,Peñarrubia,direct
fic,male,1400117,citymun,72,,,false,1400117000,Peñarrubia,direct
fic,female,1400117,citymun,42,,,false,1400117000,Peñarrubia,direct
cic,total,1400117,citymun,0,-16,0.0,false,1400117000,Peñarrubia,direct
cic,male,1400117,citymun,0,,,false,1400117000,Peñarrubia,direct
cic,female,1400117,citymun,0,,,false,1400117000,Peñarrubia,direct
fic,total,1400118,citymun,142,185,76.75675675675676,false,1400118000,Pidigan,direct
fic,male,1400118,citymun,84,,,false,1400118000,Pidigan,direct
fic,female,1400118,citymun,58,,,false,1400118000,Pidigan,direct
cic,total,1400118,citymun,2,32,6.25,false,1400118000,Pidigan,direct
cic,male,1400118,citymun,1,,,false,1400118000,Pidigan,direct
cic,female,1400118,citymun,1,,,false,1400118000,Pidigan,direct
fic,total,1400119,citymun,113,130,86.92307692307692,false,1400119000,Pilar,direct
fic,male,1400119,citymun,72,,,false,1400119000,Pilar,direct
fic,female,1400119,citymun,41,,,false,1400119000,Pilar,direct
cic,total,1400119,citymun,10,26,38.46153846153847,false,1400119000,Pilar,direct
cic,male,1400119,citymun,3,,,false,1400119000,Pilar,direct
cic,female,1400119,citymun,7,,,false,1400119000,Pilar,direct
fic,total,1400120,citymun,52,98,53.06122448979592,false,1400120000,Sallapadan,direct
fic,male,1400120,citymun,27,,,false,1400120000,Sallapadan,direct
fic,female,1400120,citymun,25,,,false,1400120000,Sallapadan,direct
cic,total,1400120,citymun,0,39,0.0,false,1400120000,Sallapadan,direct
cic,male,1400120,citymun,0,,,false,1400120000,Sallapadan,direct
cic,female,1400120,citymun,0,,,false,1400120000,Sallapadan,direct
fic,total,1400121,citymun,48,60,80.0,false,1400121000,San Isidro,direct
fic,male,1400121,citymun,22,,,false,1400121000,San Isidro,direct
fic,female,1400121,citymun,26,,,false,1400121000,San Isidro,direct
cic,total,1400121,citymun,0,-12,0.0,false,1400121000,San Isidro,direct
cic,male,1400121,citymun,0,,,false,1400121000,San Isidro,direct
cic,female,1400121,citymun,0,,,false,1400121000,San Isidro,direct
fic,total,1400122,citymun,141,201,70.1492537313433,false,1400122000,San Juan,direct
fic,male,1400122,citymun,83,,,false,1400122000,San Juan,direct
fic,female,1400122,citymun,58,,,false,1400122000,San Juan,direct
cic,total,1400122,citymun,0,97,0.0,false,1400122000,San Juan,direct
cic,male,1400122,citymun,0,,,false,1400122000,San Juan,direct
cic,female,1400122,citymun,0,,,false,1400122000,San Juan,direct
fic,total,1400123,citymun,59,96,61.458333333333336,false,1400123000,San Quintin,direct
fic,male,1400123,citymun,35,,,false,1400123000,San Quintin,direct
fic,female,1400123,citymun,24,,,false,1400123000,San Quintin,direct
cic,total,1400123,citymun,1,23,4.3478260869565215,false,1400123000,San Quintin,direct
cic,male,1400123,citymun,1,,,false,1400123000,San Quintin,direct
cic,female,1400123,citymun,0,,,false,1400123000,San Quintin,direct
fic,total,1400124,citymun,128,237,54.008438818565395,false,1400124000,Tayum,direct
fic,male,1400124,citymun,67,,,false,1400124000,Tayum,direct
fic,female,1400124,citymun,61,,,false,1400124000,Tayum,direct
cic,total,1400124,citymun,0,113,0.0,false,1400124000,Tayum,direct
cic,male,1400124,citymun,0,,,false,1400124000,Tayum,direct
cic,female,1400124,citymun,0,,,false,1400124000,Tayum,direct
fic,total,1400125,citymun,59,96,61.458333333333336,false,1400125000,Tineg,direct
fic,male,1400125,citymun,28,,,false,1400125000,Tineg,direct
fic,female,1400125,citymun,31,,,false,1400125000,Tineg,direct
cic,total,1400125,citymun,1,36,2.7777777777777777,false,1400125000,Tineg,direct
cic,male,1400125,citymun,1,,,false,1400125000,Tineg,direct
cic,female,1400125,citymun,0,,,false,1400125000,Tineg,direct
fic,total,1400126,citymun,43,66,65.15151515151516,false,1400126000,Tubo,direct
fic,male,1400126,citymun,24,,,false,1400126000,Tubo,direct
fic,female,1400126,citymun,19,,,false,1400126000,Tubo,direct
cic,total,1400126,citymun,0,0,0.0,false,1400126000,Tubo,direct
cic,male,1400126,citymun,0,,,false,1400126000,Tubo,direct
cic,female,1400126,citymun,0,,,false,1400126000,Tubo,direct
fic,total,1400127,citymun,64,91,70.32967032967034,false,1400127000,Villaviciosa,direct
fic,male,1400127,citymun,37,,,false,1400127000,Villaviciosa,direct
fic,female,1400127,citymun,27,,,false,1400127000,Villaviciosa,direct
cic,total,1400127,citymun,0,27,0.0,false,1400127000,Villaviciosa,direct
cic,male,1400127,citymun,0,,,false,1400127000,Villaviciosa,direct
cic,female,1400127,citymun,0,,,false,1400127000,Villaviciosa,direct
fic,total,14011,province,4512,9666,46.67908131595283,false,1401100000,Benguet,direct
fic,male,14011,province,2323,,,false,1401100000,Benguet,direct
fic,female,14011,province,2189,,,false,1401100000,Benguet,direct
cic,total,14011,province,573,4686,12.227912932138283,false,1401100000,Benguet,direct
cic,male,14011,province,299,,,false,1401100000,Benguet,direct
cic,female,14011,province,274,,,false,1401100000,Benguet,direct
fic,total,1401101,citymun,194,364,53.2967032967033,false,1401101000,Atok,direct
fic,male,1401101,citymun,97,,,false,1401101000,Atok,direct
fic,female,1401101,citymun,97,,,false,1401101000,Atok,direct
cic,total,1401101,citymun,5,174,2.8735632183908044,false,1401101000,Atok,direct
cic,male,1401101,citymun,3,,,false,1401101000,Atok,direct
cic,female,1401101,citymun,2,,,false,1401101000,Atok,direct
fic,total,1401103,citymun,145,326,44.47852760736196,false,1401103000,Bakun,direct
fic,male,1401103,citymun,79,,,false,1401103000,Bakun,direct
fic,female,1401103,citymun,66,,,false,1401103000,Bakun,direct
cic,total,1401103,citymun,9,169,5.325443786982249,false,1401103000,Bakun,direct
cic,male,1401103,citymun,4,,,false,1401103000,Bakun,direct
cic,female,1401103,citymun,5,,,false,1401103000,Bakun,direct
fic,total,1401104,citymun,187,317,58.99053627760252,false,1401104000,Bokod,direct
fic,male,1401104,citymun,105,,,false,1401104000,Bokod,direct
fic,female,1401104,citymun,82,,,false,1401104000,Bokod,direct
cic,total,1401104,citymun,1,136,0.7352941176470588,false,1401104000,Bokod,direct
cic,male,1401104,citymun,0,,,false,1401104000,Bokod,direct
cic,female,1401104,citymun,1,,,false,1401104000,Bokod,direct
fic,total,1401105,citymun,507,1045,48.516746411483254,false,1401105000,Buguias,direct
fic,male,1401105,citymun,280,,,false,1401105000,Buguias,direct
fic,female,1401105,citymun,227,,,false,1401105000,Buguias,direct
cic,total,1401105,citymun,12,477,2.515723270440252,false,1401105000,Buguias,direct
cic,male,1401105,citymun,3,,,false,1401105000,Buguias,direct
cic,female,1401105,citymun,9,,,false,1401105000,Buguias,direct
fic,total,1401106,citymun,363,1208,30.049668874172188,false,1401106000,Itogon,direct
fic,male,1401106,citymun,193,,,false,1401106000,Itogon,direct
fic,female,1401106,citymun,170,,,false,1401106000,Itogon,direct
cic,total,1401106,citymun,91,746,12.198391420911529,false,1401106000,Itogon,direct
cic,male,1401106,citymun,50,,,false,1401106000,Itogon,direct
cic,female,1401106,citymun,41,,,false,1401106000,Itogon,direct
fic,total,1401107,citymun,180,340,52.94117647058824,false,1401107000,Kabayan,direct
fic,male,1401107,citymun,74,,,false,1401107000,Kabayan,direct
fic,female,1401107,citymun,106,,,false,1401107000,Kabayan,direct
cic,total,1401107,citymun,18,132,13.636363636363635,false,1401107000,Kabayan,direct
cic,male,1401107,citymun,12,,,false,1401107000,Kabayan,direct
cic,female,1401107,citymun,6,,,false,1401107000,Kabayan,direct
fic,total,1401108,citymun,189,294,64.28571428571429,false,1401108000,Kapangan,direct
fic,male,1401108,citymun,89,,,false,1401108000,Kapangan,direct
fic,female,1401108,citymun,100,,,false,1401108000,Kapangan,direct
cic,total,1401108,citymun,4,117,3.418803418803419,false,1401108000,Kapangan,direct
cic,male,1401108,citymun,2,,,false,1401108000,Kapangan,direct
cic,female,1401108,citymun,2,,,false,1401108000,Kapangan,direct
fic,total,1401109,citymun,171,411,41.605839416058394,false,1401109000,Kibungan,direct
fic,male,1401109,citymun,81,,,false,1401109000,Kibungan,direct
fic,female,1401109,citymun,90,,,false,1401109000,Kibungan,direct
cic,total,1401109,citymun,16,207,7.729468599033816,false,1401109000,Kibungan,direct
cic,male,1401109,citymun,9,,,false,1401109000,Kibungan,direct
cic,female,1401109,citymun,7,,,false,1401109000,Kibungan,direct
fic,total,1401110,citymun,1150,2934,39.19563735514656,false,1401110000,La Trinidad,direct
fic,male,1401110,citymun,568,,,false,1401110000,La Trinidad,direct
fic,female,1401110,citymun,582,,,false,1401110000,La Trinidad,direct
cic,total,1401110,citymun,294,1465,20.06825938566553,false,1401110000,La Trinidad,direct
cic,male,1401110,citymun,153,,,false,1401110000,La Trinidad,direct
cic,female,1401110,citymun,141,,,false,1401110000,La Trinidad,direct
fic,total,1401111,citymun,540,936,57.692307692307686,false,1401111000,Mankayan,direct
fic,male,1401111,citymun,288,,,false,1401111000,Mankayan,direct
fic,female,1401111,citymun,252,,,false,1401111000,Mankayan,direct
cic,total,1401111,citymun,19,427,4.449648711943794,false,1401111000,Mankayan,direct
cic,male,1401111,citymun,11,,,false,1401111000,Mankayan,direct
cic,female,1401111,citymun,8,,,false,1401111000,Mankayan,direct
fic,total,1401112,citymun,93,182,51.098901098901095,false,1401112000,Sablan,direct
fic,male,1401112,citymun,49,,,false,1401112000,Sablan,direct
fic,female,1401112,citymun,44,,,false,1401112000,Sablan,direct
cic,total,1401112,citymun,3,63,4.761904761904762,false,1401112000,Sablan,direct
cic,male,1401112,citymun,2,,,false,1401112000,Sablan,direct
cic,female,1401112,citymun,1,,,false,1401112000,Sablan,direct
fic,total,1401113,citymun,470,911,51.591657519209654,false,1401113000,Tuba,direct
fic,male,1401113,citymun,234,,,false,1401113000,Tuba,direct
fic,female,1401113,citymun,236,,,false,1401113000,Tuba,direct
cic,total,1401113,citymun,101,532,18.984962406015036,false,1401113000,Tuba,direct
cic,male,1401113,citymun,50,,,false,1401113000,Tuba,direct
cic,female,1401113,citymun,51,,,false,1401113000,Tuba,direct
fic,total,1401114,citymun,323,398,81.15577889447236,false,1401114000,Tublay,direct
fic,male,1401114,citymun,186,,,false,1401114000,Tublay,direct
fic,female,1401114,citymun,137,,,false,1401114000,Tublay,direct
cic,total,1401114,citymun,0,41,0.0,false,1401114000,Tublay,direct
cic,male,1401114,citymun,0,,,false,1401114000,Tublay,direct
cic,female,1401114,citymun,0,,,false,1401114000,Tublay,direct
fic,total,14027,province,2396,4502,53.22079075966237,false,1402700000,Ifugao,direct
fic,male,14027,province,1228,,,false,1402700000,Ifugao,direct
fic,female,14027,province,1168,,,false,1402700000,Ifugao,direct
cic,total,14027,province,184,1516,12.137203166226913,false,1402700000,Ifugao,direct
cic,male,14027,province,96,,,false,1402700000,Ifugao,direct
cic,female,14027,province,88,,,false,1402700000,Ifugao,direct
fic,total,1402701,citymun,160,368,43.47826086956522,false,1402701000,Banaue,direct
fic,male,1402701,citymun,79,,,false,1402701000,Banaue,direct
fic,female,1402701,citymun,81,,,false,1402701000,Banaue,direct
cic,total,1402701,citymun,53,145,36.55172413793103,false,1402701000,Banaue,direct
cic,male,1402701,citymun,29,,,false,1402701000,Banaue,direct
cic,female,1402701,citymun,24,,,false,1402701000,Banaue,direct
fic,total,1402702,citymun,76,187,40.64171122994652,false,1402702000,Hungduan,direct
fic,male,1402702,citymun,42,,,false,1402702000,Hungduan,direct
fic,female,1402702,citymun,34,,,false,1402702000,Hungduan,direct
cic,total,1402702,citymun,2,90,2.2222222222222223,false,1402702000,Hungduan,direct
cic,male,1402702,citymun,2,,,false,1402702000,Hungduan,direct
cic,female,1402702,citymun,0,,,false,1402702000,Hungduan,direct
fic,total,1402703,citymun,212,336,63.095238095238095,false,1402703000,Kiangan,direct
fic,male,1402703,citymun,117,,,false,1402703000,Kiangan,direct
fic,female,1402703,citymun,95,,,false,1402703000,Kiangan,direct
cic,total,1402703,citymun,6,102,5.88235294117647,false,1402703000,Kiangan,direct
cic,male,1402703,citymun,5,,,false,1402703000,Kiangan,direct
cic,female,1402703,citymun,1,,,false,1402703000,Kiangan,direct
fic,total,1402704,citymun,209,373,56.03217158176944,false,1402704000,Lagawe,direct
fic,male,1402704,citymun,114,,,false,1402704000,Lagawe,direct
fic,female,1402704,citymun,95,,,false,1402704000,Lagawe,direct
cic,total,1402704,citymun,17,124,13.709677419354838,false,1402704000,Lagawe,direct
cic,male,1402704,citymun,10,,,false,1402704000,Lagawe,direct
cic,female,1402704,citymun,7,,,false,1402704000,Lagawe,direct
fic,total,1402705,citymun,337,531,63.465160075329564,false,1402705000,Lamut,direct
fic,male,1402705,citymun,174,,,false,1402705000,Lamut,direct
fic,female,1402705,citymun,163,,,false,1402705000,Lamut,direct
cic,total,1402705,citymun,40,152,26.31578947368421,false,1402705000,Lamut,direct
cic,male,1402705,citymun,16,,,false,1402705000,Lamut,direct
cic,female,1402705,citymun,24,,,false,1402705000,Lamut,direct
fic,total,1402706,citymun,132,320,41.25,false,1402706000,Mayoyao,direct
fic,male,1402706,citymun,55,,,false,1402706000,Mayoyao,direct
fic,female,1402706,citymun,77,,,false,1402706000,Mayoyao,direct
cic,total,1402706,citymun,5,178,2.8089887640449436,false,1402706000,Mayoyao,direct
cic,male,1402706,citymun,3,,,false,1402706000,Mayoyao,direct
cic,female,1402706,citymun,2,,,false,1402706000,Mayoyao,direct
fic,total,1402707,citymun,458,705,64.9645390070922,false,1402707000,Alfonso Lista,direct
fic,male,1402707,citymun,255,,,false,1402707000,Alfonso Lista,direct
fic,female,1402707,citymun,203,,,false,1402707000,Alfonso Lista,direct
cic,total,1402707,citymun,6,117,5.128205128205128,false,1402707000,Alfonso Lista,direct
cic,male,1402707,citymun,5,,,false,1402707000,Alfonso Lista,direct
cic,female,1402707,citymun,1,,,false,1402707000,Alfonso Lista,direct
fic,total,1402708,citymun,236,556,42.44604316546763,false,1402708000,Aguinaldo,direct
fic,male,1402708,citymun,116,,,false,1402708000,Aguinaldo,direct
fic,female,1402708,citymun,120,,,false,1402708000,Aguinaldo,direct
cic,total,1402708,citymun,20,193,10.362694300518134,false,1402708000,Aguinaldo,direct
cic,male,1402708,citymun,11,,,false,1402708000,Aguinaldo,direct
cic,female,1402708,citymun,9,,,false,1402708000,Aguinaldo,direct
fic,total,1402709,citymun,90,174,51.724137931034484,false,1402709000,Hingyon,direct
fic,male,1402709,citymun,44,,,false,1402709000,Hingyon,direct
fic,female,1402709,citymun,46,,,false,1402709000,Hingyon,direct
cic,total,1402709,citymun,7,68,10.294117647058822,false,1402709000,Hingyon,direct
cic,male,1402709,citymun,3,,,false,1402709000,Hingyon,direct
cic,female,1402709,citymun,4,,,false,1402709000,Hingyon,direct
fic,total,1402710,citymun,231,484,47.72727272727273,false,1402710000,Tinoc,direct
fic,male,1402710,citymun,120,,,false,1402710000,Tinoc,direct
fic,female,1402710,citymun,111,,,false,1402710000,Tinoc,direct
cic,total,1402710,citymun,28,132,21.21212121212121,false,1402710000,Tinoc,direct
cic,male,1402710,citymun,12,,,false,1402710000,Tinoc,direct
cic,female,1402710,citymun,16,,,false,1402710000,Tinoc,direct
fic,total,1402711,citymun,255,468,54.48717948717948,false,1402711000,Asipulo,direct
fic,male,1402711,citymun,112,,,false,1402711000,Asipulo,direct
fic,female,1402711,citymun,143,,,false,1402711000,Asipulo,direct
cic,total,1402711,citymun,0,215,0.0,false,1402711000,Asipulo,direct
cic,male,1402711,citymun,0,,,false,1402711000,Asipulo,direct
cic,female,1402711,citymun,0,,,false,1402711000,Asipulo,direct
fic,total,14032,province,3747,4979,75.25607551717212,false,1403200000,Kalinga,direct
fic,male,14032,province,2018,,,false,1403200000,Kalinga,direct
fic,female,14032,province,1729,,,false,1403200000,Kalinga,direct
cic,total,14032,province,18,906,1.9867549668874174,false,1403200000,Kalinga,direct
cic,male,14032,province,9,,,false,1403200000,Kalinga,direct
cic,female,14032,province,9,,,false,1403200000,Kalinga,direct
fic,total,1403201,citymun,145,198,73.23232323232324,false,1403201000,Balbalan,direct
fic,male,1403201,citymun,67,,,false,1403201000,Balbalan,direct
fic,female,1403201,citymun,78,,,false,1403201000,Balbalan,direct
cic,total,1403201,citymun,5,46,10.869565217391305,false,1403201000,Balbalan,direct
cic,male,1403201,citymun,3,,,false,1403201000,Balbalan,direct
cic,female,1403201,citymun,2,,,false,1403201000,Balbalan,direct
fic,total,1403206,citymun,156,181,86.1878453038674,false,1403206000,Lubuagan,direct
fic,male,1403206,citymun,97,,,false,1403206000,Lubuagan,direct
fic,female,1403206,citymun,59,,,false,1403206000,Lubuagan,direct
cic,total,1403206,citymun,0,51,0.0,false,1403206000,Lubuagan,direct
cic,male,1403206,citymun,0,,,false,1403206000,Lubuagan,direct
cic,female,1403206,citymun,0,,,false,1403206000,Lubuagan,direct
fic,total,1403208,citymun,108,207,52.17391304347826,false,1403208000,Pasil,direct
fic,male,1403208,citymun,51,,,false,1403208000,Pasil,direct
fic,female,1403208,citymun,57,,,false,1403208000,Pasil,direct
cic,total,1403208,citymun,0,86,0.0,false,1403208000,Pasil,direct
cic,male,1403208,citymun,0,,,false,1403208000,Pasil,direct
cic,female,1403208,citymun,0,,,false,1403208000,Pasil,direct
fic,total,1403209,citymun,502,739,67.9296346414073,false,1403209000,Pinukpuk,direct
fic,male,1403209,citymun,263,,,false,1403209000,Pinukpuk,direct
fic,female,1403209,citymun,239,,,false,1403209000,Pinukpuk,direct
cic,total,1403209,citymun,0,351,0.0,false,1403209000,Pinukpuk,direct
cic,male,1403209,citymun,0,,,false,1403209000,Pinukpuk,direct
cic,female,1403209,citymun,0,,,false,1403209000,Pinukpuk,direct
fic,total,1403211,citymun,273,419,65.15513126491646,false,1403211000,Rizal,direct
fic,male,1403211,citymun,163,,,false,1403211000,Rizal,direct
fic,female,1403211,citymun,110,,,false,1403211000,Rizal,direct
cic,total,1403211,citymun,0,121,0.0,false,1403211000,Rizal,direct
cic,male,1403211,citymun,0,,,false,1403211000,Rizal,direct
cic,female,1403211,citymun,0,,,false,1403211000,Rizal,direct
fic,total,1403213,citymun,2328,2809,82.87646849412602,false,1403213000,City of Tabuk,direct
fic,male,1403213,citymun,1251,,,false,1403213000,City of Tabuk,direct
fic,female,1403213,citymun,1077,,,false,1403213000,City of Tabuk,direct
cic,total,1403213,citymun,0,106,0.0,false,1403213000,City of Tabuk,direct
cic,male,1403213,citymun,0,,,false,1403213000,City of Tabuk,direct
cic,female,1403213,citymun,0,,,false,1403213000,City of Tabuk,direct
fic,total,1403214,citymun,103,151,68.21192052980133,false,1403214000,Tanudan,direct
fic,male,1403214,citymun,53,,,false,1403214000,Tanudan,direct
fic,female,1403214,citymun,50,,,false,1403214000,Tanudan,direct
cic,total,1403214,citymun,4,23,17.391304347826086,false,1403214000,Tanudan,direct
cic,male,1403214,citymun,2,,,false,1403214000,Tanudan,direct
cic,female,1403214,citymun,2,,,false,1403214000,Tanudan,direct
fic,total,1403215,citymun,132,275,48.0,false,1403215000,Tinglayan,direct
fic,male,1403215,citymun,73,,,false,1403215000,Tinglayan,direct
fic,female,1403215,citymun,59,,,false,1403215000,Tinglayan,direct
cic,total,1403215,citymun,9,122,7.377049180327869,false,1403215000,Tinglayan,direct
cic,male,1403215,citymun,4,,,false,1403215000,Tinglayan,direct
cic,female,1403215,citymun,5,,,false,1403215000,Tinglayan,direct
fic,total,14044,province,1875,2838,66.06765327695561,false,1404400000,Mountain Province,direct
fic,male,14044,province,990,,,false,1404400000,Mountain Province,direct
fic,female,14044,province,885,,,false,1404400000,Mountain Province,direct
cic,total,14044,province,60,820,7.317073170731707,false,1404400000,Mountain Province,direct
cic,male,14044,province,35,,,false,1404400000,Mountain Province,direct
cic,female,14044,province,25,,,false,1404400000,Mountain Province,direct
fic,total,1404401,citymun,41,81,50.617283950617285,false,1404401000,Barlig,direct
fic,male,1404401,citymun,19,,,false,1404401000,Barlig,direct
fic,female,1404401,citymun,22,,,false,1404401000,Barlig,direct
cic,total,1404401,citymun,2,33,6.0606060606060606,false,1404401000,Barlig,direct
cic,male,1404401,citymun,2,,,false,1404401000,Barlig,direct
cic,female,1404401,citymun,0,,,false,1404401000,Barlig,direct
fic,total,1404402,citymun,515,605,85.12396694214877,false,1404402000,Bauko,direct
fic,male,1404402,citymun,277,,,false,1404402000,Bauko,direct
fic,female,1404402,citymun,238,,,false,1404402000,Bauko,direct
cic,total,1404402,citymun,1,78,1.282051282051282,false,1404402000,Bauko,direct
cic,male,1404402,citymun,0,,,false,1404402000,Bauko,direct
cic,female,1404402,citymun,1,,,false,1404402000,Bauko,direct
fic,total,1404403,citymun,76,124,61.29032258064516,false,1404403000,Besao,direct
fic,male,1404403,citymun,42,,,false,1404403000,Besao,direct
fic,female,1404403,citymun,34,,,false,1404403000,Besao,direct
cic,total,1404403,citymun,1,50,2.0,false,1404403000,Besao,direct
cic,male,1404403,citymun,1,,,false,1404403000,Besao,direct
cic,female,1404403,citymun,0,,,false,1404403000,Besao,direct
fic,total,1404404,citymun,273,405,67.4074074074074,false,1404404000,Bontoc,direct
fic,male,1404404,citymun,145,,,false,1404404000,Bontoc,direct
fic,female,1404404,citymun,128,,,false,1404404000,Bontoc,direct
cic,total,1404404,citymun,2,109,1.834862385321101,false,1404404000,Bontoc,direct
cic,male,1404404,citymun,2,,,false,1404404000,Bontoc,direct
cic,female,1404404,citymun,0,,,false,1404404000,Bontoc,direct
fic,total,1404405,citymun,135,183,73.77049180327869,false,1404405000,Natonin,direct
fic,male,1404405,citymun,84,,,false,1404405000,Natonin,direct
fic,female,1404405,citymun,51,,,false,1404405000,Natonin,direct
cic,total,1404405,citymun,12,47,25.53191489361702,false,1404405000,Natonin,direct
cic,male,1404405,citymun,5,,,false,1404405000,Natonin,direct
cic,female,1404405,citymun,7,,,false,1404405000,Natonin,direct
fic,total,1404406,citymun,332,712,46.62921348314607,false,1404406000,Paracelis,direct
fic,male,1404406,citymun,163,,,false,1404406000,Paracelis,direct
fic,female,1404406,citymun,169,,,false,1404406000,Paracelis,direct
cic,total,1404406,citymun,37,298,12.416107382550337,false,1404406000,Paracelis,direct
cic,male,1404406,citymun,22,,,false,1404406000,Paracelis,direct
cic,female,1404406,citymun,15,,,false,1404406000,Paracelis,direct
fic,total,1404407,citymun,114,160,71.25,false,1404407000,Sabangan,direct
fic,male,1404407,citymun,57,,,false,1404407000,Sabangan,direct
fic,female,1404407,citymun,57,,,false,1404407000,Sabangan,direct
cic,total,1404407,citymun,0,66,0.0,false,1404407000,Sabangan,direct
cic,male,1404407,citymun,0,,,false,1404407000,Sabangan,direct
cic,female,1404407,citymun,0,,,false,1404407000,Sabangan,direct
fic,total,1404408,citymun,85,125,68.0,false,1404408000,Sadanga,direct
fic,male,1404408,citymun,44,,,false,1404408000,Sadanga,direct
fic,female,1404408,citymun,41,,,false,1404408000,Sadanga,direct
cic,total,1404408,citymun,1,2,50.0,false,1404408000,Sadanga,direct
cic,male,1404408,citymun,0,,,false,1404408000,Sadanga,direct
cic,female,1404408,citymun,1,,,false,1404408000,Sadanga,direct
fic,total,1404409,citymun,113,168,67.26190476190477,false,1404409000,Sagada,direct
fic,male,1404409,citymun,57,,,false,1404409000,Sagada,direct
fic,female,1404409,citymun,56,,,false,1404409000,Sagada,direct
cic,total,1404409,citymun,2,64,3.125,false,1404409000,Sagada,direct
cic,male,1404409,citymun,1,,,false,1404409000,Sagada,direct
cic,female,1404409,citymun,1,,,false,1404409000,Sagada,direct
fic,total,1404410,citymun,191,275,69.45454545454545,false,1404410000,Tadian,direct
fic,male,1404410,citymun,102,,,false,1404410000,Tadian,direct
fic,female,1404410,citymun,89,,,false,1404410000,Tadian,direct
cic,total,1404410,citymun,2,73,2.73972602739726,false,1404410000,Tadian,direct
cic,male,1404410,citymun,2,,,false,1404410000,Tadian,direct
cic,female,1404410,citymun,0,,,false,1404410000,Tadian,direct
fic,total,14081,province,1518,2416,62.831125827814574,false,1408100000,Apayao,direct
fic,male,14081,province,750,,,false,1408100000,Apayao,direct
fic,female,14081,province,768,,,false,1408100000,Apayao,direct
cic,total,14081,province,64,689,9.288824383164005,false,1408100000,Apayao,direct
cic,male,14081,province,32,,,false,1408100000,Apayao,direct
cic,female,14081,province,32,,,false,1408100000,Apayao,direct
fic,total,1408101,citymun,133,215,61.86046511627907,false,1408101000,Calanasan,direct
fic,male,1408101,citymun,70,,,false,1408101000,Calanasan,direct
fic,female,1408101,citymun,63,,,false,1408101000,Calanasan,direct
cic,total,1408101,citymun,2,62,3.225806451612903,false,1408101000,Calanasan,direct
cic,male,1408101,citymun,1,,,false,1408101000,Calanasan,direct
cic,female,1408101,citymun,1,,,false,1408101000,Calanasan,direct
fic,total,1408102,citymun,318,621,51.20772946859904,false,1408102000,Conner,direct
fic,male,1408102,citymun,145,,,false,1408102000,Conner,direct
fic,female,1408102,citymun,173,,,false,1408102000,Conner,direct
cic,total,1408102,citymun,44,229,19.213973799126638,false,1408102000,Conner,direct
cic,male,1408102,citymun,22,,,false,1408102000,Conner,direct
cic,female,1408102,citymun,22,,,false,1408102000,Conner,direct
fic,total,1408103,citymun,186,351,52.991452991452995,false,1408103000,Flora,direct
fic,male,1408103,citymun,82,,,false,1408103000,Flora,direct
fic,female,1408103,citymun,104,,,false,1408103000,Flora,direct
cic,total,1408103,citymun,5,146,3.4246575342465753,false,1408103000,Flora,direct
cic,male,1408103,citymun,4,,,false,1408103000,Flora,direct
cic,female,1408103,citymun,1,,,false,1408103000,Flora,direct
fic,total,1408104,citymun,222,291,76.28865979381443,false,1408104000,Kabugao,direct
fic,male,1408104,citymun,121,,,false,1408104000,Kabugao,direct
fic,female,1408104,citymun,101,,,false,1408104000,Kabugao,direct
cic,total,1408104,citymun,13,39,33.33333333333333,false,1408104000,Kabugao,direct
cic,male,1408104,citymun,5,,,false,1408104000,Kabugao,direct
cic,female,1408104,citymun,8,,,false,1408104000,Kabugao,direct
fic,total,1408105,citymun,289,440,65.68181818181819,false,1408105000,Luna,direct
fic,male,1408105,citymun,147,,,false,1408105000,Luna,direct
fic,female,1408105,citymun,142,,,false,1408105000,Luna,direct
cic,total,1408105,citymun,0,162,0.0,false,1408105000,Luna,direct
cic,male,1408105,citymun,0,,,false,1408105000,Luna,direct
cic,female,1408105,citymun,0,,,false,1408105000,Luna,direct
fic,total,1408106,citymun,211,266,79.32330827067669,false,1408106000,Pudtol,direct
fic,male,1408106,citymun,104,,,false,1408106000,Pudtol,direct
fic,female,1408106,citymun,107,,,false,1408106000,Pudtol,direct
cic,total,1408106,citymun,0,18,0.0,false,1408106000,Pudtol,direct
cic,male,1408106,citymun,0,,,false,1408106000,Pudtol,direct
cic,female,1408106,citymun,0,,,false,1408106000,Pudtol,direct
fic,total,1408107,citymun,159,232,68.53448275862068,false,1408107000,Santa Marcela,direct
fic,male,1408107,citymun,81,,,false,1408107000,Santa Marcela,direct
fic,female,1408107,citymun,78,,,false,1408107000,Santa Marcela,direct
cic,total,1408107,citymun,0,33,0.0,false,1408107000,Santa Marcela,direct
cic,male,1408107,citymun,0,,,false,1408107000,Santa Marcela,direct
cic,female,1408107,citymun,0,,,false,1408107000,Santa Marcela,direct
fic,total,14303,province,3476,5847,59.449290234308194,false,1430300000,City of Baguio,direct
fic,male,14303,province,1763,,,false,1430300000,City of Baguio,direct
fic,female,14303,province,1713,,,false,1430300000,City of Baguio,direct
cic,total,14303,province,562,2156,26.066790352504636,false,1430300000,City of Baguio,direct
cic,male,14303,province,297,,,false,1430300000,City of Baguio,direct
cic,female,14303,province,265,,,false,1430300000,City of Baguio,direct
fic,total,01,region,77027,104281,73.86484594509068,false,0100000000,Region 1,direct
fic,male,01,region,39442,,,false,0100000000,Region 1,direct
fic,female,01,region,37585,,,false,0100000000,Region 1,direct
cic,total,01,region,880,25963,3.389438816777722,false,0100000000,Region 1,direct
cic,male,01,region,481,,,false,0100000000,Region 1,direct
cic,female,01,region,399,,,false,0100000000,Region 1,direct
fic,total,01028,province,8688,9590,90.59436913451512,false,0102800000,Ilocos Norte,direct
fic,male,01028,province,4345,,,false,0102800000,Ilocos Norte,direct
fic,female,01028,province,4343,,,false,0102800000,Ilocos Norte,direct
cic,total,01028,province,3,870,0.3448275862068966,false,0102800000,Ilocos Norte,direct
cic,male,01028,province,2,,,false,0102800000,Ilocos Norte,direct
cic,female,01028,province,1,,,false,0102800000,Ilocos Norte,direct
fic,total,0102801,citymun,17,59,28.8135593220339,false,0102801000,Adams,direct
fic,male,0102801,citymun,8,,,false,0102801000,Adams,direct
fic,female,0102801,citymun,9,,,false,0102801000,Adams,direct
cic,total,0102801,citymun,0,39,0.0,false,0102801000,Adams,direct
cic,male,0102801,citymun,0,,,false,0102801000,Adams,direct
cic,female,0102801,citymun,0,,,false,0102801000,Adams,direct
fic,total,0102802,citymun,448,472,94.91525423728814,false,0102802000,Bacarra,direct
fic,male,0102802,citymun,226,,,false,0102802000,Bacarra,direct
fic,female,0102802,citymun,222,,,false,0102802000,Bacarra,direct
cic,total,0102802,citymun,0,105,0.0,false,0102802000,Bacarra,direct
cic,male,0102802,citymun,0,,,false,0102802000,Bacarra,direct
cic,female,0102802,citymun,0,,,false,0102802000,Bacarra,direct
fic,total,0102803,citymun,367,467,78.58672376873662,false,0102803000,Badoc,direct
fic,male,0102803,citymun,187,,,false,0102803000,Badoc,direct
fic,female,0102803,citymun,180,,,false,0102803000,Badoc,direct
cic,total,0102803,citymun,0,86,0.0,false,0102803000,Badoc,direct
cic,male,0102803,citymun,0,,,false,0102803000,Badoc,direct
cic,female,0102803,citymun,0,,,false,0102803000,Badoc,direct
fic,total,0102804,citymun,162,189,85.71428571428571,false,0102804000,Bangui,direct
fic,male,0102804,citymun,76,,,false,0102804000,Bangui,direct
fic,female,0102804,citymun,86,,,false,0102804000,Bangui,direct
cic,total,0102804,citymun,0,-11,0.0,false,0102804000,Bangui,direct
cic,male,0102804,citymun,0,,,false,0102804000,Bangui,direct
cic,female,0102804,citymun,0,,,false,0102804000,Bangui,direct
fic,total,0102805,citymun,667,874,76.31578947368422,false,0102805000,City of Batac,direct
fic,male,0102805,citymun,339,,,false,0102805000,City of Batac,direct
fic,female,0102805,citymun,328,,,false,0102805000,City of Batac,direct
cic,total,0102805,citymun,0,98,0.0,false,0102805000,City of Batac,direct
cic,male,0102805,citymun,0,,,false,0102805000,City of Batac,direct
cic,female,0102805,citymun,0,,,false,0102805000,City of Batac,direct
fic,total,0102806,citymun,115,146,78.76712328767124,false,0102806000,Burgos,direct
fic,male,0102806,citymun,50,,,false,0102806000,Burgos,direct
fic,female,0102806,citymun,65,,,false,0102806000,Burgos,direct
cic,total,0102806,citymun,0,33,0.0,false,0102806000,Burgos,direct
cic,male,0102806,citymun,0,,,false,0102806000,Burgos,direct
cic,female,0102806,citymun,0,,,false,0102806000,Burgos,direct
fic,total,0102807,citymun,18,31,58.06451612903226,false,0102807000,Carasi,direct
fic,male,0102807,citymun,7,,,false,0102807000,Carasi,direct
fic,female,0102807,citymun,11,,,false,0102807000,Carasi,direct
cic,total,0102807,citymun,0,7,0.0,false,0102807000,Carasi,direct
cic,male,0102807,citymun,0,,,false,0102807000,Carasi,direct
cic,female,0102807,citymun,0,,,false,0102807000,Carasi,direct
fic,total,0102808,citymun,198,179,110.6145251396648,true,0102808000,Currimao,direct
fic,male,0102808,citymun,100,,,false,0102808000,Currimao,direct
fic,female,0102808,citymun,98,,,false,0102808000,Currimao,direct
cic,total,0102808,citymun,0,8,0.0,false,0102808000,Currimao,direct
cic,male,0102808,citymun,0,,,false,0102808000,Currimao,direct
cic,female,0102808,citymun,0,,,false,0102808000,Currimao,direct
fic,total,0102809,citymun,736,667,110.34482758620689,true,0102809000,Dingras,direct
fic,male,0102809,citymun,370,,,false,0102809000,Dingras,direct
fic,female,0102809,citymun,366,,,false,0102809000,Dingras,direct
cic,total,0102809,citymun,0,-35,0.0,false,0102809000,Dingras,direct
cic,male,0102809,citymun,0,,,false,0102809000,Dingras,direct
cic,female,0102809,citymun,0,,,false,0102809000,Dingras,direct
fic,total,0102810,citymun,37,56,66.07142857142857,false,0102810000,Dumalneg,direct
fic,male,0102810,citymun,21,,,false,0102810000,Dumalneg,direct
fic,female,0102810,citymun,16,,,false,0102810000,Dumalneg,direct
cic,total,0102810,citymun,0,2,0.0,false,0102810000,Dumalneg,direct
cic,male,0102810,citymun,0,,,false,0102810000,Dumalneg,direct
cic,female,0102810,citymun,0,,,false,0102810000,Dumalneg,direct
fic,total,0102811,citymun,202,257,78.59922178988327,false,0102811000,Banna,direct
fic,male,0102811,citymun,102,,,false,0102811000,Banna,direct
fic,female,0102811,citymun,100,,,false,0102811000,Banna,direct
cic,total,0102811,citymun,0,39,0.0,false,0102811000,Banna,direct
cic,male,0102811,citymun,0,,,false,0102811000,Banna,direct
cic,female,0102811,citymun,0,,,false,0102811000,Banna,direct
fic,total,0102812,citymun,1985,1965,101.01781170483461,true,0102812000,City of Laoag,direct
fic,male,0102812,citymun,979,,,false,0102812000,City of Laoag,direct
fic,female,0102812,citymun,1006,,,false,0102812000,City of Laoag,direct
cic,total,0102812,citymun,3,59,5.084745762711865,false,0102812000,City of Laoag,direct
cic,male,0102812,citymun,2,,,false,0102812000,City of Laoag,direct
cic,female,0102812,citymun,1,,,false,0102812000,City of Laoag,direct
fic,total,0102813,citymun,245,310,79.03225806451613,false,0102813000,Marcos,direct
fic,male,0102813,citymun,130,,,false,0102813000,Marcos,direct
fic,female,0102813,citymun,115,,,false,0102813000,Marcos,direct
cic,total,0102813,citymun,0,33,0.0,false,0102813000,Marcos,direct
cic,male,0102813,citymun,0,,,false,0102813000,Marcos,direct
cic,female,0102813,citymun,0,,,false,0102813000,Marcos,direct
fic,total,0102814,citymun,237,247,95.95141700404858,false,0102814000,Nueva Era,direct
fic,male,0102814,citymun,121,,,false,0102814000,Nueva Era,direct
fic,female,0102814,citymun,116,,,false,0102814000,Nueva Era,direct
cic,total,0102814,citymun,0,12,0.0,false,0102814000,Nueva Era,direct
cic,male,0102814,citymun,0,,,false,0102814000,Nueva Era,direct
cic,female,0102814,citymun,0,,,false,0102814000,Nueva Era,direct
fic,total,0102815,citymun,330,430,76.74418604651163,false,0102815000,Pagudpud,direct
fic,male,0102815,citymun,159,,,false,0102815000,Pagudpud,direct
fic,female,0102815,citymun,171,,,false,0102815000,Pagudpud,direct
cic,total,0102815,citymun,0,65,0.0,false,0102815000,Pagudpud,direct
cic,male,0102815,citymun,0,,,false,0102815000,Pagudpud,direct
cic,female,0102815,citymun,0,,,false,0102815000,Pagudpud,direct
fic,total,0102816,citymun,338,342,98.83040935672514,false,0102816000,Paoay,direct
fic,male,0102816,citymun,166,,,false,0102816000,Paoay,direct
fic,female,0102816,citymun,172,,,false,0102816000,Paoay,direct
cic,total,0102816,citymun,0,54,0.0,false,0102816000,Paoay,direct
cic,male,0102816,citymun,0,,,false,0102816000,Paoay,direct
cic,female,0102816,citymun,0,,,false,0102816000,Paoay,direct
fic,total,0102817,citymun,388,436,88.9908256880734,false,0102817000,Pasuquin,direct
fic,male,0102817,citymun,179,,,false,0102817000,Pasuquin,direct
fic,female,0102817,citymun,209,,,false,0102817000,Pasuquin,direct
cic,total,0102817,citymun,0,28,0.0,false,0102817000,Pasuquin,direct
cic,male,0102817,citymun,0,,,false,0102817000,Pasuquin,direct
cic,female,0102817,citymun,0,,,false,0102817000,Pasuquin,direct
fic,total,0102818,citymun,400,403,99.25558312655087,false,0102818000,Piddig,direct
fic,male,0102818,citymun,202,,,false,0102818000,Piddig,direct
fic,female,0102818,citymun,198,,,false,0102818000,Piddig,direct
cic,total,0102818,citymun,0,15,0.0,false,0102818000,Piddig,direct
cic,male,0102818,citymun,0,,,false,0102818000,Piddig,direct
cic,female,0102818,citymun,0,,,false,0102818000,Piddig,direct
fic,total,0102819,citymun,197,241,81.74273858921161,false,0102819000,Pinili,direct
fic,male,0102819,citymun,100,,,false,0102819000,Pinili,direct
fic,female,0102819,citymun,97,,,false,0102819000,Pinili,direct
cic,total,0102819,citymun,0,-7,0.0,false,0102819000,Pinili,direct
cic,male,0102819,citymun,0,,,false,0102819000,Pinili,direct
cic,female,0102819,citymun,0,,,false,0102819000,Pinili,direct
fic,total,0102820,citymun,482,639,75.43035993740219,false,0102820000,San Nicolas,direct
fic,male,0102820,citymun,245,,,false,0102820000,San Nicolas,direct
fic,female,0102820,citymun,237,,,false,0102820000,San Nicolas,direct
cic,total,0102820,citymun,0,168,0.0,false,0102820000,San Nicolas,direct
cic,male,0102820,citymun,0,,,false,0102820000,San Nicolas,direct
cic,female,0102820,citymun,0,,,false,0102820000,San Nicolas,direct
fic,total,0102821,citymun,330,339,97.34513274336283,false,0102821000,Sarrat,direct
fic,male,0102821,citymun,164,,,false,0102821000,Sarrat,direct
fic,female,0102821,citymun,166,,,false,0102821000,Sarrat,direct
cic,total,0102821,citymun,0,15,0.0,false,0102821000,Sarrat,direct
cic,male,0102821,citymun,0,,,false,0102821000,Sarrat,direct
cic,female,0102821,citymun,0,,,false,0102821000,Sarrat,direct
fic,total,0102822,citymun,365,361,101.10803324099722,true,0102822000,Solsona,direct
fic,male,0102822,citymun,188,,,false,0102822000,Solsona,direct
fic,female,0102822,citymun,177,,,false,0102822000,Solsona,direct
cic,total,0102822,citymun,0,-14,0.0,false,0102822000,Solsona,direct
cic,male,0102822,citymun,0,,,false,0102822000,Solsona,direct
cic,female,0102822,citymun,0,,,false,0102822000,Solsona,direct
fic,total,0102823,citymun,424,480,88.33333333333333,false,0102823000,Vintar,direct
fic,male,0102823,citymun,226,,,false,0102823000,Vintar,direct
fic,female,0102823,citymun,198,,,false,0102823000,Vintar,direct
cic,total,0102823,citymun,0,71,0.0,false,0102823000,Vintar,direct
cic,male,0102823,citymun,0,,,false,0102823000,Vintar,direct
cic,female,0102823,citymun,0,,,false,0102823000,Vintar,direct
fic,total,01029,province,9619,10656,90.2683933933934,false,0102900000,Ilocos Sur,direct
fic,male,01029,province,4966,,,false,0102900000,Ilocos Sur,direct
fic,female,01029,province,4653,,,false,0102900000,Ilocos Sur,direct
cic,total,01029,province,21,-229,-9.170305676855897,false,0102900000,Ilocos Sur,direct
cic,male,01029,province,12,,,false,0102900000,Ilocos Sur,direct
cic,female,01029,province,9,,,false,0102900000,Ilocos Sur,direct
fic,total,0102901,citymun,95,95,100.0,false,0102901000,Alilem,direct
fic,male,0102901,citymun,50,,,false,0102901000,Alilem,direct
fic,female,0102901,citymun,45,,,false,0102901000,Alilem,direct
cic,total,0102901,citymun,0,-1,0.0,false,0102901000,Alilem,direct
cic,male,0102901,citymun,0,,,false,0102901000,Alilem,direct
cic,female,0102901,citymun,0,,,false,0102901000,Alilem,direct
fic,total,0102902,citymun,103,127,81.10236220472441,false,0102902000,Banayoyo,direct
fic,male,0102902,citymun,66,,,false,0102902000,Banayoyo,direct
fic,female,0102902,citymun,37,,,false,0102902000,Banayoyo,direct
cic,total,0102902,citymun,0,27,0.0,false,0102902000,Banayoyo,direct
cic,male,0102902,citymun,0,,,false,0102902000,Banayoyo,direct
cic,female,0102902,citymun,0,,,false,0102902000,Banayoyo,direct
fic,total,0102903,citymun,766,603,127.03150912106136,true,0102903000,Bantay,direct
fic,male,0102903,citymun,396,,,false,0102903000,Bantay,direct
fic,female,0102903,citymun,370,,,false,0102903000,Bantay,direct
cic,total,0102903,citymun,0,-144,0.0,false,0102903000,Bantay,direct
cic,male,0102903,citymun,0,,,false,0102903000,Bantay,direct
cic,female,0102903,citymun,0,,,false,0102903000,Bantay,direct
fic,total,0102904,citymun,122,183,66.66666666666666,false,0102904000,Burgos,direct
fic,male,0102904,citymun,55,,,false,0102904000,Burgos,direct
fic,female,0102904,citymun,67,,,false,0102904000,Burgos,direct
cic,total,0102904,citymun,8,7,114.28571428571428,true,0102904000,Burgos,direct
cic,male,0102904,citymun,4,,,false,0102904000,Burgos,direct
cic,female,0102904,citymun,4,,,false,0102904000,Burgos,direct
fic,total,0102905,citymun,430,639,67.2926447574335,false,0102905000,Cabugao,direct
fic,male,0102905,citymun,220,,,false,0102905000,Cabugao,direct
fic,female,0102905,citymun,210,,,false,0102905000,Cabugao,direct
cic,total,0102905,citymun,0,155,0.0,false,0102905000,Cabugao,direct
cic,male,0102905,citymun,0,,,false,0102905000,Cabugao,direct
cic,female,0102905,citymun,0,,,false,0102905000,Cabugao,direct
fic,total,0102906,citymun,765,1088,70.3125,false,0102906000,City of Candon,direct
fic,male,0102906,citymun,393,,,false,0102906000,City of Candon,direct
fic,female,0102906,citymun,372,,,false,0102906000,City of Candon,direct
cic,total,0102906,citymun,0,-135,0.0,false,0102906000,City of Candon,direct
cic,male,0102906,citymun,0,,,false,0102906000,City of Candon,direct
cic,female,0102906,citymun,0,,,false,0102906000,City of Candon,direct
fic,total,0102907,citymun,326,306,106.5359477124183,true,0102907000,Caoayan,direct
fic,male,0102907,citymun,161,,,false,0102907000,Caoayan,direct
fic,female,0102907,citymun,165,,,false,0102907000,Caoayan,direct
cic,total,0102907,citymun,0,-68,0.0,false,0102907000,Caoayan,direct
cic,male,0102907,citymun,0,,,false,0102907000,Caoayan,direct
cic,female,0102907,citymun,0,,,false,0102907000,Caoayan,direct
fic,total,0102908,citymun,230,338,68.04733727810651,false,0102908000,Cervantes,direct
fic,male,0102908,citymun,102,,,false,0102908000,Cervantes,direct
fic,female,0102908,citymun,128,,,false,0102908000,Cervantes,direct
cic,total,0102908,citymun,1,41,2.4390243902439024,false,0102908000,Cervantes,direct
cic,male,0102908,citymun,1,,,false,0102908000,Cervantes,direct
cic,female,0102908,citymun,0,,,false,0102908000,Cervantes,direct
fic,total,0102909,citymun,80,120,66.66666666666666,false,0102909000,Galimuyod,direct
fic,male,0102909,citymun,34,,,false,0102909000,Galimuyod,direct
fic,female,0102909,citymun,46,,,false,0102909000,Galimuyod,direct
cic,total,0102909,citymun,0,19,0.0,false,0102909000,Galimuyod,direct
cic,male,0102909,citymun,0,,,false,0102909000,Galimuyod,direct
cic,female,0102909,citymun,0,,,false,0102909000,Galimuyod,direct
fic,total,0102910,citymun,40,66,60.60606060606061,false,0102910000,Gregorio del Pilar,direct
fic,male,0102910,citymun,27,,,false,0102910000,Gregorio del Pilar,direct
fic,female,0102910,citymun,13,,,false,0102910000,Gregorio del Pilar,direct
cic,total,0102910,citymun,0,9,0.0,false,0102910000,Gregorio del Pilar,direct
cic,male,0102910,citymun,0,,,false,0102910000,Gregorio del Pilar,direct
cic,female,0102910,citymun,0,,,false,0102910000,Gregorio del Pilar,direct
fic,total,0102911,citymun,43,59,72.88135593220339,false,0102911000,Lidlidda,direct
fic,male,0102911,citymun,18,,,false,0102911000,Lidlidda,direct
fic,female,0102911,citymun,25,,,false,0102911000,Lidlidda,direct
cic,total,0102911,citymun,3,8,37.5,false,0102911000,Lidlidda,direct
cic,male,0102911,citymun,3,,,false,0102911000,Lidlidda,direct
cic,female,0102911,citymun,0,,,false,0102911000,Lidlidda,direct
fic,total,0102912,citymun,467,486,96.09053497942386,false,0102912000,Magsingal,direct
fic,male,0102912,citymun,228,,,false,0102912000,Magsingal,direct
fic,female,0102912,citymun,239,,,false,0102912000,Magsingal,direct
cic,total,0102912,citymun,0,-48,0.0,false,0102912000,Magsingal,direct
cic,male,0102912,citymun,0,,,false,0102912000,Magsingal,direct
cic,female,0102912,citymun,0,,,false,0102912000,Magsingal,direct
fic,total,0102913,citymun,71,77,92.20779220779221,false,0102913000,Nagbukel,direct
fic,male,0102913,citymun,46,,,false,0102913000,Nagbukel,direct
fic,female,0102913,citymun,25,,,false,0102913000,Nagbukel,direct
cic,total,0102913,citymun,0,22,0.0,false,0102913000,Nagbukel,direct
cic,male,0102913,citymun,0,,,false,0102913000,Nagbukel,direct
cic,female,0102913,citymun,0,,,false,0102913000,Nagbukel,direct
fic,total,0102914,citymun,683,723,94.46749654218533,false,0102914000,Narvacan,direct
fic,male,0102914,citymun,339,,,false,0102914000,Narvacan,direct
fic,female,0102914,citymun,344,,,false,0102914000,Narvacan,direct
cic,total,0102914,citymun,0,-86,0.0,false,0102914000,Narvacan,direct
cic,male,0102914,citymun,0,,,false,0102914000,Narvacan,direct
cic,female,0102914,citymun,0,,,false,0102914000,Narvacan,direct
fic,total,0102915,citymun,110,121,90.9090909090909,false,0102915000,Quirino,direct
fic,male,0102915,citymun,51,,,false,0102915000,Quirino,direct
fic,female,0102915,citymun,59,,,false,0102915000,Quirino,direct
cic,total,0102915,citymun,2,-16,-12.5,false,0102915000,Quirino,direct
cic,male,0102915,citymun,1,,,false,0102915000,Quirino,direct
cic,female,0102915,citymun,1,,,false,0102915000,Quirino,direct
fic,total,0102916,citymun,117,117,100.0,false,0102916000,Salcedo,direct
fic,male,0102916,citymun,50,,,false,0102916000,Salcedo,direct
fic,female,0102916,citymun,67,,,false,0102916000,Salcedo,direct
cic,total,0102916,citymun,0,-3,0.0,false,0102916000,Salcedo,direct
cic,male,0102916,citymun,0,,,false,0102916000,Salcedo,direct
cic,female,0102916,citymun,0,,,false,0102916000,Salcedo,direct
fic,total,0102917,citymun,72,82,87.8048780487805,false,0102917000,San Emilio,direct
fic,male,0102917,citymun,35,,,false,0102917000,San Emilio,direct
fic,female,0102917,citymun,37,,,false,0102917000,San Emilio,direct
cic,total,0102917,citymun,0,-14,0.0,false,0102917000,San Emilio,direct
cic,male,0102917,citymun,0,,,false,0102917000,San Emilio,direct
cic,female,0102917,citymun,0,,,false,0102917000,San Emilio,direct
fic,total,0102918,citymun,91,110,82.72727272727273,false,0102918000,San Esteban,direct
fic,male,0102918,citymun,47,,,false,0102918000,San Esteban,direct
fic,female,0102918,citymun,44,,,false,0102918000,San Esteban,direct
cic,total,0102918,citymun,0,22,0.0,false,0102918000,San Esteban,direct
cic,male,0102918,citymun,0,,,false,0102918000,San Esteban,direct
cic,female,0102918,citymun,0,,,false,0102918000,San Esteban,direct
fic,total,0102919,citymun,106,125,84.8,false,0102919000,San Ildefonso,direct
fic,male,0102919,citymun,64,,,false,0102919000,San Ildefonso,direct
fic,female,0102919,citymun,42,,,false,0102919000,San Ildefonso,direct
cic,total,0102919,citymun,0,25,0.0,false,0102919000,San Ildefonso,direct
cic,male,0102919,citymun,0,,,false,0102919000,San Ildefonso,direct
cic,female,0102919,citymun,0,,,false,0102919000,San Ildefonso,direct
fic,total,0102920,citymun,274,356,76.96629213483146,false,0102920000,San Juan,direct
fic,male,0102920,citymun,142,,,false,0102920000,San Juan,direct
fic,female,0102920,citymun,132,,,false,0102920000,San Juan,direct
cic,total,0102920,citymun,4,18,22.22222222222222,false,0102920000,San Juan,direct
cic,male,0102920,citymun,2,,,false,0102920000,San Juan,direct
cic,female,0102920,citymun,2,,,false,0102920000,San Juan,direct
fic,total,0102921,citymun,161,224,71.875,false,0102921000,San Vicente,direct
fic,male,0102921,citymun,80,,,false,0102921000,San Vicente,direct
fic,female,0102921,citymun,81,,,false,0102921000,San Vicente,direct
cic,total,0102921,citymun,2,38,5.263157894736842,false,0102921000,San Vicente,direct
cic,male,0102921,citymun,1,,,false,0102921000,San Vicente,direct
cic,female,0102921,citymun,1,,,false,0102921000,San Vicente,direct
fic,total,0102922,citymun,211,192,109.89583333333333,true,0102922000,Santa,direct
fic,male,0102922,citymun,109,,,false,0102922000,Santa,direct
fic,female,0102922,citymun,102,,,false,0102922000,Santa,direct
cic,total,0102922,citymun,0,-7,0.0,false,0102922000,Santa,direct
cic,male,0102922,citymun,0,,,false,0102922000,Santa,direct
cic,female,0102922,citymun,0,,,false,0102922000,Santa,direct
fic,total,0102923,citymun,288,235,122.5531914893617,true,0102923000,Santa Catalina,direct
fic,male,0102923,citymun,161,,,false,0102923000,Santa Catalina,direct
fic,female,0102923,citymun,127,,,false,0102923000,Santa Catalina,direct
cic,total,0102923,citymun,0,-11,0.0,false,0102923000,Santa Catalina,direct
cic,male,0102923,citymun,0,,,false,0102923000,Santa Catalina,direct
cic,female,0102923,citymun,0,,,false,0102923000,Santa Catalina,direct
fic,total,0102924,citymun,471,595,79.15966386554622,false,0102924000,Santa Cruz,direct
fic,male,0102924,citymun,227,,,false,0102924000,Santa Cruz,direct
fic,female,0102924,citymun,244,,,false,0102924000,Santa Cruz,direct
cic,total,0102924,citymun,0,30,0.0,false,0102924000,Santa Cruz,direct
cic,male,0102924,citymun,0,,,false,0102924000,Santa Cruz,direct
cic,female,0102924,citymun,0,,,false,0102924000,Santa Cruz,direct
fic,total,0102925,citymun,468,385,121.55844155844156,true,0102925000,Santa Lucia,direct
fic,male,0102925,citymun,223,,,false,0102925000,Santa Lucia,direct
fic,female,0102925,citymun,245,,,false,0102925000,Santa Lucia,direct
cic,total,0102925,citymun,0,-240,0.0,false,0102925000,Santa Lucia,direct
cic,male,0102925,citymun,0,,,false,0102925000,Santa Lucia,direct
cic,female,0102925,citymun,0,,,false,0102925000,Santa Lucia,direct
fic,total,0102926,citymun,269,409,65.77017114914425,false,0102926000,Santa Maria,direct
fic,male,0102926,citymun,156,,,false,0102926000,Santa Maria,direct
fic,female,0102926,citymun,113,,,false,0102926000,Santa Maria,direct
cic,total,0102926,citymun,0,162,0.0,false,0102926000,Santa Maria,direct
cic,male,0102926,citymun,0,,,false,0102926000,Santa Maria,direct
cic,female,0102926,citymun,0,,,false,0102926000,Santa Maria,direct
fic,total,0102927,citymun,238,224,106.25,true,0102927000,Santiago,direct
fic,male,0102927,citymun,129,,,false,0102927000,Santiago,direct
fic,female,0102927,citymun,109,,,false,0102927000,Santiago,direct
cic,total,0102927,citymun,0,-12,0.0,false,0102927000,Santiago,direct
cic,male,0102927,citymun,0,,,false,0102927000,Santiago,direct
cic,female,0102927,citymun,0,,,false,0102927000,Santiago,direct
fic,total,0102928,citymun,388,356,108.98876404494382,true,0102928000,Santo Domingo,direct
fic,male,0102928,citymun,219,,,false,0102928000,Santo Domingo,direct
fic,female,0102928,citymun,169,,,false,0102928000,Santo Domingo,direct
cic,total,0102928,citymun,0,-39,0.0,false,0102928000,Santo Domingo,direct
cic,male,0102928,citymun,0,,,false,0102928000,Santo Domingo,direct
cic,female,0102928,citymun,0,,,false,0102928000,Santo Domingo,direct
fic,total,0102929,citymun,25,35,71.42857142857143,false,0102929000,Sigay,direct
fic,male,0102929,citymun,14,,,false,0102929000,Sigay,direct
fic,female,0102929,citymun,11,,,false,0102929000,Sigay,direct
cic,total,0102929,citymun,0,10,0.0,false,0102929000,Sigay,direct
cic,male,0102929,citymun,0,,,false,0102929000,Sigay,direct
cic,female,0102929,citymun,0,,,false,0102929000,Sigay,direct
fic,total,0102930,citymun,356,327,108.86850152905198,true,0102930000,Sinait,direct
fic,male,0102930,citymun,195,,,false,0102930000,Sinait,direct
fic,female,0102930,citymun,161,,,false,0102930000,Sinait,direct
cic,total,0102930,citymun,0,-96,0.0,false,0102930000,Sinait,direct
cic,male,0102930,citymun,0,,,false,0102930000,Sinait,direct
cic,female,0102930,citymun,0,,,false,0102930000,Sinait,direct
fic,total,0102931,citymun,48,83,57.831325301204814,false,0102931000,Sugpon,direct
fic,male,0102931,citymun,27,,,false,0102931000,Sugpon,direct
fic,female,0102931,citymun,21,,,false,0102931000,Sugpon,direct
cic,total,0102931,citymun,0,43,0.0,false,0102931000,Sugpon,direct
cic,male,0102931,citymun,0,,,false,0102931000,Sugpon,direct
cic,female,0102931,citymun,0,,,false,0102931000,Sugpon,direct
fic,total,0102932,citymun,120,148,81.08108108108108,false,0102932000,Suyo,direct
fic,male,0102932,citymun,57,,,false,0102932000,Suyo,direct
fic,female,0102932,citymun,63,,,false,0102932000,Suyo,direct
cic,total,0102932,citymun,0,10,0.0,false,0102932000,Suyo,direct
cic,male,0102932,citymun,0,,,false,0102932000,Suyo,direct
cic,female,0102932,citymun,0,,,false,0102932000,Suyo,direct
fic,total,0102933,citymun,742,739,100.40595399188092,true,0102933000,Tagudin,direct
fic,male,0102933,citymun,363,,,false,0102933000,Tagudin,direct
fic,female,0102933,citymun,379,,,false,0102933000,Tagudin,direct
cic,total,0102933,citymun,1,4,25.0,false,0102933000,Tagudin,direct
cic,male,0102933,citymun,0,,,false,0102933000,Tagudin,direct
cic,female,0102933,citymun,1,,,false,0102933000,Tagudin,direct
fic,total,0102934,citymun,843,883,95.46998867497169,false,0102934000,City of Vigan,direct
fic,male,0102934,citymun,482,,,false,0102934000,City of Vigan,direct
fic,female,0102934,citymun,361,,,false,0102934000,City of Vigan,direct
cic,total,0102934,citymun,0,41,0.0,false,0102934000,City of Vigan,direct
cic,male,0102934,citymun,0,,,false,0102934000,City of Vigan,direct
cic,female,0102934,citymun,0,,,false,0102934000,City of Vigan,direct
fic,total,01033,province,9781,14588,67.04825884288456,false,0103300000,La Union,direct
fic,male,01033,province,5021,,,false,0103300000,La Union,direct
fic,female,01033,province,4760,,,false,0103300000,La Union,direct
cic,total,01033,province,42,4737,0.8866371120962635,false,0103300000,La Union,direct
cic,male,01033,province,18,,,false,0103300000,La Union,direct
cic,female,01033,province,24,,,false,0103300000,La Union,direct
fic,total,0103301,citymun,722,1262,57.2107765451664,false,0103301000,Agoo,direct
fic,male,0103301,citymun,376,,,false,0103301000,Agoo,direct
fic,female,0103301,citymun,346,,,false,0103301000,Agoo,direct
cic,total,0103301,citymun,10,536,1.8656716417910446,false,0103301000,Agoo,direct
cic,male,0103301,citymun,6,,,false,0103301000,Agoo,direct
cic,female,0103301,citymun,4,,,false,0103301000,Agoo,direct
fic,total,0103302,citymun,655,909,72.05720572057206,false,0103302000,Aringay,direct
fic,male,0103302,citymun,359,,,false,0103302000,Aringay,direct
fic,female,0103302,citymun,296,,,false,0103302000,Aringay,direct
cic,total,0103302,citymun,0,264,0.0,false,0103302000,Aringay,direct
cic,male,0103302,citymun,0,,,false,0103302000,Aringay,direct
cic,female,0103302,citymun,0,,,false,0103302000,Aringay,direct
fic,total,0103303,citymun,516,753,68.52589641434263,false,0103303000,Bacnotan,direct
fic,male,0103303,citymun,251,,,false,0103303000,Bacnotan,direct
fic,female,0103303,citymun,265,,,false,0103303000,Bacnotan,direct
cic,total,0103303,citymun,0,237,0.0,false,0103303000,Bacnotan,direct
cic,male,0103303,citymun,0,,,false,0103303000,Bacnotan,direct
cic,female,0103303,citymun,0,,,false,0103303000,Bacnotan,direct
fic,total,0103304,citymun,172,292,58.9041095890411,false,0103304000,Bagulin,direct
fic,male,0103304,citymun,84,,,false,0103304000,Bagulin,direct
fic,female,0103304,citymun,88,,,false,0103304000,Bagulin,direct
cic,total,0103304,citymun,1,122,0.819672131147541,false,0103304000,Bagulin,direct
cic,male,0103304,citymun,0,,,false,0103304000,Bagulin,direct
cic,female,0103304,citymun,1,,,false,0103304000,Bagulin,direct
fic,total,0103305,citymun,468,593,78.92074198988196,false,0103305000,Balaoan,direct
fic,male,0103305,citymun,235,,,false,0103305000,Balaoan,direct
fic,female,0103305,citymun,233,,,false,0103305000,Balaoan,direct
cic,total,0103305,citymun,0,145,0.0,false,0103305000,Balaoan,direct
cic,male,0103305,citymun,0,,,false,0103305000,Balaoan,direct
cic,female,0103305,citymun,0,,,false,0103305000,Balaoan,direct
fic,total,0103306,citymun,448,597,75.04187604690117,false,0103306000,Bangar,direct
fic,male,0103306,citymun,213,,,false,0103306000,Bangar,direct
fic,female,0103306,citymun,235,,,false,0103306000,Bangar,direct
cic,total,0103306,citymun,8,182,4.395604395604396,false,0103306000,Bangar,direct
cic,male,0103306,citymun,2,,,false,0103306000,Bangar,direct
cic,female,0103306,citymun,6,,,false,0103306000,Bangar,direct
fic,total,0103307,citymun,969,1479,65.51724137931035,false,0103307000,Bauang,direct
fic,male,0103307,citymun,490,,,false,0103307000,Bauang,direct
fic,female,0103307,citymun,479,,,false,0103307000,Bauang,direct
cic,total,0103307,citymun,6,549,1.092896174863388,false,0103307000,Bauang,direct
cic,male,0103307,citymun,2,,,false,0103307000,Bauang,direct
cic,female,0103307,citymun,4,,,false,0103307000,Bauang,direct
fic,total,0103308,citymun,112,157,71.3375796178344,false,0103308000,Burgos,direct
fic,male,0103308,citymun,51,,,false,0103308000,Burgos,direct
fic,female,0103308,citymun,61,,,false,0103308000,Burgos,direct
cic,total,0103308,citymun,1,43,2.3255813953488373,false,0103308000,Burgos,direct
cic,male,0103308,citymun,0,,,false,0103308000,Burgos,direct
cic,female,0103308,citymun,1,,,false,0103308000,Burgos,direct
fic,total,0103309,citymun,288,399,72.18045112781954,false,0103309000,Caba,direct
fic,male,0103309,citymun,149,,,false,0103309000,Caba,direct
fic,female,0103309,citymun,139,,,false,0103309000,Caba,direct
cic,total,0103309,citymun,0,142,0.0,false,0103309000,Caba,direct
cic,male,0103309,citymun,0,,,false,0103309000,Caba,direct
cic,female,0103309,citymun,0,,,false,0103309000,Caba,direct
fic,total,0103310,citymun,433,575,75.30434782608695,false,0103310000,Luna,direct
fic,male,0103310,citymun,216,,,false,0103310000,Luna,direct
fic,female,0103310,citymun,217,,,false,0103310000,Luna,direct
cic,total,0103310,citymun,0,104,0.0,false,0103310000,Luna,direct
cic,male,0103310,citymun,0,,,false,0103310000,Luna,direct
cic,female,0103310,citymun,0,,,false,0103310000,Luna,direct
fic,total,0103311,citymun,517,895,57.76536312849162,false,0103311000,Naguilian,direct
fic,male,0103311,citymun,265,,,false,0103311000,Naguilian,direct
fic,female,0103311,citymun,252,,,false,0103311000,Naguilian,direct
cic,total,0103311,citymun,9,218,4.128440366972478,false,0103311000,Naguilian,direct
cic,male,0103311,citymun,4,,,false,0103311000,Naguilian,direct
cic,female,0103311,citymun,5,,,false,0103311000,Naguilian,direct
fic,total,0103312,citymun,239,362,66.02209944751381,false,0103312000,Pugo,direct
fic,male,0103312,citymun,128,,,false,0103312000,Pugo,direct
fic,female,0103312,citymun,111,,,false,0103312000,Pugo,direct
cic,total,0103312,citymun,0,112,0.0,false,0103312000,Pugo,direct
cic,male,0103312,citymun,0,,,false,0103312000,Pugo,direct
cic,female,0103312,citymun,0,,,false,0103312000,Pugo,direct
fic,total,0103313,citymun,671,1159,57.89473684210527,false,0103313000,Rosario,direct
fic,male,0103313,citymun,346,,,false,0103313000,Rosario,direct
fic,female,0103313,citymun,325,,,false,0103313000,Rosario,direct
cic,total,0103313,citymun,1,443,0.2257336343115124,false,0103313000,Rosario,direct
cic,male,0103313,citymun,1,,,false,0103313000,Rosario,direct
cic,female,0103313,citymun,0,,,false,0103313000,Rosario,direct
fic,total,0103314,citymun,1697,2337,72.61446298673513,false,0103314000,City of San Fernando,direct
fic,male,0103314,citymun,861,,,false,0103314000,City of San Fernando,direct
fic,female,0103314,citymun,836,,,false,0103314000,City of San Fernando,direct
cic,total,0103314,citymun,3,699,0.4291845493562232,false,0103314000,City of San Fernando,direct
cic,male,0103314,citymun,1,,,false,0103314000,City of San Fernando,direct
cic,female,0103314,citymun,2,,,false,0103314000,City of San Fernando,direct
fic,total,0103315,citymun,220,348,63.2183908045977,false,0103315000,San Gabriel,direct
fic,male,0103315,citymun,121,,,false,0103315000,San Gabriel,direct
fic,female,0103315,citymun,99,,,false,0103315000,San Gabriel,direct
cic,total,0103315,citymun,0,108,0.0,false,0103315000,San Gabriel,direct
cic,male,0103315,citymun,0,,,false,0103315000,San Gabriel,direct
cic,female,0103315,citymun,0,,,false,0103315000,San Gabriel,direct
fic,total,0103316,citymun,485,704,68.89204545454545,false,0103316000,San Juan,direct
fic,male,0103316,citymun,244,,,false,0103316000,San Juan,direct
fic,female,0103316,citymun,241,,,false,0103316000,San Juan,direct
cic,total,0103316,citymun,0,263,0.0,false,0103316000,San Juan,direct
cic,male,0103316,citymun,0,,,false,0103316000,San Juan,direct
cic,female,0103316,citymun,0,,,false,0103316000,San Juan,direct
fic,total,0103317,citymun,534,753,70.91633466135458,false,0103317000,Santo Tomas,direct
fic,male,0103317,citymun,289,,,false,0103317000,Santo Tomas,direct
fic,female,0103317,citymun,245,,,false,0103317000,Santo Tomas,direct
cic,total,0103317,citymun,0,258,0.0,false,0103317000,Santo Tomas,direct
cic,male,0103317,citymun,0,,,false,0103317000,Santo Tomas,direct
cic,female,0103317,citymun,0,,,false,0103317000,Santo Tomas,direct
fic,total,0103318,citymun,155,245,63.26530612244898,false,0103318000,Santol,direct
fic,male,0103318,citymun,84,,,false,0103318000,Santol,direct
fic,female,0103318,citymun,71,,,false,0103318000,Santol,direct
cic,total,0103318,citymun,0,82,0.0,false,0103318000,Santol,direct
cic,male,0103318,citymun,0,,,false,0103318000,Santol,direct
cic,female,0103318,citymun,0,,,false,0103318000,Santol,direct
fic,total,0103319,citymun,155,232,66.8103448275862,false,0103319000,Sudipen,direct
fic,male,0103319,citymun,93,,,false,0103319000,Sudipen,direct
fic,female,0103319,citymun,62,,,false,0103319000,Sudipen,direct
cic,total,0103319,citymun,1,78,1.282051282051282,false,0103319000,Sudipen,direct
cic,male,0103319,citymun,1,,,false,0103319000,Sudipen,direct
cic,female,0103319,citymun,0,,,false,0103319000,Sudipen,direct
fic,total,0103320,citymun,325,537,60.52141527001862,false,0103320000,Tubao,direct
fic,male,0103320,citymun,166,,,false,0103320000,Tubao,direct
fic,female,0103320,citymun,159,,,false,0103320000,Tubao,direct
cic,total,0103320,citymun,2,152,1.3157894736842104,false,0103320000,Tubao,direct
cic,male,0103320,citymun,1,,,false,0103320000,Tubao,direct
cic,female,0103320,citymun,1,,,false,0103320000,Tubao,direct
fic,total,01055,province,47227,65801,71.7724654640507,false,0105500000,Pangasinan,direct
fic,male,01055,province,24251,,,false,0105500000,Pangasinan,direct
fic,female,01055,province,22976,,,false,0105500000,Pangasinan,direct
cic,total,01055,province,556,18770,2.9621736814065,false,0105500000,Pangasinan,direct
cic,male,01055,province,301,,,false,0105500000,Pangasinan,direct
cic,female,01055,province,255,,,false,0105500000,Pangasinan,direct
fic,total,0105501,citymun,447,653,68.45329249617151,false,0105501000,Agno,direct
fic,male,0105501,citymun,245,,,false,0105501000,Agno,direct
fic,female,0105501,citymun,202,,,false,0105501000,Agno,direct
cic,total,0105501,citymun,2,144,1.3888888888888888,false,0105501000,Agno,direct
cic,male,0105501,citymun,1,,,false,0105501000,Agno,direct
cic,female,0105501,citymun,1,,,false,0105501000,Agno,direct
fic,total,0105502,citymun,658,1078,61.038961038961034,false,0105502000,Aguilar,direct
fic,male,0105502,citymun,331,,,false,0105502000,Aguilar,direct
fic,female,0105502,citymun,327,,,false,0105502000,Aguilar,direct
cic,total,0105502,citymun,0,493,0.0,false,0105502000,Aguilar,direct
cic,male,0105502,citymun,0,,,false,0105502000,Aguilar,direct
cic,female,0105502,citymun,0,,,false,0105502000,Aguilar,direct
fic,total,0105503,citymun,1339,2181,61.39385602934434,false,0105503000,City of Alaminos,direct
fic,male,0105503,citymun,728,,,false,0105503000,City of Alaminos,direct
fic,female,0105503,citymun,611,,,false,0105503000,City of Alaminos,direct
cic,total,0105503,citymun,2,846,0.2364066193853428,false,0105503000,City of Alaminos,direct
cic,male,0105503,citymun,2,,,false,0105503000,City of Alaminos,direct
cic,female,0105503,citymun,0,,,false,0105503000,City of Alaminos,direct
fic,total,0105504,citymun,557,1045,53.30143540669856,false,0105504000,Alcala,direct
fic,male,0105504,citymun,286,,,false,0105504000,Alcala,direct
fic,female,0105504,citymun,271,,,false,0105504000,Alcala,direct
cic,total,0105504,citymun,0,-47,0.0,false,0105504000,Alcala,direct
cic,male,0105504,citymun,0,,,false,0105504000,Alcala,direct
cic,female,0105504,citymun,0,,,false,0105504000,Alcala,direct
fic,total,0105505,citymun,886,872,101.60550458715596,true,0105505000,Anda,direct
fic,male,0105505,citymun,449,,,false,0105505000,Anda,direct
fic,female,0105505,citymun,437,,,false,0105505000,Anda,direct
cic,total,0105505,citymun,0,-62,0.0,false,0105505000,Anda,direct
cic,male,0105505,citymun,0,,,false,0105505000,Anda,direct
cic,female,0105505,citymun,0,,,false,0105505000,Anda,direct
fic,total,0105506,citymun,903,1104,81.79347826086956,false,0105506000,Asingan,direct
fic,male,0105506,citymun,467,,,false,0105506000,Asingan,direct
fic,female,0105506,citymun,436,,,false,0105506000,Asingan,direct
cic,total,0105506,citymun,0,213,0.0,false,0105506000,Asingan,direct
cic,male,0105506,citymun,0,,,false,0105506000,Asingan,direct
cic,female,0105506,citymun,0,,,false,0105506000,Asingan,direct
fic,total,0105507,citymun,373,603,61.857379767827524,false,0105507000,Balungao,direct
fic,male,0105507,citymun,180,,,false,0105507000,Balungao,direct
fic,female,0105507,citymun,193,,,false,0105507000,Balungao,direct
cic,total,0105507,citymun,12,171,7.017543859649122,false,0105507000,Balungao,direct
cic,male,0105507,citymun,8,,,false,0105507000,Balungao,direct
cic,female,0105507,citymun,4,,,false,0105507000,Balungao,direct
fic,total,0105508,citymun,1008,1108,90.97472924187726,false,0105508000,Bani,direct
fic,male,0105508,citymun,526,,,false,0105508000,Bani,direct
fic,female,0105508,citymun,482,,,false,0105508000,Bani,direct
cic,total,0105508,citymun,0,47,0.0,false,0105508000,Bani,direct
cic,male,0105508,citymun,0,,,false,0105508000,Bani,direct
cic,female,0105508,citymun,0,,,false,0105508000,Bani,direct
fic,total,0105509,citymun,822,887,92.67192784667418,false,0105509000,Basista,direct
fic,male,0105509,citymun,429,,,false,0105509000,Basista,direct
fic,female,0105509,citymun,393,,,false,0105509000,Basista,direct
cic,total,0105509,citymun,0,32,0.0,false,0105509000,Basista,direct
cic,male,0105509,citymun,0,,,false,0105509000,Basista,direct
cic,female,0105509,citymun,0,,,false,0105509000,Basista,direct
fic,total,0105510,citymun,642,916,70.08733624454149,false,0105510000,Bautista,direct
fic,male,0105510,citymun,330,,,false,0105510000,Bautista,direct
fic,female,0105510,citymun,312,,,false,0105510000,Bautista,direct
cic,total,0105510,citymun,0,400,0.0,false,0105510000,Bautista,direct
cic,male,0105510,citymun,0,,,false,0105510000,Bautista,direct
cic,female,0105510,citymun,0,,,false,0105510000,Bautista,direct
fic,total,0105511,citymun,2102,2953,71.18184896715205,false,0105511000,Bayambang,direct
fic,male,0105511,citymun,1062,,,false,0105511000,Bayambang,direct
fic,female,0105511,citymun,1040,,,false,0105511000,Bayambang,direct
cic,total,0105511,citymun,50,888,5.63063063063063,false,0105511000,Bayambang,direct
cic,male,0105511,citymun,24,,,false,0105511000,Bayambang,direct
cic,female,0105511,citymun,26,,,false,0105511000,Bayambang,direct
fic,total,0105512,citymun,995,1017,97.83677482792527,false,0105512000,Binalonan,direct
fic,male,0105512,citymun,509,,,false,0105512000,Binalonan,direct
fic,female,0105512,citymun,486,,,false,0105512000,Binalonan,direct
cic,total,0105512,citymun,0,22,0.0,false,0105512000,Binalonan,direct
cic,male,0105512,citymun,0,,,false,0105512000,Binalonan,direct
cic,female,0105512,citymun,0,,,false,0105512000,Binalonan,direct
fic,total,0105513,citymun,1062,2031,52.28951255539144,false,0105513000,Binmaley,direct
fic,male,0105513,citymun,566,,,false,0105513000,Binmaley,direct
fic,female,0105513,citymun,496,,,false,0105513000,Binmaley,direct
cic,total,0105513,citymun,10,815,1.2269938650306749,false,0105513000,Binmaley,direct
cic,male,0105513,citymun,7,,,false,0105513000,Binmaley,direct
cic,female,0105513,citymun,3,,,false,0105513000,Binmaley,direct
fic,total,0105514,citymun,1202,1932,62.215320910973084,false,0105514000,Bolinao,direct
fic,male,0105514,citymun,620,,,false,0105514000,Bolinao,direct
fic,female,0105514,citymun,582,,,false,0105514000,Bolinao,direct
cic,total,0105514,citymun,87,704,12.357954545454545,false,0105514000,Bolinao,direct
cic,male,0105514,citymun,45,,,false,0105514000,Bolinao,direct
cic,female,0105514,citymun,42,,,false,0105514000,Bolinao,direct
fic,total,0105515,citymun,1064,1858,57.26587728740581,false,0105515000,Bugallon,direct
fic,male,0105515,citymun,541,,,false,0105515000,Bugallon,direct
fic,female,0105515,citymun,523,,,false,0105515000,Bugallon,direct
cic,total,0105515,citymun,4,641,0.62402496099844,false,0105515000,Bugallon,direct
cic,male,0105515,citymun,1,,,false,0105515000,Bugallon,direct
cic,female,0105515,citymun,3,,,false,0105515000,Bugallon,direct
fic,total,0105516,citymun,466,453,102.86975717439293,true,0105516000,Burgos,direct
fic,male,0105516,citymun,238,,,false,0105516000,Burgos,direct
fic,female,0105516,citymun,228,,,false,0105516000,Burgos,direct
cic,total,0105516,citymun,0,27,0.0,false,0105516000,Burgos,direct
cic,male,0105516,citymun,0,,,false,0105516000,Burgos,direct
cic,female,0105516,citymun,0,,,false,0105516000,Burgos,direct
fic,total,0105517,citymun,1730,2131,81.18254340685125,false,0105517000,Calasiao,direct
fic,male,0105517,citymun,904,,,false,0105517000,Calasiao,direct
fic,female,0105517,citymun,826,,,false,0105517000,Calasiao,direct
cic,total,0105517,citymun,0,667,0.0,false,0105517000,Calasiao,direct
cic,male,0105517,citymun,0,,,false,0105517000,Calasiao,direct
cic,female,0105517,citymun,0,,,false,0105517000,Calasiao,direct
fic,total,0105519,citymun,438,670,65.3731343283582,false,0105519000,Dasol,direct
fic,male,0105519,citymun,219,,,false,0105519000,Dasol,direct
fic,female,0105519,citymun,219,,,false,0105519000,Dasol,direct
cic,total,0105519,citymun,13,87,14.942528735632186,false,0105519000,Dasol,direct
cic,male,0105519,citymun,6,,,false,0105519000,Dasol,direct
cic,female,0105519,citymun,7,,,false,0105519000,Dasol,direct
fic,total,0105520,citymun,589,616,95.61688311688312,false,0105520000,Infanta,direct
fic,male,0105520,citymun,299,,,false,0105520000,Infanta,direct
fic,female,0105520,citymun,290,,,false,0105520000,Infanta,direct
cic,total,0105520,citymun,0,118,0.0,false,0105520000,Infanta,direct
cic,male,0105520,citymun,0,,,false,0105520000,Infanta,direct
cic,female,0105520,citymun,0,,,false,0105520000,Infanta,direct
fic,total,0105521,citymun,340,590,57.6271186440678,false,0105521000,Labrador,direct
fic,male,0105521,citymun,176,,,false,0105521000,Labrador,direct
fic,female,0105521,citymun,164,,,false,0105521000,Labrador,direct
cic,total,0105521,citymun,15,313,4.792332268370607,false,0105521000,Labrador,direct
cic,male,0105521,citymun,11,,,false,0105521000,Labrador,direct
cic,female,0105521,citymun,4,,,false,0105521000,Labrador,direct
fic,total,0105522,citymun,1795,2289,78.41852337265182,false,0105522000,Lingayen,direct
fic,male,0105522,citymun,916,,,false,0105522000,Lingayen,direct
fic,female,0105522,citymun,879,,,false,0105522000,Lingayen,direct
cic,total,0105522,citymun,37,475,7.7894736842105265,false,0105522000,Lingayen,direct
cic,male,0105522,citymun,25,,,false,0105522000,Lingayen,direct
cic,female,0105522,citymun,12,,,false,0105522000,Lingayen,direct
fic,total,0105523,citymun,559,509,109.82318271119841,true,0105523000,Mabini,direct
fic,male,0105523,citymun,274,,,false,0105523000,Mabini,direct
fic,female,0105523,citymun,285,,,false,0105523000,Mabini,direct
cic,total,0105523,citymun,0,-58,0.0,false,0105523000,Mabini,direct
cic,male,0105523,citymun,0,,,false,0105523000,Mabini,direct
cic,female,0105523,citymun,0,,,false,0105523000,Mabini,direct
fic,total,0105524,citymun,2045,3258,62.768569674647026,false,0105524000,Malasiqui,direct
fic,male,0105524,citymun,1048,,,false,0105524000,Malasiqui,direct
fic,female,0105524,citymun,997,,,false,0105524000,Malasiqui,direct
cic,total,0105524,citymun,56,1131,4.951370468611848,false,0105524000,Malasiqui,direct
cic,male,0105524,citymun,31,,,false,0105524000,Malasiqui,direct
cic,female,0105524,citymun,25,,,false,0105524000,Malasiqui,direct
fic,total,0105525,citymun,1455,1685,86.35014836795251,false,0105525000,Manaoag,direct
fic,male,0105525,citymun,738,,,false,0105525000,Manaoag,direct
fic,female,0105525,citymun,717,,,false,0105525000,Manaoag,direct
cic,total,0105525,citymun,2,237,0.8438818565400843,false,0105525000,Manaoag,direct
cic,male,0105525,citymun,2,,,false,0105525000,Manaoag,direct
cic,female,0105525,citymun,0,,,false,0105525000,Manaoag,direct
fic,total,0105526,citymun,1959,2725,71.88990825688073,false,0105526000,Mangaldan,direct
fic,male,0105526,citymun,990,,,false,0105526000,Mangaldan,direct
fic,female,0105526,citymun,969,,,false,0105526000,Mangaldan,direct
cic,total,0105526,citymun,0,1024,0.0,false,0105526000,Mangaldan,direct
cic,male,0105526,citymun,0,,,false,0105526000,Mangaldan,direct
cic,female,0105526,citymun,0,,,false,0105526000,Mangaldan,direct
fic,total,0105527,citymun,988,1650,59.878787878787875,false,0105527000,Mangatarem,direct
fic,male,0105527,citymun,504,,,false,0105527000,Mangatarem,direct
fic,female,0105527,citymun,484,,,false,0105527000,Mangatarem,direct
cic,total,0105527,citymun,15,661,2.26928895612708,false,0105527000,Mangatarem,direct
cic,male,0105527,citymun,8,,,false,0105527000,Mangatarem,direct
cic,female,0105527,citymun,7,,,false,0105527000,Mangatarem,direct
fic,total,0105528,citymun,513,886,57.90067720090294,false,0105528000,Mapandan,direct
fic,male,0105528,citymun,269,,,false,0105528000,Mapandan,direct
fic,female,0105528,citymun,244,,,false,0105528000,Mapandan,direct
cic,total,0105528,citymun,1,307,0.32573289902280134,false,0105528000,Mapandan,direct
cic,male,0105528,citymun,0,,,false,0105528000,Mapandan,direct
cic,female,0105528,citymun,1,,,false,0105528000,Mapandan,direct
fic,total,0105529,citymun,385,499,77.15430861723446,false,0105529000,Natividad,direct
fic,male,0105529,citymun,202,,,false,0105529000,Natividad,direct
fic,female,0105529,citymun,183,,,false,0105529000,Natividad,direct
cic,total,0105529,citymun,0,119,0.0,false,0105529000,Natividad,direct
cic,male,0105529,citymun,0,,,false,0105529000,Natividad,direct
cic,female,0105529,citymun,0,,,false,0105529000,Natividad,direct
fic,total,0105530,citymun,1310,1613,81.21512709237446,false,0105530000,Pozorrubio,direct
fic,male,0105530,citymun,674,,,false,0105530000,Pozorrubio,direct
fic,female,0105530,citymun,636,,,false,0105530000,Pozorrubio,direct
cic,total,0105530,citymun,0,380,0.0,false,0105530000,Pozorrubio,direct
cic,male,0105530,citymun,0,,,false,0105530000,Pozorrubio,direct
cic,female,0105530,citymun,0,,,false,0105530000,Pozorrubio,direct
fic,total,0105531,citymun,900,1393,64.60875807609476,false,0105531000,Rosales,direct
fic,male,0105531,citymun,470,,,false,0105531000,Rosales,direct
fic,female,0105531,citymun,430,,,false,0105531000,Rosales,direct
cic,total,0105531,citymun,23,433,5.311778290993072,false,0105531000,Rosales,direct
cic,male,0105531,citymun,9,,,false,0105531000,Rosales,direct
cic,female,0105531,citymun,14,,,false,0105531000,Rosales,direct
fic,total,0105532,citymun,2903,4804,60.42880932556203,false,0105532000,City of San Carlos,direct
fic,male,0105532,citymun,1491,,,false,0105532000,City of San Carlos,direct
fic,female,0105532,citymun,1412,,,false,0105532000,City of San Carlos,direct
cic,total,0105532,citymun,77,1681,4.580606781677573,false,0105532000,City of San Carlos,direct
cic,male,0105532,citymun,38,,,false,0105532000,City of San Carlos,direct
cic,female,0105532,citymun,39,,,false,0105532000,City of San Carlos,direct
fic,total,0105533,citymun,1375,2034,67.6007866273353,false,0105533000,San Fabian,direct
fic,male,0105533,citymun,669,,,false,0105533000,San Fabian,direct
fic,female,0105533,citymun,706,,,false,0105533000,San Fabian,direct
cic,total,0105533,citymun,51,649,7.858243451463791,false,0105533000,San Fabian,direct
cic,male,0105533,citymun,20,,,false,0105533000,San Fabian,direct
cic,female,0105533,citymun,31,,,false,0105533000,San Fabian,direct
fic,total,0105534,citymun,841,1014,82.9388560157791,false,0105534000,San Jacinto,direct
fic,male,0105534,citymun,424,,,false,0105534000,San Jacinto,direct
fic,female,0105534,citymun,417,,,false,0105534000,San Jacinto,direct
cic,total,0105534,citymun,33,534,6.179775280898876,false,0105534000,San Jacinto,direct
cic,male,0105534,citymun,23,,,false,0105534000,San Jacinto,direct
cic,female,0105534,citymun,10,,,false,0105534000,San Jacinto,direct
fic,total,0105535,citymun,891,1155,77.14285714285715,false,0105535000,San Manuel,direct
fic,male,0105535,citymun,461,,,false,0105535000,San Manuel,direct
fic,female,0105535,citymun,430,,,false,0105535000,San Manuel,direct
cic,total,0105535,citymun,0,279,0.0,false,0105535000,San Manuel,direct
cic,male,0105535,citymun,0,,,false,0105535000,San Manuel,direct
cic,female,0105535,citymun,0,,,false,0105535000,San Manuel,direct
fic,total,0105536,citymun,509,729,69.82167352537722,false,0105536000,San Nicolas,direct
fic,male,0105536,citymun,249,,,false,0105536000,San Nicolas,direct
fic,female,0105536,citymun,260,,,false,0105536000,San Nicolas,direct
cic,total,0105536,citymun,8,266,3.007518796992481,false,0105536000,San Nicolas,direct
cic,male,0105536,citymun,5,,,false,0105536000,San Nicolas,direct
cic,female,0105536,citymun,3,,,false,0105536000,San Nicolas,direct
fic,total,0105537,citymun,530,735,72.10884353741497,false,0105537000,San Quintin,direct
fic,male,0105537,citymun,259,,,false,0105537000,San Quintin,direct
fic,female,0105537,citymun,271,,,false,0105537000,San Quintin,direct
cic,total,0105537,citymun,1,215,0.46511627906976744,false,0105537000,San Quintin,direct
cic,male,0105537,citymun,0,,,false,0105537000,San Quintin,direct
cic,female,0105537,citymun,1,,,false,0105537000,San Quintin,direct
fic,total,0105538,citymun,1978,2066,95.7405614714424,false,0105538000,Santa Barbara,direct
fic,male,0105538,citymun,1015,,,false,0105538000,Santa Barbara,direct
fic,female,0105538,citymun,963,,,false,0105538000,Santa Barbara,direct
cic,total,0105538,citymun,0,92,0.0,false,0105538000,Santa Barbara,direct
cic,male,0105538,citymun,0,,,false,0105538000,Santa Barbara,direct
cic,female,0105538,citymun,0,,,false,0105538000,Santa Barbara,direct
fic,total,0105539,citymun,509,649,78.42835130970724,false,0105539000,Santa Maria,direct
fic,male,0105539,citymun,284,,,false,0105539000,Santa Maria,direct
fic,female,0105539,citymun,225,,,false,0105539000,Santa Maria,direct
cic,total,0105539,citymun,3,261,1.1494252873563218,false,0105539000,Santa Maria,direct
cic,male,0105539,citymun,1,,,false,0105539000,Santa Maria,direct
cic,female,0105539,citymun,2,,,false,0105539000,Santa Maria,direct
fic,total,0105540,citymun,132,235,56.17021276595745,false,0105540000,Santo Tomas,direct
fic,male,0105540,citymun,60,,,false,0105540000,Santo Tomas,direct
fic,female,0105540,citymun,72,,,false,0105540000,Santo Tomas,direct
cic,total,0105540,citymun,0,92,0.0,false,0105540000,Santo Tomas,direct
cic,male,0105540,citymun,0,,,false,0105540000,Santo Tomas,direct
cic,female,0105540,citymun,0,,,false,0105540000,Santo Tomas,direct
fic,total,0105541,citymun,767,1079,71.08433734939759,false,0105541000,Sison,direct
fic,male,0105541,citymun,412,,,false,0105541000,Sison,direct
fic,female,0105541,citymun,355,,,false,0105541000,Sison,direct
cic,total,0105541,citymun,0,264,0.0,false,0105541000,Sison,direct
cic,male,0105541,citymun,0,,,false,0105541000,Sison,direct
cic,female,0105541,citymun,0,,,false,0105541000,Sison,direct
fic,total,0105542,citymun,650,902,72.06208425720621,false,0105542000,Sual,direct
fic,male,0105542,citymun,335,,,false,0105542000,Sual,direct
fic,female,0105542,citymun,315,,,false,0105542000,Sual,direct
cic,total,0105542,citymun,18,296,6.081081081081082,false,0105542000,Sual,direct
cic,male,0105542,citymun,14,,,false,0105542000,Sual,direct
cic,female,0105542,citymun,4,,,false,0105542000,Sual,direct
fic,total,0105543,citymun,724,1023,70.772238514174,false,0105543000,Tayug,direct
fic,male,0105543,citymun,376,,,false,0105543000,Tayug,direct
fic,female,0105543,citymun,348,,,false,0105543000,Tayug,direct
cic,total,0105543,citymun,0,553,0.0,false,0105543000,Tayug,direct
cic,male,0105543,citymun,0,,,false,0105543000,Tayug,direct
cic,female,0105543,citymun,0,,,false,0105543000,Tayug,direct
fic,total,0105544,citymun,972,1600,60.75000000000001,false,0105544000,Umingan,direct
fic,male,0105544,citymun,494,,,false,0105544000,Umingan,direct
fic,female,0105544,citymun,478,,,false,0105544000,Umingan,direct
cic,total,0105544,citymun,22,598,3.678929765886288,false,0105544000,Umingan,direct
cic,male,0105544,citymun,14,,,false,0105544000,Umingan,direct
cic,female,0105544,citymun,8,,,false,0105544000,Umingan,direct
fic,total,0105545,citymun,1402,1426,98.31697054698458,false,0105545000,Urbiztondo,direct
fic,male,0105545,citymun,751,,,false,0105545000,Urbiztondo,direct
fic,female,0105545,citymun,651,,,false,0105545000,Urbiztondo,direct
cic,total,0105545,citymun,4,26,15.384615384615385,false,0105545000,Urbiztondo,direct
cic,male,0105545,citymun,2,,,false,0105545000,Urbiztondo,direct
cic,female,0105545,citymun,2,,,false,0105545000,Urbiztondo,direct
fic,total,0105546,citymun,2153,3165,68.02527646129542,false,0105546000,City of Urdaneta,direct
fic,male,0105546,citymun,1090,,,false,0105546000,City of Urdaneta,direct
fic,female,0105546,citymun,1063,,,false,0105546000,City of Urdaneta,direct
cic,total,0105546,citymun,2,1184,0.16891891891891891,false,0105546000,City of Urdaneta,direct
cic,male,0105546,citymun,1,,,false,0105546000,City of Urdaneta,direct
cic,female,0105546,citymun,1,,,false,0105546000,City of Urdaneta,direct
fic,total,0105547,citymun,686,1327,51.69555388093444,false,0105547000,Villasis,direct
fic,male,0105547,citymun,334,,,false,0105547000,Villasis,direct
fic,female,0105547,citymun,352,,,false,0105547000,Villasis,direct
cic,total,0105547,citymun,8,623,1.2841091492776886,false,0105547000,Villasis,direct
cic,male,0105547,citymun,3,,,false,0105547000,Villasis,direct
cic,female,0105547,citymun,5,,,false,0105547000,Villasis,direct
fic,total,0105548,citymun,673,653,103.06278713629402,true,0105548000,Laoac,direct
fic,male,0105548,citymun,357,,,false,0105548000,Laoac,direct
fic,female,0105548,citymun,316,,,false,0105548000,Laoac,direct
cic,total,0105548,citymun,0,-71,0.0,false,0105548000,Laoac,direct
cic,male,0105548,citymun,0,,,false,0105548000,Laoac,direct
cic,female,0105548,citymun,0,,,false,0105548000,Laoac,direct
fic,total,0105518,citymun,1712,3646,46.95556774547449,false,0105518000,City of Dagupan,direct
fic,male,0105518,citymun,859,,,false,0105518000,City of Dagupan,direct
fic,female,0105518,citymun,853,,,false,0105518000,City of Dagupan,direct
cic,total,0105518,citymun,258,1815,14.214876033057852,false,0105518000,City of Dagupan,direct
cic,male,0105518,citymun,148,,,false,0105518000,City of Dagupan,direct
cic,female,0105518,citymun,110,,,false,0105518000,City of Dagupan,direct
fic,total,02,region,46562,69664,66.8379650895728,false,0200000000,Region 2,direct
fic,male,02,region,23994,,,false,0200000000,Region 2,direct
fic,female,02,region,22568,,,false,0200000000,Region 2,direct
cic,total,02,region,895,20601,4.344449298577739,false,0200000000,Region 2,direct
cic,male,02,region,447,,,false,0200000000,Region 2,direct
cic,female,02,region,448,,,false,0200000000,Region 2,direct
fic,total,02009,province,190,259,73.35907335907336,false,0200900000,Batanes,direct
fic,male,02009,province,90,,,false,0200900000,Batanes,direct
fic,female,02009,province,100,,,false,0200900000,Batanes,direct
cic,total,02009,province,2,44,4.545454545454546,false,0200900000,Batanes,direct
cic,male,02009,province,1,,,false,0200900000,Batanes,direct
cic,female,02009,province,1,,,false,0200900000,Batanes,direct
fic,total,0200901,citymun,124,159,77.9874213836478,false,0200901000,Basco,direct
fic,male,0200901,citymun,60,,,false,0200901000,Basco,direct
fic,female,0200901,citymun,64,,,false,0200901000,Basco,direct
cic,total,0200901,citymun,1,27,3.7037037037037033,false,0200901000,Basco,direct
cic,male,0200901,citymun,0,,,false,0200901000,Basco,direct
cic,female,0200901,citymun,1,,,false,0200901000,Basco,direct
fic,total,0200902,citymun,15,36,41.66666666666667,false,0200902000,Itbayat,direct
fic,male,0200902,citymun,6,,,false,0200902000,Itbayat,direct
fic,female,0200902,citymun,9,,,false,0200902000,Itbayat,direct
cic,total,0200902,citymun,0,4,0.0,false,0200902000,Itbayat,direct
cic,male,0200902,citymun,0,,,false,0200902000,Itbayat,direct
cic,female,0200902,citymun,0,,,false,0200902000,Itbayat,direct
fic,total,0200903,citymun,17,15,113.33333333333333,true,0200903000,Ivana,direct
fic,male,0200903,citymun,8,,,false,0200903000,Ivana,direct
fic,female,0200903,citymun,9,,,false,0200903000,Ivana,direct
cic,total,0200903,citymun,0,0,0.0,false,0200903000,Ivana,direct
cic,male,0200903,citymun,0,,,false,0200903000,Ivana,direct
cic,female,0200903,citymun,0,,,false,0200903000,Ivana,direct
fic,total,0200904,citymun,13,20,65.0,false,0200904000,Mahatao,direct
fic,male,0200904,citymun,6,,,false,0200904000,Mahatao,direct
fic,female,0200904,citymun,7,,,false,0200904000,Mahatao,direct
cic,total,0200904,citymun,0,6,0.0,false,0200904000,Mahatao,direct
cic,male,0200904,citymun,0,,,false,0200904000,Mahatao,direct
cic,female,0200904,citymun,0,,,false,0200904000,Mahatao,direct
fic,total,0200905,citymun,11,16,68.75,false,0200905000,Sabtang,direct
fic,male,0200905,citymun,8,,,false,0200905000,Sabtang,direct
fic,female,0200905,citymun,3,,,false,0200905000,Sabtang,direct
cic,total,0200905,citymun,0,7,0.0,false,0200905000,Sabtang,direct
cic,male,0200905,citymun,0,,,false,0200905000,Sabtang,direct
cic,female,0200905,citymun,0,,,false,0200905000,Sabtang,direct
fic,total,0200906,citymun,10,13,76.92307692307693,false,0200906000,Uyugan,direct
fic,male,0200906,citymun,2,,,false,0200906000,Uyugan,direct
fic,female,0200906,citymun,8,,,false,0200906000,Uyugan,direct
cic,total,0200906,citymun,1,0,0.0,false,0200906000,Uyugan,direct
cic,male,0200906,citymun,1,,,false,0200906000,Uyugan,direct
cic,female,0200906,citymun,0,,,false,0200906000,Uyugan,direct
fic,total,02015,province,13946,22583,61.7544170393659,false,0201500000,Cagayan,direct
fic,male,02015,province,7245,,,false,0201500000,Cagayan,direct
fic,female,02015,province,6701,,,false,0201500000,Cagayan,direct
cic,total,02015,province,364,7921,4.595379371291504,false,0201500000,Cagayan,direct
cic,male,02015,province,190,,,false,0201500000,Cagayan,direct
cic,female,02015,province,174,,,false,0201500000,Cagayan,direct
fic,total,0201501,citymun,354,668,52.99401197604791,false,0201501000,Abulug,direct
fic,male,0201501,citymun,174,,,false,0201501000,Abulug,direct
fic,female,0201501,citymun,180,,,false,0201501000,Abulug,direct
cic,total,0201501,citymun,73,384,19.010416666666664,false,0201501000,Abulug,direct
cic,male,0201501,citymun,27,,,false,0201501000,Abulug,direct
cic,female,0201501,citymun,46,,,false,0201501000,Abulug,direct
fic,total,0201502,citymun,380,640,59.375,false,0201502000,Alcala,direct
fic,male,0201502,citymun,186,,,false,0201502000,Alcala,direct
fic,female,0201502,citymun,194,,,false,0201502000,Alcala,direct
cic,total,0201502,citymun,15,269,5.5762081784386615,false,0201502000,Alcala,direct
cic,male,0201502,citymun,8,,,false,0201502000,Alcala,direct
cic,female,0201502,citymun,7,,,false,0201502000,Alcala,direct
fic,total,0201503,citymun,440,633,69.51026856240127,false,0201503000,Allacapan,direct
fic,male,0201503,citymun,213,,,false,0201503000,Allacapan,direct
fic,female,0201503,citymun,227,,,false,0201503000,Allacapan,direct
cic,total,0201503,citymun,1,229,0.43668122270742354,false,0201503000,Allacapan,direct
cic,male,0201503,citymun,1,,,false,0201503000,Allacapan,direct
cic,female,0201503,citymun,0,,,false,0201503000,Allacapan,direct
fic,total,0201504,citymun,587,965,60.829015544041454,false,0201504000,Amulung,direct
fic,male,0201504,citymun,314,,,false,0201504000,Amulung,direct
fic,female,0201504,citymun,273,,,false,0201504000,Amulung,direct
cic,total,0201504,citymun,0,328,0.0,false,0201504000,Amulung,direct
cic,male,0201504,citymun,0,,,false,0201504000,Amulung,direct
cic,female,0201504,citymun,0,,,false,0201504000,Amulung,direct
fic,total,0201505,citymun,694,1284,54.04984423676012,false,0201505000,Aparri,direct
fic,male,0201505,citymun,340,,,false,0201505000,Aparri,direct
fic,female,0201505,citymun,354,,,false,0201505000,Aparri,direct
cic,total,0201505,citymun,36,557,6.463195691202872,false,0201505000,Aparri,direct
cic,male,0201505,citymun,21,,,false,0201505000,Aparri,direct
cic,female,0201505,citymun,15,,,false,0201505000,Aparri,direct
fic,total,0201506,citymun,1016,1519,66.88610928242265,false,0201506000,Baggao,direct
fic,male,0201506,citymun,520,,,false,0201506000,Baggao,direct
fic,female,0201506,citymun,496,,,false,0201506000,Baggao,direct
cic,total,0201506,citymun,0,464,0.0,false,0201506000,Baggao,direct
cic,male,0201506,citymun,0,,,false,0201506000,Baggao,direct
cic,female,0201506,citymun,0,,,false,0201506000,Baggao,direct
fic,total,0201507,citymun,410,725,56.55172413793104,false,0201507000,Ballesteros,direct
fic,male,0201507,citymun,196,,,false,0201507000,Ballesteros,direct
fic,female,0201507,citymun,214,,,false,0201507000,Ballesteros,direct
cic,total,0201507,citymun,0,250,0.0,false,0201507000,Ballesteros,direct
cic,male,0201507,citymun,0,,,false,0201507000,Ballesteros,direct
cic,female,0201507,citymun,0,,,false,0201507000,Ballesteros,direct
fic,total,0201508,citymun,315,510,61.76470588235294,false,0201508000,Buguey,direct
fic,male,0201508,citymun,168,,,false,0201508000,Buguey,direct
fic,female,0201508,citymun,147,,,false,0201508000,Buguey,direct
cic,total,0201508,citymun,0,153,0.0,false,0201508000,Buguey,direct
cic,male,0201508,citymun,0,,,false,0201508000,Buguey,direct
cic,female,0201508,citymun,0,,,false,0201508000,Buguey,direct
fic,total,0201509,citymun,145,309,46.92556634304207,false,0201509000,Calayan,direct
fic,male,0201509,citymun,74,,,false,0201509000,Calayan,direct
fic,female,0201509,citymun,71,,,false,0201509000,Calayan,direct
cic,total,0201509,citymun,30,119,25.210084033613445,false,0201509000,Calayan,direct
cic,male,0201509,citymun,17,,,false,0201509000,Calayan,direct
cic,female,0201509,citymun,13,,,false,0201509000,Calayan,direct
fic,total,0201510,citymun,291,398,73.11557788944724,false,0201510000,Camalaniugan,direct
fic,male,0201510,citymun,158,,,false,0201510000,Camalaniugan,direct
fic,female,0201510,citymun,133,,,false,0201510000,Camalaniugan,direct
cic,total,0201510,citymun,0,111,0.0,false,0201510000,Camalaniugan,direct
cic,male,0201510,citymun,0,,,false,0201510000,Camalaniugan,direct
cic,female,0201510,citymun,0,,,false,0201510000,Camalaniugan,direct
fic,total,0201511,citymun,306,474,64.55696202531645,false,0201511000,Claveria,direct
fic,male,0201511,citymun,163,,,false,0201511000,Claveria,direct
fic,female,0201511,citymun,143,,,false,0201511000,Claveria,direct
cic,total,0201511,citymun,6,223,2.690582959641256,false,0201511000,Claveria,direct
cic,male,0201511,citymun,3,,,false,0201511000,Claveria,direct
cic,female,0201511,citymun,3,,,false,0201511000,Claveria,direct
fic,total,0201512,citymun,414,611,67.75777414075287,false,0201512000,Enrile,direct
fic,male,0201512,citymun,223,,,false,0201512000,Enrile,direct
fic,female,0201512,citymun,191,,,false,0201512000,Enrile,direct
cic,total,0201512,citymun,6,138,4.3478260869565215,false,0201512000,Enrile,direct
cic,male,0201512,citymun,2,,,false,0201512000,Enrile,direct
cic,female,0201512,citymun,4,,,false,0201512000,Enrile,direct
fic,total,0201513,citymun,647,1065,60.75117370892019,false,0201513000,Gattaran,direct
fic,male,0201513,citymun,338,,,false,0201513000,Gattaran,direct
fic,female,0201513,citymun,309,,,false,0201513000,Gattaran,direct
cic,total,0201513,citymun,4,368,1.0869565217391304,false,0201513000,Gattaran,direct
cic,male,0201513,citymun,0,,,false,0201513000,Gattaran,direct
cic,female,0201513,citymun,4,,,false,0201513000,Gattaran,direct
fic,total,0201514,citymun,547,808,67.69801980198021,false,0201514000,Gonzaga,direct
fic,male,0201514,citymun,300,,,false,0201514000,Gonzaga,direct
fic,female,0201514,citymun,247,,,false,0201514000,Gonzaga,direct
cic,total,0201514,citymun,0,247,0.0,false,0201514000,Gonzaga,direct
cic,male,0201514,citymun,0,,,false,0201514000,Gonzaga,direct
cic,female,0201514,citymun,0,,,false,0201514000,Gonzaga,direct
fic,total,0201515,citymun,347,573,60.55846422338569,false,0201515000,Iguig,direct
fic,male,0201515,citymun,167,,,false,0201515000,Iguig,direct
fic,female,0201515,citymun,180,,,false,0201515000,Iguig,direct
cic,total,0201515,citymun,7,227,3.0837004405286343,false,0201515000,Iguig,direct
cic,male,0201515,citymun,4,,,false,0201515000,Iguig,direct
cic,female,0201515,citymun,3,,,false,0201515000,Iguig,direct
fic,total,0201516,citymun,583,914,63.7855579868709,false,0201516000,Lal-Lo,direct
fic,male,0201516,citymun,287,,,false,0201516000,Lal-Lo,direct
fic,female,0201516,citymun,296,,,false,0201516000,Lal-Lo,direct
cic,total,0201516,citymun,0,229,0.0,false,0201516000,Lal-Lo,direct
cic,male,0201516,citymun,0,,,false,0201516000,Lal-Lo,direct
cic,female,0201516,citymun,0,,,false,0201516000,Lal-Lo,direct
fic,total,0201517,citymun,410,739,55.48037889039242,false,0201517000,Lasam,direct
fic,male,0201517,citymun,192,,,false,0201517000,Lasam,direct
fic,female,0201517,citymun,218,,,false,0201517000,Lasam,direct
cic,total,0201517,citymun,0,270,0.0,false,0201517000,Lasam,direct
cic,male,0201517,citymun,0,,,false,0201517000,Lasam,direct
cic,female,0201517,citymun,0,,,false,0201517000,Lasam,direct
fic,total,0201518,citymun,284,439,64.69248291571755,false,0201518000,Pamplona,direct
fic,male,0201518,citymun,163,,,false,0201518000,Pamplona,direct
fic,female,0201518,citymun,121,,,false,0201518000,Pamplona,direct
cic,total,0201518,citymun,0,202,0.0,false,0201518000,Pamplona,direct
cic,male,0201518,citymun,0,,,false,0201518000,Pamplona,direct
cic,female,0201518,citymun,0,,,false,0201518000,Pamplona,direct
fic,total,0201519,citymun,627,978,64.11042944785275,false,0201519000,Peñablanca,direct
fic,male,0201519,citymun,331,,,false,0201519000,Peñablanca,direct
fic,female,0201519,citymun,296,,,false,0201519000,Peñablanca,direct
cic,total,0201519,citymun,2,367,0.544959128065395,false,0201519000,Peñablanca,direct
cic,male,0201519,citymun,0,,,false,0201519000,Peñablanca,direct
cic,female,0201519,citymun,2,,,false,0201519000,Peñablanca,direct
fic,total,0201520,citymun,256,423,60.520094562647756,false,0201520000,Piat,direct
fic,male,0201520,citymun,127,,,false,0201520000,Piat,direct
fic,female,0201520,citymun,129,,,false,0201520000,Piat,direct
cic,total,0201520,citymun,8,175,4.571428571428571,false,0201520000,Piat,direct
cic,male,0201520,citymun,5,,,false,0201520000,Piat,direct
cic,female,0201520,citymun,3,,,false,0201520000,Piat,direct
fic,total,0201521,citymun,151,350,43.142857142857146,false,0201521000,Rizal,direct
fic,male,0201521,citymun,81,,,false,0201521000,Rizal,direct
fic,female,0201521,citymun,70,,,false,0201521000,Rizal,direct
cic,total,0201521,citymun,0,123,0.0,false,0201521000,Rizal,direct
cic,male,0201521,citymun,0,,,false,0201521000,Rizal,direct
cic,female,0201521,citymun,0,,,false,0201521000,Rizal,direct
fic,total,0201522,citymun,258,411,62.77372262773723,false,0201522000,Sanchez-Mira,direct
fic,male,0201522,citymun,149,,,false,0201522000,Sanchez-Mira,direct
fic,female,0201522,citymun,109,,,false,0201522000,Sanchez-Mira,direct
cic,total,0201522,citymun,0,150,0.0,false,0201522000,Sanchez-Mira,direct
cic,male,0201522,citymun,0,,,false,0201522000,Sanchez-Mira,direct
cic,female,0201522,citymun,0,,,false,0201522000,Sanchez-Mira,direct
fic,total,0201523,citymun,480,797,60.22584692597239,false,0201523000,Santa Ana,direct
fic,male,0201523,citymun,251,,,false,0201523000,Santa Ana,direct
fic,female,0201523,citymun,229,,,false,0201523000,Santa Ana,direct
cic,total,0201523,citymun,21,295,7.118644067796611,false,0201523000,Santa Ana,direct
cic,male,0201523,citymun,12,,,false,0201523000,Santa Ana,direct
cic,female,0201523,citymun,9,,,false,0201523000,Santa Ana,direct
fic,total,0201524,citymun,27,61,44.26229508196721,false,0201524000,Santa Praxedes,direct
fic,male,0201524,citymun,18,,,false,0201524000,Santa Praxedes,direct
fic,female,0201524,citymun,9,,,false,0201524000,Santa Praxedes,direct
cic,total,0201524,citymun,0,23,0.0,false,0201524000,Santa Praxedes,direct
cic,male,0201524,citymun,0,,,false,0201524000,Santa Praxedes,direct
cic,female,0201524,citymun,0,,,false,0201524000,Santa Praxedes,direct
fic,total,0201525,citymun,243,339,71.68141592920354,false,0201525000,Santa Teresita,direct
fic,male,0201525,citymun,130,,,false,0201525000,Santa Teresita,direct
fic,female,0201525,citymun,113,,,false,0201525000,Santa Teresita,direct
cic,total,0201525,citymun,0,80,0.0,false,0201525000,Santa Teresita,direct
cic,male,0201525,citymun,0,,,false,0201525000,Santa Teresita,direct
cic,female,0201525,citymun,0,,,false,0201525000,Santa Teresita,direct
fic,total,0201526,citymun,331,516,64.14728682170544,false,0201526000,Santo Niño,direct
fic,male,0201526,citymun,167,,,false,0201526000,Santo Niño,direct
fic,female,0201526,citymun,164,,,false,0201526000,Santo Niño,direct
cic,total,0201526,citymun,13,169,7.6923076923076925,false,0201526000,Santo Niño,direct
cic,male,0201526,citymun,10,,,false,0201526000,Santo Niño,direct
cic,female,0201526,citymun,3,,,false,0201526000,Santo Niño,direct
fic,total,0201527,citymun,1067,1622,65.7829839704069,false,0201527000,Solana,direct
fic,male,0201527,citymun,545,,,false,0201527000,Solana,direct
fic,female,0201527,citymun,522,,,false,0201527000,Solana,direct
cic,total,0201527,citymun,0,456,0.0,false,0201527000,Solana,direct
cic,male,0201527,citymun,0,,,false,0201527000,Solana,direct
cic,female,0201527,citymun,0,,,false,0201527000,Solana,direct
fic,total,0201528,citymun,716,1038,68.97880539499036,false,0201528000,Tuao,direct
fic,male,0201528,citymun,393,,,false,0201528000,Tuao,direct
fic,female,0201528,citymun,323,,,false,0201528000,Tuao,direct
cic,total,0201528,citymun,2,229,0.8733624454148471,false,0201528000,Tuao,direct
cic,male,0201528,citymun,2,,,false,0201528000,Tuao,direct
cic,female,0201528,citymun,0,,,false,0201528000,Tuao,direct
fic,total,0201529,citymun,1620,2774,58.39942321557318,false,0201529000,Tuguegarao City,direct
fic,male,0201529,citymun,877,,,false,0201529000,Tuguegarao City,direct
fic,female,0201529,citymun,743,,,false,0201529000,Tuguegarao City,direct
cic,total,0201529,citymun,140,1086,12.89134438305709,false,0201529000,Tuguegarao City,direct
cic,male,0201529,citymun,78,,,false,0201529000,Tuguegarao City,direct
cic,female,0201529,citymun,62,,,false,0201529000,Tuguegarao City,direct
fic,total,02031,province,20184,29775,67.78841309823677,false,0203100000,Isabela,direct
fic,male,02031,province,10397,,,false,0203100000,Isabela,direct
fic,female,02031,province,9787,,,false,0203100000,Isabela,direct
cic,total,02031,province,211,7978,2.644773126096766,false,0203100000,Isabela,direct
cic,male,02031,province,103,,,false,0203100000,Isabela,direct
cic,female,02031,province,108,,,false,0203100000,Isabela,direct
fic,total,0203101,citymun,1014,1269,79.90543735224587,false,0203101000,Alicia,direct
fic,male,0203101,citymun,567,,,false,0203101000,Alicia,direct
fic,female,0203101,citymun,447,,,false,0203101000,Alicia,direct
cic,total,0203101,citymun,4,254,1.574803149606299,false,0203101000,Alicia,direct
cic,male,0203101,citymun,0,,,false,0203101000,Alicia,direct
cic,female,0203101,citymun,4,,,false,0203101000,Alicia,direct
fic,total,0203102,citymun,766,789,97.08491761723701,false,0203102000,Angadanan,direct
fic,male,0203102,citymun,379,,,false,0203102000,Angadanan,direct
fic,female,0203102,citymun,387,,,false,0203102000,Angadanan,direct
cic,total,0203102,citymun,0,35,0.0,false,0203102000,Angadanan,direct
cic,male,0203102,citymun,0,,,false,0203102000,Angadanan,direct
cic,female,0203102,citymun,0,,,false,0203102000,Angadanan,direct
fic,total,0203103,citymun,600,616,97.40259740259741,false,0203103000,Aurora,direct
fic,male,0203103,citymun,287,,,false,0203103000,Aurora,direct
fic,female,0203103,citymun,313,,,false,0203103000,Aurora,direct
cic,total,0203103,citymun,13,19,68.42105263157895,false,0203103000,Aurora,direct
cic,male,0203103,citymun,8,,,false,0203103000,Aurora,direct
cic,female,0203103,citymun,5,,,false,0203103000,Aurora,direct
fic,total,0203104,citymun,368,541,68.02218114602587,false,0203104000,Benito Soliven,direct
fic,male,0203104,citymun,211,,,false,0203104000,Benito Soliven,direct
fic,female,0203104,citymun,157,,,false,0203104000,Benito Soliven,direct
cic,total,0203104,citymun,1,158,0.6329113924050633,false,0203104000,Benito Soliven,direct
cic,male,0203104,citymun,1,,,false,0203104000,Benito Soliven,direct
cic,female,0203104,citymun,0,,,false,0203104000,Benito Soliven,direct
fic,total,0203105,citymun,252,490,51.42857142857142,false,0203105000,Burgos,direct
fic,male,0203105,citymun,129,,,false,0203105000,Burgos,direct
fic,female,0203105,citymun,123,,,false,0203105000,Burgos,direct
cic,total,0203105,citymun,0,198,0.0,false,0203105000,Burgos,direct
cic,male,0203105,citymun,0,,,false,0203105000,Burgos,direct
cic,female,0203105,citymun,0,,,false,0203105000,Burgos,direct
fic,total,0203106,citymun,747,1035,72.17391304347827,false,0203106000,Cabagan,direct
fic,male,0203106,citymun,384,,,false,0203106000,Cabagan,direct
fic,female,0203106,citymun,363,,,false,0203106000,Cabagan,direct
cic,total,0203106,citymun,0,183,0.0,false,0203106000,Cabagan,direct
cic,male,0203106,citymun,0,,,false,0203106000,Cabagan,direct
cic,female,0203106,citymun,0,,,false,0203106000,Cabagan,direct
fic,total,0203107,citymun,457,686,66.61807580174927,false,0203107000,Cabatuan,direct
fic,male,0203107,citymun,222,,,false,0203107000,Cabatuan,direct
fic,female,0203107,citymun,235,,,false,0203107000,Cabatuan,direct
cic,total,0203107,citymun,0,154,0.0,false,0203107000,Cabatuan,direct
cic,male,0203107,citymun,0,,,false,0203107000,Cabatuan,direct
cic,female,0203107,citymun,0,,,false,0203107000,Cabatuan,direct
fic,total,0203108,citymun,1560,2890,53.979238754325266,false,0203108000,City of Cauayan,direct
fic,male,0203108,citymun,822,,,false,0203108000,City of Cauayan,direct
fic,female,0203108,citymun,738,,,false,0203108000,City of Cauayan,direct
cic,total,0203108,citymun,112,1097,10.209662716499544,false,0203108000,City of Cauayan,direct
cic,male,0203108,citymun,50,,,false,0203108000,City of Cauayan,direct
cic,female,0203108,citymun,62,,,false,0203108000,City of Cauayan,direct
fic,total,0203109,citymun,751,980,76.63265306122449,false,0203109000,Cordon,direct
fic,male,0203109,citymun,397,,,false,0203109000,Cordon,direct
fic,female,0203109,citymun,354,,,false,0203109000,Cordon,direct
cic,total,0203109,citymun,1,300,0.33333333333333337,false,0203109000,Cordon,direct
cic,male,0203109,citymun,1,,,false,0203109000,Cordon,direct
cic,female,0203109,citymun,0,,,false,0203109000,Cordon,direct
fic,total,0203110,citymun,139,142,97.88732394366197,false,0203110000,Dinapigue,direct
fic,male,0203110,citymun,66,,,false,0203110000,Dinapigue,direct
fic,female,0203110,citymun,73,,,false,0203110000,Dinapigue,direct
cic,total,0203110,citymun,0,6,0.0,false,0203110000,Dinapigue,direct
cic,male,0203110,citymun,0,,,false,0203110000,Dinapigue,direct
cic,female,0203110,citymun,0,,,false,0203110000,Dinapigue,direct
fic,total,0203111,citymun,54,111,48.64864864864865,false,0203111000,Divilacan,direct
fic,male,0203111,citymun,30,,,false,0203111000,Divilacan,direct
fic,female,0203111,citymun,24,,,false,0203111000,Divilacan,direct
cic,total,0203111,citymun,8,59,13.559322033898304,false,0203111000,Divilacan,direct
cic,male,0203111,citymun,6,,,false,0203111000,Divilacan,direct
cic,female,0203111,citymun,2,,,false,0203111000,Divilacan,direct
fic,total,0203112,citymun,1140,1891,60.285563194077206,false,0203112000,Echague,direct
fic,male,0203112,citymun,604,,,false,0203112000,Echague,direct
fic,female,0203112,citymun,536,,,false,0203112000,Echague,direct
cic,total,0203112,citymun,2,622,0.3215434083601286,false,0203112000,Echague,direct
cic,male,0203112,citymun,1,,,false,0203112000,Echague,direct
cic,female,0203112,citymun,1,,,false,0203112000,Echague,direct
fic,total,0203113,citymun,366,536,68.28358208955224,false,0203113000,Gamu,direct
fic,male,0203113,citymun,181,,,false,0203113000,Gamu,direct
fic,female,0203113,citymun,185,,,false,0203113000,Gamu,direct
cic,total,0203113,citymun,3,160,1.875,false,0203113000,Gamu,direct
cic,male,0203113,citymun,2,,,false,0203113000,Gamu,direct
cic,female,0203113,citymun,1,,,false,0203113000,Gamu,direct
fic,total,0203114,citymun,2181,3060,71.27450980392157,false,0203114000,City of Ilagan,direct
fic,male,0203114,citymun,1135,,,false,0203114000,City of Ilagan,direct
fic,female,0203114,citymun,1046,,,false,0203114000,City of Ilagan,direct
cic,total,0203114,citymun,5,663,0.7541478129713424,false,0203114000,City of Ilagan,direct
cic,male,0203114,citymun,3,,,false,0203114000,City of Ilagan,direct
cic,female,0203114,citymun,2,,,false,0203114000,City of Ilagan,direct
fic,total,0203115,citymun,587,761,77.1353482260184,false,0203115000,Jones,direct
fic,male,0203115,citymun,289,,,false,0203115000,Jones,direct
fic,female,0203115,citymun,298,,,false,0203115000,Jones,direct
cic,total,0203115,citymun,0,178,0.0,false,0203115000,Jones,direct
cic,male,0203115,citymun,0,,,false,0203115000,Jones,direct
cic,female,0203115,citymun,0,,,false,0203115000,Jones,direct
fic,total,0203116,citymun,202,376,53.72340425531915,false,0203116000,Luna,direct
fic,male,0203116,citymun,117,,,false,0203116000,Luna,direct
fic,female,0203116,citymun,85,,,false,0203116000,Luna,direct
cic,total,0203116,citymun,1,142,0.7042253521126761,false,0203116000,Luna,direct
cic,male,0203116,citymun,1,,,false,0203116000,Luna,direct
cic,female,0203116,citymun,0,,,false,0203116000,Luna,direct
fic,total,0203117,citymun,54,81,66.66666666666666,false,0203117000,Maconacon,direct
fic,male,0203117,citymun,25,,,false,0203117000,Maconacon,direct
fic,female,0203117,citymun,29,,,false,0203117000,Maconacon,direct
cic,total,0203117,citymun,2,35,5.714285714285714,false,0203117000,Maconacon,direct
cic,male,0203117,citymun,0,,,false,0203117000,Maconacon,direct
cic,female,0203117,citymun,2,,,false,0203117000,Maconacon,direct
fic,total,0203118,citymun,273,503,54.27435387673957,false,0203118000,Delfin Albano,direct
fic,male,0203118,citymun,136,,,false,0203118000,Delfin Albano,direct
fic,female,0203118,citymun,137,,,false,0203118000,Delfin Albano,direct
cic,total,0203118,citymun,0,229,0.0,false,0203118000,Delfin Albano,direct
cic,male,0203118,citymun,0,,,false,0203118000,Delfin Albano,direct
cic,female,0203118,citymun,0,,,false,0203118000,Delfin Albano,direct
fic,total,0203119,citymun,332,633,52.44865718799369,false,0203119000,Mallig,direct
fic,male,0203119,citymun,152,,,false,0203119000,Mallig,direct
fic,female,0203119,citymun,180,,,false,0203119000,Mallig,direct
cic,total,0203119,citymun,3,215,1.3953488372093024,false,0203119000,Mallig,direct
cic,male,0203119,citymun,2,,,false,0203119000,Mallig,direct
cic,female,0203119,citymun,1,,,false,0203119000,Mallig,direct
fic,total,0203120,citymun,444,524,84.7328244274809,false,0203120000,Naguilian,direct
fic,male,0203120,citymun,212,,,false,0203120000,Naguilian,direct
fic,female,0203120,citymun,232,,,false,0203120000,Naguilian,direct
cic,total,0203120,citymun,0,31,0.0,false,0203120000,Naguilian,direct
cic,male,0203120,citymun,0,,,false,0203120000,Naguilian,direct
cic,female,0203120,citymun,0,,,false,0203120000,Naguilian,direct
fic,total,0203121,citymun,247,326,75.76687116564416,false,0203121000,Palanan,direct
fic,male,0203121,citymun,128,,,false,0203121000,Palanan,direct
fic,female,0203121,citymun,119,,,false,0203121000,Palanan,direct
cic,total,0203121,citymun,0,62,0.0,false,0203121000,Palanan,direct
cic,male,0203121,citymun,0,,,false,0203121000,Palanan,direct
cic,female,0203121,citymun,0,,,false,0203121000,Palanan,direct
fic,total,0203122,citymun,342,503,67.9920477137177,false,0203122000,Quezon,direct
fic,male,0203122,citymun,170,,,false,0203122000,Quezon,direct
fic,female,0203122,citymun,172,,,false,0203122000,Quezon,direct
cic,total,0203122,citymun,14,159,8.80503144654088,false,0203122000,Quezon,direct
cic,male,0203122,citymun,7,,,false,0203122000,Quezon,direct
cic,female,0203122,citymun,7,,,false,0203122000,Quezon,direct
fic,total,0203123,citymun,261,430,60.69767441860465,false,0203123000,Quirino,direct
fic,male,0203123,citymun,128,,,false,0203123000,Quirino,direct
fic,female,0203123,citymun,133,,,false,0203123000,Quirino,direct
cic,total,0203123,citymun,2,169,1.183431952662722,false,0203123000,Quirino,direct
cic,male,0203123,citymun,2,,,false,0203123000,Quirino,direct
cic,female,0203123,citymun,0,,,false,0203123000,Quirino,direct
fic,total,0203124,citymun,773,1226,63.05057096247961,false,0203124000,Ramon,direct
fic,male,0203124,citymun,414,,,false,0203124000,Ramon,direct
fic,female,0203124,citymun,359,,,false,0203124000,Ramon,direct
cic,total,0203124,citymun,2,389,0.5141388174807198,false,0203124000,Ramon,direct
cic,male,0203124,citymun,0,,,false,0203124000,Ramon,direct
cic,female,0203124,citymun,2,,,false,0203124000,Ramon,direct
fic,total,0203125,citymun,322,531,60.64030131826742,false,0203125000,Reina Mercedes,direct
fic,male,0203125,citymun,152,,,false,0203125000,Reina Mercedes,direct
fic,female,0203125,citymun,170,,,false,0203125000,Reina Mercedes,direct
cic,total,0203125,citymun,1,159,0.628930817610063,false,0203125000,Reina Mercedes,direct
cic,male,0203125,citymun,1,,,false,0203125000,Reina Mercedes,direct
cic,female,0203125,citymun,0,,,false,0203125000,Reina Mercedes,direct
fic,total,0203126,citymun,789,1323,59.63718820861678,false,0203126000,Roxas,direct
fic,male,0203126,citymun,396,,,false,0203126000,Roxas,direct
fic,female,0203126,citymun,393,,,false,0203126000,Roxas,direct
cic,total,0203126,citymun,14,455,3.076923076923077,false,0203126000,Roxas,direct
cic,male,0203126,citymun,7,,,false,0203126000,Roxas,direct
cic,female,0203126,citymun,7,,,false,0203126000,Roxas,direct
fic,total,0203127,citymun,227,325,69.84615384615384,false,0203127000,San Agustin,direct
fic,male,0203127,citymun,118,,,false,0203127000,San Agustin,direct
fic,female,0203127,citymun,109,,,false,0203127000,San Agustin,direct
cic,total,0203127,citymun,0,100,0.0,false,0203127000,San Agustin,direct
cic,male,0203127,citymun,0,,,false,0203127000,San Agustin,direct
cic,female,0203127,citymun,0,,,false,0203127000,San Agustin,direct
fic,total,0203128,citymun,304,423,71.8676122931442,false,0203128000,San Guillermo,direct
fic,male,0203128,citymun,156,,,false,0203128000,San Guillermo,direct
fic,female,0203128,citymun,148,,,false,0203128000,San Guillermo,direct
cic,total,0203128,citymun,15,80,18.75,false,0203128000,San Guillermo,direct
cic,male,0203128,citymun,8,,,false,0203128000,San Guillermo,direct
cic,female,0203128,citymun,7,,,false,0203128000,San Guillermo,direct
fic,total,0203129,citymun,324,519,62.42774566473989,false,0203129000,San Isidro,direct
fic,male,0203129,citymun,165,,,false,0203129000,San Isidro,direct
fic,female,0203129,citymun,159,,,false,0203129000,San Isidro,direct
cic,total,0203129,citymun,0,163,0.0,false,0203129000,San Isidro,direct
cic,male,0203129,citymun,0,,,false,0203129000,San Isidro,direct
cic,female,0203129,citymun,0,,,false,0203129000,San Isidro,direct
fic,total,0203130,citymun,374,656,57.012195121951216,false,0203130000,San Manuel,direct
fic,male,0203130,citymun,204,,,false,0203130000,San Manuel,direct
fic,female,0203130,citymun,170,,,false,0203130000,San Manuel,direct
cic,total,0203130,citymun,1,239,0.41841004184100417,false,0203130000,San Manuel,direct
cic,male,0203130,citymun,1,,,false,0203130000,San Manuel,direct
cic,female,0203130,citymun,0,,,false,0203130000,San Manuel,direct
fic,total,0203131,citymun,919,1241,74.05318291700242,false,0203131000,San Mariano,direct
fic,male,0203131,citymun,476,,,false,0203131000,San Mariano,direct
fic,female,0203131,citymun,443,,,false,0203131000,San Mariano,direct
cic,total,0203131,citymun,3,219,1.36986301369863,false,0203131000,San Mariano,direct
cic,male,0203131,citymun,1,,,false,0203131000,San Mariano,direct
cic,female,0203131,citymun,2,,,false,0203131000,San Mariano,direct
fic,total,0203132,citymun,855,1182,72.33502538071066,false,0203132000,San Mateo,direct
fic,male,0203132,citymun,466,,,false,0203132000,San Mateo,direct
fic,female,0203132,citymun,389,,,false,0203132000,San Mateo,direct
cic,total,0203132,citymun,2,290,0.6896551724137931,false,0203132000,San Mateo,direct
cic,male,0203132,citymun,1,,,false,0203132000,San Mateo,direct
cic,female,0203132,citymun,1,,,false,0203132000,San Mateo,direct
fic,total,0203133,citymun,336,531,63.2768361581921,false,0203133000,San Pablo,direct
fic,male,0203133,citymun,165,,,false,0203133000,San Pablo,direct
fic,female,0203133,citymun,171,,,false,0203133000,San Pablo,direct
cic,total,0203133,citymun,1,121,0.8264462809917356,false,0203133000,San Pablo,direct
cic,male,0203133,citymun,0,,,false,0203133000,San Pablo,direct
cic,female,0203133,citymun,1,,,false,0203133000,San Pablo,direct
fic,total,0203134,citymun,340,565,60.17699115044248,false,0203134000,Santa Maria,direct
fic,male,0203134,citymun,172,,,false,0203134000,Santa Maria,direct
fic,female,0203134,citymun,168,,,false,0203134000,Santa Maria,direct
cic,total,0203134,citymun,0,139,0.0,false,0203134000,Santa Maria,direct
cic,male,0203134,citymun,0,,,false,0203134000,Santa Maria,direct
cic,female,0203134,citymun,0,,,false,0203134000,Santa Maria,direct
fic,total,0203136,citymun,238,477,49.895178197064986,false,0203136000,Santo Tomas,direct
fic,male,0203136,citymun,115,,,false,0203136000,Santo Tomas,direct
fic,female,0203136,citymun,123,,,false,0203136000,Santo Tomas,direct
cic,total,0203136,citymun,1,193,0.5181347150259068,false,0203136000,Santo Tomas,direct
cic,male,0203136,citymun,0,,,false,0203136000,Santo Tomas,direct
cic,female,0203136,citymun,1,,,false,0203136000,Santo Tomas,direct
fic,total,0203137,citymun,1246,1603,77.72925764192141,false,0203137000,Tumauini,direct
fic,male,0203137,citymun,627,,,false,0203137000,Tumauini,direct
fic,female,0203137,citymun,619,,,false,0203137000,Tumauini,direct
cic,total,0203137,citymun,0,303,0.0,false,0203137000,Tumauini,direct
cic,male,0203137,citymun,0,,,false,0203137000,Tumauini,direct
cic,female,0203137,citymun,0,,,false,0203137000,Tumauini,direct
fic,total,02050,province,5782,9661,59.848876927854256,false,0205000000,Nueva Vizcaya,direct
fic,male,02050,province,2935,,,false,0205000000,Nueva Vizcaya,direct
fic,female,02050,province,2847,,,false,0205000000,Nueva Vizcaya,direct
cic,total,02050,province,299,3637,8.221061314270003,false,0205000000,Nueva Vizcaya,direct
cic,male,02050,province,143,,,false,0205000000,Nueva Vizcaya,direct
cic,female,02050,province,156,,,false,0205000000,Nueva Vizcaya,direct
fic,total,0205001,citymun,218,409,53.30073349633252,false,0205001000,Ambaguio,direct
fic,male,0205001,citymun,115,,,false,0205001000,Ambaguio,direct
fic,female,0205001,citymun,103,,,false,0205001000,Ambaguio,direct
cic,total,0205001,citymun,3,192,1.5625,false,0205001000,Ambaguio,direct
cic,male,0205001,citymun,0,,,false,0205001000,Ambaguio,direct
cic,female,0205001,citymun,3,,,false,0205001000,Ambaguio,direct
fic,total,0205002,citymun,466,794,58.69017632241813,false,0205002000,Aritao,direct
fic,male,0205002,citymun,235,,,false,0205002000,Aritao,direct
fic,female,0205002,citymun,231,,,false,0205002000,Aritao,direct
cic,total,0205002,citymun,23,250,9.2,false,0205002000,Aritao,direct
cic,male,0205002,citymun,10,,,false,0205002000,Aritao,direct
cic,female,0205002,citymun,13,,,false,0205002000,Aritao,direct
fic,total,0205003,citymun,412,649,63.48228043143297,false,0205003000,Bagabag,direct
fic,male,0205003,citymun,197,,,false,0205003000,Bagabag,direct
fic,female,0205003,citymun,215,,,false,0205003000,Bagabag,direct
cic,total,0205003,citymun,34,266,12.781954887218044,false,0205003000,Bagabag,direct
cic,male,0205003,citymun,19,,,false,0205003000,Bagabag,direct
cic,female,0205003,citymun,15,,,false,0205003000,Bagabag,direct
fic,total,0205004,citymun,690,1002,68.8622754491018,false,0205004000,Bambang,direct
fic,male,0205004,citymun,367,,,false,0205004000,Bambang,direct
fic,female,0205004,citymun,323,,,false,0205004000,Bambang,direct
cic,total,0205004,citymun,8,225,3.5555555555555554,false,0205004000,Bambang,direct
cic,male,0205004,citymun,5,,,false,0205004000,Bambang,direct
cic,female,0205004,citymun,3,,,false,0205004000,Bambang,direct
fic,total,0205005,citymun,893,1252,71.3258785942492,false,0205005000,Bayombong,direct
fic,male,0205005,citymun,465,,,false,0205005000,Bayombong,direct
fic,female,0205005,citymun,428,,,false,0205005000,Bayombong,direct
cic,total,0205005,citymun,9,408,2.2058823529411766,false,0205005000,Bayombong,direct
cic,male,0205005,citymun,4,,,false,0205005000,Bayombong,direct
cic,female,0205005,citymun,5,,,false,0205005000,Bayombong,direct
fic,total,0205006,citymun,298,375,79.46666666666667,false,0205006000,Diadi,direct
fic,male,0205006,citymun,147,,,false,0205006000,Diadi,direct
fic,female,0205006,citymun,151,,,false,0205006000,Diadi,direct
cic,total,0205006,citymun,0,102,0.0,false,0205006000,Diadi,direct
cic,male,0205006,citymun,0,,,false,0205006000,Diadi,direct
cic,female,0205006,citymun,0,,,false,0205006000,Diadi,direct
fic,total,0205007,citymun,382,610,62.62295081967213,false,0205007000,Dupax del Norte,direct
fic,male,0205007,citymun,197,,,false,0205007000,Dupax del Norte,direct
fic,female,0205007,citymun,185,,,false,0205007000,Dupax del Norte,direct
cic,total,0205007,citymun,0,303,0.0,false,0205007000,Dupax del Norte,direct
cic,male,0205007,citymun,0,,,false,0205007000,Dupax del Norte,direct
cic,female,0205007,citymun,0,,,false,0205007000,Dupax del Norte,direct
fic,total,0205008,citymun,211,415,50.84337349397591,false,0205008000,Dupax del Sur,direct
fic,male,0205008,citymun,107,,,false,0205008000,Dupax del Sur,direct
fic,female,0205008,citymun,104,,,false,0205008000,Dupax del Sur,direct
cic,total,0205008,citymun,3,187,1.6042780748663104,false,0205008000,Dupax del Sur,direct
cic,male,0205008,citymun,1,,,false,0205008000,Dupax del Sur,direct
cic,female,0205008,citymun,2,,,false,0205008000,Dupax del Sur,direct
fic,total,0205009,citymun,429,1010,42.475247524752476,false,0205009000,Kasibu,direct
fic,male,0205009,citymun,223,,,false,0205009000,Kasibu,direct
fic,female,0205009,citymun,206,,,false,0205009000,Kasibu,direct
cic,total,0205009,citymun,62,551,11.252268602540836,false,0205009000,Kasibu,direct
cic,male,0205009,citymun,30,,,false,0205009000,Kasibu,direct
cic,female,0205009,citymun,32,,,false,0205009000,Kasibu,direct
fic,total,0205010,citymun,247,621,39.77455716586151,false,0205010000,Kayapa,direct
fic,male,0205010,citymun,115,,,false,0205010000,Kayapa,direct
fic,female,0205010,citymun,132,,,false,0205010000,Kayapa,direct
cic,total,0205010,citymun,30,331,9.06344410876133,false,0205010000,Kayapa,direct
cic,male,0205010,citymun,13,,,false,0205010000,Kayapa,direct
cic,female,0205010,citymun,17,,,false,0205010000,Kayapa,direct
fic,total,0205011,citymun,286,502,56.97211155378486,false,0205011000,Quezon,direct
fic,male,0205011,citymun,141,,,false,0205011000,Quezon,direct
fic,female,0205011,citymun,145,,,false,0205011000,Quezon,direct
cic,total,0205011,citymun,17,117,14.529914529914532,false,0205011000,Quezon,direct
cic,male,0205011,citymun,9,,,false,0205011000,Quezon,direct
cic,female,0205011,citymun,8,,,false,0205011000,Quezon,direct
fic,total,0205012,citymun,215,345,62.31884057971014,false,0205012000,Santa Fe,direct
fic,male,0205012,citymun,103,,,false,0205012000,Santa Fe,direct
fic,female,0205012,citymun,112,,,false,0205012000,Santa Fe,direct
cic,total,0205012,citymun,11,113,9.734513274336283,false,0205012000,Santa Fe,direct
cic,male,0205012,citymun,4,,,false,0205012000,Santa Fe,direct
cic,female,0205012,citymun,7,,,false,0205012000,Santa Fe,direct
fic,total,0205013,citymun,714,1118,63.864042933810374,false,0205013000,Solano,direct
fic,male,0205013,citymun,371,,,false,0205013000,Solano,direct
fic,female,0205013,citymun,343,,,false,0205013000,Solano,direct
cic,total,0205013,citymun,74,433,17.090069284064665,false,0205013000,Solano,direct
cic,male,0205013,citymun,36,,,false,0205013000,Solano,direct
cic,female,0205013,citymun,38,,,false,0205013000,Solano,direct
fic,total,0205014,citymun,218,397,54.91183879093199,false,0205014000,Villaverde,direct
fic,male,0205014,citymun,103,,,false,0205014000,Villaverde,direct
fic,female,0205014,citymun,115,,,false,0205014000,Villaverde,direct
cic,total,0205014,citymun,20,131,15.267175572519085,false,0205014000,Villaverde,direct
cic,male,0205014,citymun,9,,,false,0205014000,Villaverde,direct
cic,female,0205014,citymun,11,,,false,0205014000,Villaverde,direct
fic,total,0205015,citymun,103,162,63.580246913580254,false,0205015000,Alfonso Castaneda,direct
fic,male,0205015,citymun,49,,,false,0205015000,Alfonso Castaneda,direct
fic,female,0205015,citymun,54,,,false,0205015000,Alfonso Castaneda,direct
cic,total,0205015,citymun,5,28,17.857142857142858,false,0205015000,Alfonso Castaneda,direct
cic,male,0205015,citymun,3,,,false,0205015000,Alfonso Castaneda,direct
cic,female,0205015,citymun,2,,,false,0205015000,Alfonso Castaneda,direct
fic,total,02057,province,3307,4186,79.00143334925943,false,0205700000,Quirino,direct
fic,male,02057,province,1701,,,false,0205700000,Quirino,direct
fic,female,02057,province,1606,,,false,0205700000,Quirino,direct
cic,total,02057,province,13,938,1.3859275053304905,false,0205700000,Quirino,direct
cic,male,02057,province,8,,,false,0205700000,Quirino,direct
cic,female,02057,province,5,,,false,0205700000,Quirino,direct
fic,total,0205701,citymun,498,616,80.84415584415584,false,0205701000,Aglipay,direct
fic,male,0205701,citymun,250,,,false,0205701000,Aglipay,direct
fic,female,0205701,citymun,248,,,false,0205701000,Aglipay,direct
cic,total,0205701,citymun,3,274,1.094890510948905,false,0205701000,Aglipay,direct
cic,male,0205701,citymun,2,,,false,0205701000,Aglipay,direct
cic,female,0205701,citymun,1,,,false,0205701000,Aglipay,direct
fic,total,0205702,citymun,472,646,73.06501547987617,false,0205702000,Cabarroguis,direct
fic,male,0205702,citymun,270,,,false,0205702000,Cabarroguis,direct
fic,female,0205702,citymun,202,,,false,0205702000,Cabarroguis,direct
cic,total,0205702,citymun,1,124,0.8064516129032258,false,0205702000,Cabarroguis,direct
cic,male,0205702,citymun,1,,,false,0205702000,Cabarroguis,direct
cic,female,0205702,citymun,0,,,false,0205702000,Cabarroguis,direct
fic,total,0205703,citymun,1155,1214,95.14003294892916,false,0205703000,Diffun,direct
fic,male,0205703,citymun,554,,,false,0205703000,Diffun,direct
fic,female,0205703,citymun,601,,,false,0205703000,Diffun,direct
cic,total,0205703,citymun,0,47,0.0,false,0205703000,Diffun,direct
cic,male,0205703,citymun,0,,,false,0205703000,Diffun,direct
cic,female,0205703,citymun,0,,,false,0205703000,Diffun,direct
fic,total,0205704,citymun,517,816,63.357843137254896,false,0205704000,Maddela,direct
fic,male,0205704,citymun,266,,,false,0205704000,Maddela,direct
fic,female,0205704,citymun,251,,,false,0205704000,Maddela,direct
cic,total,0205704,citymun,5,292,1.7123287671232876,false,0205704000,Maddela,direct
cic,male,0205704,citymun,3,,,false,0205704000,Maddela,direct
cic,female,0205704,citymun,2,,,false,0205704000,Maddela,direct
fic,total,0205705,citymun,281,316,88.92405063291139,false,0205705000,Saguday,direct
fic,male,0205705,citymun,155,,,false,0205705000,Saguday,direct
fic,female,0205705,citymun,126,,,false,0205705000,Saguday,direct
cic,total,0205705,citymun,1,30,3.3333333333333335,false,0205705000,Saguday,direct
cic,male,0205705,citymun,0,,,false,0205705000,Saguday,direct
cic,female,0205705,citymun,1,,,false,0205705000,Saguday,direct
fic,total,0205706,citymun,384,578,66.43598615916954,false,0205706000,Nagtipunan,direct
fic,male,0205706,citymun,206,,,false,0205706000,Nagtipunan,direct
fic,female,0205706,citymun,178,,,false,0205706000,Nagtipunan,direct
cic,total,0205706,citymun,3,171,1.7543859649122806,false,0205706000,Nagtipunan,direct
cic,male,0205706,citymun,2,,,false,0205706000,Nagtipunan,direct
cic,female,0205706,citymun,1,,,false,0205706000,Nagtipunan,direct
fic,total,0203135,citymun,3153,3200,98.53125,false,0203135000,City of Santiago,direct
fic,male,0203135,citymun,1626,,,false,0203135000,City of Santiago,direct
fic,female,0203135,citymun,1527,,,false,0203135000,City of Santiago,direct
cic,total,0203135,citymun,6,83,7.228915662650602,false,0203135000,City of Santiago,direct
cic,male,0203135,citymun,2,,,false,0203135000,City of Santiago,direct
cic,female,0203135,citymun,4,,,false,0203135000,City of Santiago,direct
fic,total,03,region,196532,256011,76.76701391737075,false,0300000000,Region 3,direct
fic,male,03,region,100148,,,false,0300000000,Region 3,direct
fic,female,03,region,96384,,,false,0300000000,Region 3,direct
cic,total,03,region,8289,61332,13.514967716689494,false,0300000000,Region 3,direct
cic,male,03,region,4392,,,false,0300000000,Region 3,direct
cic,female,03,region,3897,,,false,0300000000,Region 3,direct
fic,total,03008,province,11737,19041,61.64067013287118,false,0300800000,Bataan,direct
fic,male,03008,province,6006,,,false,0300800000,Bataan,direct
fic,female,03008,province,5731,,,false,0300800000,Bataan,direct
cic,total,03008,province,636,6986,9.103922129974235,false,0300800000,Bataan,direct
cic,male,03008,province,341,,,false,0300800000,Bataan,direct
cic,female,03008,province,295,,,false,0300800000,Bataan,direct
fic,total,0300801,citymun,548,929,58.988159311087195,false,0300801000,Abucay,direct
fic,male,0300801,citymun,260,,,false,0300801000,Abucay,direct
fic,female,0300801,citymun,288,,,false,0300801000,Abucay,direct
cic,total,0300801,citymun,16,303,5.2805280528052805,false,0300801000,Abucay,direct
cic,male,0300801,citymun,7,,,false,0300801000,Abucay,direct
cic,female,0300801,citymun,9,,,false,0300801000,Abucay,direct
fic,total,0300802,citymun,481,694,69.30835734870317,false,0300802000,Bagac,direct
fic,male,0300802,citymun,255,,,false,0300802000,Bagac,direct
fic,female,0300802,citymun,226,,,false,0300802000,Bagac,direct
cic,total,0300802,citymun,12,251,4.780876494023905,false,0300802000,Bagac,direct
cic,male,0300802,citymun,6,,,false,0300802000,Bagac,direct
cic,female,0300802,citymun,6,,,false,0300802000,Bagac,direct
fic,total,0300803,citymun,1323,2255,58.66962305986696,false,0300803000,City of Balanga,direct
fic,male,0300803,citymun,678,,,false,0300803000,City of Balanga,direct
fic,female,0300803,citymun,645,,,false,0300803000,City of Balanga,direct
cic,total,0300803,citymun,67,907,7.386990077177508,false,0300803000,City of Balanga,direct
cic,male,0300803,citymun,35,,,false,0300803000,City of Balanga,direct
cic,female,0300803,citymun,32,,,false,0300803000,City of Balanga,direct
fic,total,0300804,citymun,1792,2624,68.29268292682927,false,0300804000,Dinalupihan,direct
fic,male,0300804,citymun,895,,,false,0300804000,Dinalupihan,direct
fic,female,0300804,citymun,897,,,false,0300804000,Dinalupihan,direct
cic,total,0300804,citymun,20,744,2.6881720430107525,false,0300804000,Dinalupihan,direct
cic,male,0300804,citymun,12,,,false,0300804000,Dinalupihan,direct
cic,female,0300804,citymun,8,,,false,0300804000,Dinalupihan,direct
fic,total,0300805,citymun,1089,1797,60.60100166944908,false,0300805000,Hermosa,direct
fic,male,0300805,citymun,597,,,false,0300805000,Hermosa,direct
fic,female,0300805,citymun,492,,,false,0300805000,Hermosa,direct
cic,total,0300805,citymun,22,622,3.536977491961415,false,0300805000,Hermosa,direct
cic,male,0300805,citymun,7,,,false,0300805000,Hermosa,direct
cic,female,0300805,citymun,15,,,false,0300805000,Hermosa,direct
fic,total,0300806,citymun,1290,1964,65.68228105906314,false,0300806000,Limay,direct
fic,male,0300806,citymun,652,,,false,0300806000,Limay,direct
fic,female,0300806,citymun,638,,,false,0300806000,Limay,direct
cic,total,0300806,citymun,60,872,6.8807339449541285,false,0300806000,Limay,direct
cic,male,0300806,citymun,34,,,false,0300806000,Limay,direct
cic,female,0300806,citymun,26,,,false,0300806000,Limay,direct
fic,total,0300807,citymun,1932,3188,60.60225846925973,false,0300807000,Mariveles,direct
fic,male,0300807,citymun,983,,,false,0300807000,Mariveles,direct
fic,female,0300807,citymun,949,,,false,0300807000,Mariveles,direct
cic,total,0300807,citymun,180,1102,16.33393829401089,false,0300807000,Mariveles,direct
cic,male,0300807,citymun,89,,,false,0300807000,Mariveles,direct
cic,female,0300807,citymun,91,,,false,0300807000,Mariveles,direct
fic,total,0300808,citymun,458,835,54.8502994011976,false,0300808000,Morong,direct
fic,male,0300808,citymun,230,,,false,0300808000,Morong,direct
fic,female,0300808,citymun,228,,,false,0300808000,Morong,direct
cic,total,0300808,citymun,76,319,23.824451410658305,false,0300808000,Morong,direct
cic,male,0300808,citymun,37,,,false,0300808000,Morong,direct
cic,female,0300808,citymun,39,,,false,0300808000,Morong,direct
fic,total,0300809,citymun,959,1575,60.88888888888889,false,0300809000,Orani,direct
fic,male,0300809,citymun,495,,,false,0300809000,Orani,direct
fic,female,0300809,citymun,464,,,false,0300809000,Orani,direct
cic,total,0300809,citymun,97,641,15.132605304212168,false,0300809000,Orani,direct
cic,male,0300809,citymun,61,,,false,0300809000,Orani,direct
cic,female,0300809,citymun,36,,,false,0300809000,Orani,direct
fic,total,0300810,citymun,799,1367,58.449158741770304,false,0300810000,Orion,direct
fic,male,0300810,citymun,417,,,false,0300810000,Orion,direct
fic,female,0300810,citymun,382,,,false,0300810000,Orion,direct
cic,total,0300810,citymun,53,605,8.760330578512397,false,0300810000,Orion,direct
cic,male,0300810,citymun,32,,,false,0300810000,Orion,direct
cic,female,0300810,citymun,21,,,false,0300810000,Orion,direct
fic,total,0300811,citymun,533,1014,52.56410256410257,false,0300811000,Pilar,direct
fic,male,0300811,citymun,263,,,false,0300811000,Pilar,direct
fic,female,0300811,citymun,270,,,false,0300811000,Pilar,direct
cic,total,0300811,citymun,28,444,6.306306306306306,false,0300811000,Pilar,direct
cic,male,0300811,citymun,19,,,false,0300811000,Pilar,direct
cic,female,0300811,citymun,9,,,false,0300811000,Pilar,direct
fic,total,0300812,citymun,533,799,66.70838548185232,false,0300812000,Samal,direct
fic,male,0300812,citymun,281,,,false,0300812000,Samal,direct
fic,female,0300812,citymun,252,,,false,0300812000,Samal,direct
cic,total,0300812,citymun,5,176,2.840909090909091,false,0300812000,Samal,direct
cic,male,0300812,citymun,2,,,false,0300812000,Samal,direct
cic,female,0300812,citymun,3,,,false,0300812000,Samal,direct
fic,total,03014,province,63364,74192,85.40543454819927,false,0301400000,Bulacan,direct
fic,male,03014,province,32324,,,false,0301400000,Bulacan,direct
fic,female,03014,province,31040,,,false,0301400000,Bulacan,direct
cic,total,03014,province,3205,12162,26.352573589870087,false,0301400000,Bulacan,direct
cic,male,03014,province,1674,,,false,0301400000,Bulacan,direct
cic,female,03014,province,1531,,,false,0301400000,Bulacan,direct
fic,total,0301401,citymun,1249,1281,97.50195160031225,false,0301401000,Angat,direct
fic,male,0301401,citymun,617,,,false,0301401000,Angat,direct
fic,female,0301401,citymun,632,,,false,0301401000,Angat,direct
cic,total,0301401,citymun,0,17,0.0,false,0301401000,Angat,direct
cic,male,0301401,citymun,0,,,false,0301401000,Angat,direct
cic,female,0301401,citymun,0,,,false,0301401000,Angat,direct
fic,total,0301402,citymun,1270,1433,88.62526168876484,false,0301402000,Balagtas,direct
fic,male,0301402,citymun,644,,,false,0301402000,Balagtas,direct
fic,female,0301402,citymun,626,,,false,0301402000,Balagtas,direct
cic,total,0301402,citymun,31,203,15.270935960591133,false,0301402000,Balagtas,direct
cic,male,0301402,citymun,21,,,false,0301402000,Balagtas,direct
cic,female,0301402,citymun,10,,,false,0301402000,Balagtas,direct
fic,total,0301403,citymun,3381,3496,96.71052631578947,false,0301403000,City of Baliwag,direct
fic,male,0301403,citymun,1750,,,false,0301403000,City of Baliwag,direct
fic,female,0301403,citymun,1631,,,false,0301403000,City of Baliwag,direct
cic,total,0301403,citymun,164,100,164.0,true,0301403000,City of Baliwag,direct
cic,male,0301403,citymun,86,,,false,0301403000,City of Baliwag,direct
cic,female,0301403,citymun,78,,,false,0301403000,City of Baliwag,direct
fic,total,0301404,citymun,1705,3063,55.66438132549788,false,0301404000,Bocaue,direct
fic,male,0301404,citymun,900,,,false,0301404000,Bocaue,direct
fic,female,0301404,citymun,805,,,false,0301404000,Bocaue,direct
cic,total,0301404,citymun,148,1330,11.12781954887218,false,0301404000,Bocaue,direct
cic,male,0301404,citymun,77,,,false,0301404000,Bocaue,direct
cic,female,0301404,citymun,71,,,false,0301404000,Bocaue,direct
fic,total,0301405,citymun,1318,1419,92.88231148696265,false,0301405000,Bulacan,direct
fic,male,0301405,citymun,667,,,false,0301405000,Bulacan,direct
fic,female,0301405,citymun,651,,,false,0301405000,Bulacan,direct
cic,total,0301405,citymun,20,116,17.24137931034483,false,0301405000,Bulacan,direct
cic,male,0301405,citymun,11,,,false,0301405000,Bulacan,direct
cic,female,0301405,citymun,9,,,false,0301405000,Bulacan,direct
fic,total,0301406,citymun,1261,1443,87.38738738738738,false,0301406000,Bustos,direct
fic,male,0301406,citymun,637,,,false,0301406000,Bustos,direct
fic,female,0301406,citymun,624,,,false,0301406000,Bustos,direct
cic,total,0301406,citymun,0,282,0.0,false,0301406000,Bustos,direct
cic,male,0301406,citymun,0,,,false,0301406000,Bustos,direct
cic,female,0301406,citymun,0,,,false,0301406000,Bustos,direct
fic,total,0301407,citymun,1715,2408,71.22093023255815,false,0301407000,Calumpit,direct
fic,male,0301407,citymun,895,,,false,0301407000,Calumpit,direct
fic,female,0301407,citymun,820,,,false,0301407000,Calumpit,direct
cic,total,0301407,citymun,86,521,16.50671785028791,false,0301407000,Calumpit,direct
cic,male,0301407,citymun,49,,,false,0301407000,Calumpit,direct
cic,female,0301407,citymun,37,,,false,0301407000,Calumpit,direct
fic,total,0301408,citymun,2165,2157,100.37088548910525,true,0301408000,Guiguinto,direct
fic,male,0301408,citymun,1140,,,false,0301408000,Guiguinto,direct
fic,female,0301408,citymun,1025,,,false,0301408000,Guiguinto,direct
cic,total,0301408,citymun,37,95,38.94736842105263,false,0301408000,Guiguinto,direct
cic,male,0301408,citymun,25,,,false,0301408000,Guiguinto,direct
cic,female,0301408,citymun,12,,,false,0301408000,Guiguinto,direct
fic,total,0301409,citymun,2635,2758,95.54024655547498,false,0301409000,Hagonoy,direct
fic,male,0301409,citymun,1325,,,false,0301409000,Hagonoy,direct
fic,female,0301409,citymun,1310,,,false,0301409000,Hagonoy,direct
cic,total,0301409,citymun,7,43,16.27906976744186,false,0301409000,Hagonoy,direct
cic,male,0301409,citymun,5,,,false,0301409000,Hagonoy,direct
cic,female,0301409,citymun,2,,,false,0301409000,Hagonoy,direct
fic,total,0301410,citymun,3491,4297,81.24272748429136,false,0301410000,City of Malolos,direct
fic,male,0301410,citymun,1814,,,false,0301410000,City of Malolos,direct
fic,female,0301410,citymun,1677,,,false,0301410000,City of Malolos,direct
cic,total,0301410,citymun,185,1210,15.289256198347106,false,0301410000,City of Malolos,direct
cic,male,0301410,citymun,103,,,false,0301410000,City of Malolos,direct
cic,female,0301410,citymun,82,,,false,0301410000,City of Malolos,direct
fic,total,0301411,citymun,3911,5427,72.06559793624471,false,0301411000,Marilao,direct
fic,male,0301411,citymun,1989,,,false,0301411000,Marilao,direct
fic,female,0301411,citymun,1922,,,false,0301411000,Marilao,direct
cic,total,0301411,citymun,93,1616,5.754950495049505,false,0301411000,Marilao,direct
cic,male,0301411,citymun,57,,,false,0301411000,Marilao,direct
cic,female,0301411,citymun,36,,,false,0301411000,Marilao,direct
fic,total,0301412,citymun,3726,4925,75.65482233502539,false,0301412000,City of Meycauayan,direct
fic,male,0301412,citymun,1877,,,false,0301412000,City of Meycauayan,direct
fic,female,0301412,citymun,1849,,,false,0301412000,City of Meycauayan,direct
cic,total,0301412,citymun,698,1135,61.4977973568282,false,0301412000,City of Meycauayan,direct
cic,male,0301412,citymun,367,,,false,0301412000,City of Meycauayan,direct
cic,female,0301412,citymun,331,,,false,0301412000,City of Meycauayan,direct
fic,total,0301413,citymun,2533,2955,85.7191201353638,false,0301413000,Norzagaray,direct
fic,male,0301413,citymun,1335,,,false,0301413000,Norzagaray,direct
fic,female,0301413,citymun,1198,,,false,0301413000,Norzagaray,direct
cic,total,0301413,citymun,175,824,21.2378640776699,false,0301413000,Norzagaray,direct
cic,male,0301413,citymun,102,,,false,0301413000,Norzagaray,direct
cic,female,0301413,citymun,73,,,false,0301413000,Norzagaray,direct
fic,total,0301414,citymun,1038,1015,102.26600985221674,true,0301414000,Obando,direct
fic,male,0301414,citymun,508,,,false,0301414000,Obando,direct
fic,female,0301414,citymun,530,,,false,0301414000,Obando,direct
cic,total,0301414,citymun,1,-50,-2.0,false,0301414000,Obando,direct
cic,male,0301414,citymun,1,,,false,0301414000,Obando,direct
cic,female,0301414,citymun,0,,,false,0301414000,Obando,direct
fic,total,0301415,citymun,2428,3603,67.38828753816264,false,0301415000,Pandi,direct
fic,male,0301415,citymun,1223,,,false,0301415000,Pandi,direct
fic,female,0301415,citymun,1205,,,false,0301415000,Pandi,direct
cic,total,0301415,citymun,64,1551,4.126370083816893,false,0301415000,Pandi,direct
cic,male,0301415,citymun,31,,,false,0301415000,Pandi,direct
cic,female,0301415,citymun,33,,,false,0301415000,Pandi,direct
fic,total,0301416,citymun,677,1032,65.60077519379846,false,0301416000,Paombong,direct
fic,male,0301416,citymun,335,,,false,0301416000,Paombong,direct
fic,female,0301416,citymun,342,,,false,0301416000,Paombong,direct
cic,total,0301416,citymun,24,377,6.36604774535809,false,0301416000,Paombong,direct
cic,male,0301416,citymun,7,,,false,0301416000,Paombong,direct
cic,female,0301416,citymun,17,,,false,0301416000,Paombong,direct
fic,total,0301417,citymun,2011,1970,102.08121827411168,true,0301417000,Plaridel,direct
fic,male,0301417,citymun,1057,,,false,0301417000,Plaridel,direct
fic,female,0301417,citymun,954,,,false,0301417000,Plaridel,direct
cic,total,0301417,citymun,9,0,0.0,false,0301417000,Plaridel,direct
cic,male,0301417,citymun,4,,,false,0301417000,Plaridel,direct
cic,female,0301417,citymun,5,,,false,0301417000,Plaridel,direct
fic,total,0301418,citymun,2087,2089,99.90426041168024,false,0301418000,Pulilan,direct
fic,male,0301418,citymun,1061,,,false,0301418000,Pulilan,direct
fic,female,0301418,citymun,1026,,,false,0301418000,Pulilan,direct
cic,total,0301418,citymun,174,-36,-483.3333333333333,false,0301418000,Pulilan,direct
cic,male,0301418,citymun,87,,,false,0301418000,Pulilan,direct
cic,female,0301418,citymun,87,,,false,0301418000,Pulilan,direct
fic,total,0301419,citymun,1749,2425,72.12371134020619,false,0301419000,San Ildefonso,direct
fic,male,0301419,citymun,907,,,false,0301419000,San Ildefonso,direct
fic,female,0301419,citymun,842,,,false,0301419000,San Ildefonso,direct
cic,total,0301419,citymun,68,674,10.089020771513352,false,0301419000,San Ildefonso,direct
cic,male,0301419,citymun,30,,,false,0301419000,San Ildefonso,direct
cic,female,0301419,citymun,38,,,false,0301419000,San Ildefonso,direct
fic,total,0301420,citymun,12403,12946,95.8056542561409,false,0301420000,City of San Jose Del Monte,direct
fic,male,0301420,citymun,6246,,,false,0301420000,City of San Jose Del Monte,direct
fic,female,0301420,citymun,6157,,,false,0301420000,City of San Jose Del Monte,direct
cic,total,0301420,citymun,970,560,173.21428571428572,true,0301420000,City of San Jose Del Monte,direct
cic,male,0301420,citymun,482,,,false,0301420000,City of San Jose Del Monte,direct
cic,female,0301420,citymun,488,,,false,0301420000,City of San Jose Del Monte,direct
fic,total,0301421,citymun,2717,3577,75.95750629018731,false,0301421000,San Miguel,direct
fic,male,0301421,citymun,1369,,,false,0301421000,San Miguel,direct
fic,female,0301421,citymun,1348,,,false,0301421000,San Miguel,direct
cic,total,0301421,citymun,26,939,2.768903088391906,false,0301421000,San Miguel,direct
cic,male,0301421,citymun,14,,,false,0301421000,San Miguel,direct
cic,female,0301421,citymun,12,,,false,0301421000,San Miguel,direct
fic,total,0301422,citymun,1313,1922,68.31425598335068,false,0301422000,San Rafael,direct
fic,male,0301422,citymun,671,,,false,0301422000,San Rafael,direct
fic,female,0301422,citymun,642,,,false,0301422000,San Rafael,direct
cic,total,0301422,citymun,112,605,18.512396694214875,false,0301422000,San Rafael,direct
cic,male,0301422,citymun,60,,,false,0301422000,San Rafael,direct
cic,female,0301422,citymun,52,,,false,0301422000,San Rafael,direct
fic,total,0301423,citymun,5879,5722,102.74379587556798,true,0301423000,Santa Maria,direct
fic,male,0301423,citymun,2993,,,false,0301423000,Santa Maria,direct
fic,female,0301423,citymun,2886,,,false,0301423000,Santa Maria,direct
cic,total,0301423,citymun,105,-123,-85.36585365853658,false,0301423000,Santa Maria,direct
cic,male,0301423,citymun,50,,,false,0301423000,Santa Maria,direct
cic,female,0301423,citymun,55,,,false,0301423000,Santa Maria,direct
fic,total,0301424,citymun,702,829,84.68033775633293,false,0301424000,Doña Remedios Trinidad,direct
fic,male,0301424,citymun,364,,,false,0301424000,Doña Remedios Trinidad,direct
fic,female,0301424,citymun,338,,,false,0301424000,Doña Remedios Trinidad,direct
cic,total,0301424,citymun,8,173,4.624277456647398,false,0301424000,Doña Remedios Trinidad,direct
cic,male,0301424,citymun,5,,,false,0301424000,Doña Remedios Trinidad,direct
cic,female,0301424,citymun,3,,,false,0301424000,Doña Remedios Trinidad,direct
fic,total,03049,province,31846,47474,67.08092850823608,false,0304900000,Nueva Ecija,direct
fic,male,03049,province,16320,,,false,0304900000,Nueva Ecija,direct
fic,female,03049,province,15526,,,false,0304900000,Nueva Ecija,direct
cic,total,03049,province,593,15529,3.8186618584583685,false,0304900000,Nueva Ecija,direct
cic,male,03049,province,315,,,false,0304900000,Nueva Ecija,direct
cic,female,03049,province,278,,,false,0304900000,Nueva Ecija,direct
fic,total,0304901,citymun,980,1428,68.62745098039215,false,0304901000,Aliaga,direct
fic,male,0304901,citymun,501,,,false,0304901000,Aliaga,direct
fic,female,0304901,citymun,479,,,false,0304901000,Aliaga,direct
cic,total,0304901,citymun,0,514,0.0,false,0304901000,Aliaga,direct
cic,male,0304901,citymun,0,,,false,0304901000,Aliaga,direct
cic,female,0304901,citymun,0,,,false,0304901000,Aliaga,direct
fic,total,0304902,citymun,958,1433,66.85275645498953,false,0304902000,Bongabon,direct
fic,male,0304902,citymun,473,,,false,0304902000,Bongabon,direct
fic,female,0304902,citymun,485,,,false,0304902000,Bongabon,direct
cic,total,0304902,citymun,2,488,0.4098360655737705,false,0304902000,Bongabon,direct
cic,male,0304902,citymun,1,,,false,0304902000,Bongabon,direct
cic,female,0304902,citymun,1,,,false,0304902000,Bongabon,direct
fic,total,0304903,citymun,4220,6631,63.64047654954004,false,0304903000,City of Cabanatuan,direct
fic,male,0304903,citymun,2196,,,false,0304903000,City of Cabanatuan,direct
fic,female,0304903,citymun,2024,,,false,0304903000,City of Cabanatuan,direct
cic,total,0304903,citymun,268,2567,10.440202571094662,false,0304903000,City of Cabanatuan,direct
cic,male,0304903,citymun,132,,,false,0304903000,City of Cabanatuan,direct
cic,female,0304903,citymun,136,,,false,0304903000,City of Cabanatuan,direct
fic,total,0304904,citymun,1381,1799,76.76486937187327,false,0304904000,Cabiao,direct
fic,male,0304904,citymun,693,,,false,0304904000,Cabiao,direct
fic,female,0304904,citymun,688,,,false,0304904000,Cabiao,direct
cic,total,0304904,citymun,6,322,1.8633540372670807,false,0304904000,Cabiao,direct
cic,male,0304904,citymun,6,,,false,0304904000,Cabiao,direct
cic,female,0304904,citymun,0,,,false,0304904000,Cabiao,direct
fic,total,0304905,citymun,617,917,67.2846237731734,false,0304905000,Carranglan,direct
fic,male,0304905,citymun,293,,,false,0304905000,Carranglan,direct
fic,female,0304905,citymun,324,,,false,0304905000,Carranglan,direct
cic,total,0304905,citymun,12,320,3.75,false,0304905000,Carranglan,direct
cic,male,0304905,citymun,7,,,false,0304905000,Carranglan,direct
cic,female,0304905,citymun,5,,,false,0304905000,Carranglan,direct
fic,total,0304906,citymun,753,1276,59.012539184952985,false,0304906000,Cuyapo,direct
fic,male,0304906,citymun,373,,,false,0304906000,Cuyapo,direct
fic,female,0304906,citymun,380,,,false,0304906000,Cuyapo,direct
cic,total,0304906,citymun,1,476,0.21008403361344538,false,0304906000,Cuyapo,direct
cic,male,0304906,citymun,0,,,false,0304906000,Cuyapo,direct
cic,female,0304906,citymun,1,,,false,0304906000,Cuyapo,direct
fic,total,0304907,citymun,604,930,64.94623655913978,false,0304907000,Gabaldon,direct
fic,male,0304907,citymun,317,,,false,0304907000,Gabaldon,direct
fic,female,0304907,citymun,287,,,false,0304907000,Gabaldon,direct
cic,total,0304907,citymun,3,248,1.2096774193548387,false,0304907000,Gabaldon,direct
cic,male,0304907,citymun,1,,,false,0304907000,Gabaldon,direct
cic,female,0304907,citymun,2,,,false,0304907000,Gabaldon,direct
fic,total,0304908,citymun,1740,2487,69.96381182147165,false,0304908000,City of Gapan,direct
fic,male,0304908,citymun,894,,,false,0304908000,City of Gapan,direct
fic,female,0304908,citymun,846,,,false,0304908000,City of Gapan,direct
cic,total,0304908,citymun,4,963,0.4153686396677051,false,0304908000,City of Gapan,direct
cic,male,0304908,citymun,4,,,false,0304908000,City of Gapan,direct
cic,female,0304908,citymun,0,,,false,0304908000,City of Gapan,direct
fic,total,0304909,citymun,599,996,60.14056224899599,false,0304909000,General Mamerto Natividad,direct
fic,male,0304909,citymun,310,,,false,0304909000,General Mamerto Natividad,direct
fic,female,0304909,citymun,289,,,false,0304909000,General Mamerto Natividad,direct
cic,total,0304909,citymun,7,382,1.832460732984293,false,0304909000,General Mamerto Natividad,direct
cic,male,0304909,citymun,4,,,false,0304909000,General Mamerto Natividad,direct
cic,female,0304909,citymun,3,,,false,0304909000,General Mamerto Natividad,direct
fic,total,0304910,citymun,765,1227,62.34718826405869,false,0304910000,General Tinio,direct
fic,male,0304910,citymun,425,,,false,0304910000,General Tinio,direct
fic,female,0304910,citymun,340,,,false,0304910000,General Tinio,direct
cic,total,0304910,citymun,19,452,4.20353982300885,false,0304910000,General Tinio,direct
cic,male,0304910,citymun,16,,,false,0304910000,General Tinio,direct
cic,female,0304910,citymun,3,,,false,0304910000,General Tinio,direct
fic,total,0304911,citymun,1729,2555,67.67123287671232,false,0304911000,Guimba,direct
fic,male,0304911,citymun,890,,,false,0304911000,Guimba,direct
fic,female,0304911,citymun,839,,,false,0304911000,Guimba,direct
cic,total,0304911,citymun,0,975,0.0,false,0304911000,Guimba,direct
cic,male,0304911,citymun,0,,,false,0304911000,Guimba,direct
cic,female,0304911,citymun,0,,,false,0304911000,Guimba,direct
fic,total,0304912,citymun,1083,1625,66.64615384615385,false,0304912000,Jaen,direct
fic,male,0304912,citymun,557,,,false,0304912000,Jaen,direct
fic,female,0304912,citymun,526,,,false,0304912000,Jaen,direct
cic,total,0304912,citymun,3,441,0.6802721088435374,false,0304912000,Jaen,direct
cic,male,0304912,citymun,3,,,false,0304912000,Jaen,direct
cic,female,0304912,citymun,0,,,false,0304912000,Jaen,direct
fic,total,0304913,citymun,499,760,65.65789473684211,false,0304913000,Laur,direct
fic,male,0304913,citymun,247,,,false,0304913000,Laur,direct
fic,female,0304913,citymun,252,,,false,0304913000,Laur,direct
cic,total,0304913,citymun,0,223,0.0,false,0304913000,Laur,direct
cic,male,0304913,citymun,0,,,false,0304913000,Laur,direct
cic,female,0304913,citymun,0,,,false,0304913000,Laur,direct
fic,total,0304914,citymun,442,548,80.65693430656934,false,0304914000,Licab,direct
fic,male,0304914,citymun,200,,,false,0304914000,Licab,direct
fic,female,0304914,citymun,242,,,false,0304914000,Licab,direct
cic,total,0304914,citymun,0,143,0.0,false,0304914000,Licab,direct
cic,male,0304914,citymun,0,,,false,0304914000,Licab,direct
cic,female,0304914,citymun,0,,,false,0304914000,Licab,direct
fic,total,0304915,citymun,711,920,77.28260869565217,false,0304915000,Llanera,direct
fic,male,0304915,citymun,353,,,false,0304915000,Llanera,direct
fic,female,0304915,citymun,358,,,false,0304915000,Llanera,direct
cic,total,0304915,citymun,12,117,10.256410256410255,false,0304915000,Llanera,direct
cic,male,0304915,citymun,3,,,false,0304915000,Llanera,direct
cic,female,0304915,citymun,9,,,false,0304915000,Llanera,direct
fic,total,0304916,citymun,542,910,59.56043956043956,false,0304916000,Lupao,direct
fic,male,0304916,citymun,252,,,false,0304916000,Lupao,direct
fic,female,0304916,citymun,290,,,false,0304916000,Lupao,direct
cic,total,0304916,citymun,0,354,0.0,false,0304916000,Lupao,direct
cic,male,0304916,citymun,0,,,false,0304916000,Lupao,direct
cic,female,0304916,citymun,0,,,false,0304916000,Lupao,direct
fic,total,0304917,citymun,1105,1616,68.37871287128714,false,0304917000,Science City of Muñoz,direct
fic,male,0304917,citymun,588,,,false,0304917000,Science City of Muñoz,direct
fic,female,0304917,citymun,517,,,false,0304917000,Science City of Muñoz,direct
cic,total,0304917,citymun,0,371,0.0,false,0304917000,Science City of Muñoz,direct
cic,male,0304917,citymun,0,,,false,0304917000,Science City of Muñoz,direct
cic,female,0304917,citymun,0,,,false,0304917000,Science City of Muñoz,direct
fic,total,0304918,citymun,150,276,54.347826086956516,false,0304918000,Nampicuan,direct
fic,male,0304918,citymun,73,,,false,0304918000,Nampicuan,direct
fic,female,0304918,citymun,77,,,false,0304918000,Nampicuan,direct
cic,total,0304918,citymun,0,109,0.0,false,0304918000,Nampicuan,direct
cic,male,0304918,citymun,0,,,false,0304918000,Nampicuan,direct
cic,female,0304918,citymun,0,,,false,0304918000,Nampicuan,direct
fic,total,0304919,citymun,664,1181,56.223539373412365,false,0304919000,City of Palayan,direct
fic,male,0304919,citymun,349,,,false,0304919000,City of Palayan,direct
fic,female,0304919,citymun,315,,,false,0304919000,City of Palayan,direct
cic,total,0304919,citymun,5,508,0.984251968503937,false,0304919000,City of Palayan,direct
cic,male,0304919,citymun,2,,,false,0304919000,City of Palayan,direct
cic,female,0304919,citymun,3,,,false,0304919000,City of Palayan,direct
fic,total,0304920,citymun,495,642,77.10280373831776,false,0304920000,Pantabangan,direct
fic,male,0304920,citymun,239,,,false,0304920000,Pantabangan,direct
fic,female,0304920,citymun,256,,,false,0304920000,Pantabangan,direct
cic,total,0304920,citymun,0,80,0.0,false,0304920000,Pantabangan,direct
cic,male,0304920,citymun,0,,,false,0304920000,Pantabangan,direct
cic,female,0304920,citymun,0,,,false,0304920000,Pantabangan,direct
fic,total,0304921,citymun,438,611,71.68576104746317,false,0304921000,Peñaranda,direct
fic,male,0304921,citymun,233,,,false,0304921000,Peñaranda,direct
fic,female,0304921,citymun,205,,,false,0304921000,Peñaranda,direct
cic,total,0304921,citymun,17,159,10.69182389937107,false,0304921000,Peñaranda,direct
cic,male,0304921,citymun,7,,,false,0304921000,Peñaranda,direct
cic,female,0304921,citymun,10,,,false,0304921000,Peñaranda,direct
fic,total,0304922,citymun,615,809,76.01977750309024,false,0304922000,Quezon,direct
fic,male,0304922,citymun,322,,,false,0304922000,Quezon,direct
fic,female,0304922,citymun,293,,,false,0304922000,Quezon,direct
cic,total,0304922,citymun,1,239,0.41841004184100417,false,0304922000,Quezon,direct
cic,male,0304922,citymun,1,,,false,0304922000,Quezon,direct
cic,female,0304922,citymun,0,,,false,0304922000,Quezon,direct
fic,total,0304923,citymun,895,1365,65.56776556776556,false,0304923000,Rizal,direct
fic,male,0304923,citymun,464,,,false,0304923000,Rizal,direct
fic,female,0304923,citymun,431,,,false,0304923000,Rizal,direct
cic,total,0304923,citymun,0,363,0.0,false,0304923000,Rizal,direct
cic,male,0304923,citymun,0,,,false,0304923000,Rizal,direct
cic,female,0304923,citymun,0,,,false,0304923000,Rizal,direct
fic,total,0304924,citymun,1257,1662,75.63176895306859,false,0304924000,San Antonio,direct
fic,male,0304924,citymun,632,,,false,0304924000,San Antonio,direct
fic,female,0304924,citymun,625,,,false,0304924000,San Antonio,direct
cic,total,0304924,citymun,2,438,0.45662100456621,false,0304924000,San Antonio,direct
cic,male,0304924,citymun,1,,,false,0304924000,San Antonio,direct
cic,female,0304924,citymun,1,,,false,0304924000,San Antonio,direct
fic,total,0304925,citymun,715,1117,64.0107430617726,false,0304925000,San Isidro,direct
fic,male,0304925,citymun,360,,,false,0304925000,San Isidro,direct
fic,female,0304925,citymun,355,,,false,0304925000,San Isidro,direct
cic,total,0304925,citymun,4,408,0.9803921568627451,false,0304925000,San Isidro,direct
cic,male,0304925,citymun,3,,,false,0304925000,San Isidro,direct
cic,female,0304925,citymun,1,,,false,0304925000,San Isidro,direct
fic,total,0304926,citymun,2354,3381,69.62437148772553,false,0304926000,San Jose City,direct
fic,male,0304926,citymun,1209,,,false,0304926000,San Jose City,direct
fic,female,0304926,citymun,1145,,,false,0304926000,San Jose City,direct
cic,total,0304926,citymun,102,891,11.447811447811448,false,0304926000,San Jose City,direct
cic,male,0304926,citymun,60,,,false,0304926000,San Jose City,direct
cic,female,0304926,citymun,42,,,false,0304926000,San Jose City,direct
fic,total,0304927,citymun,782,1408,55.53977272727273,false,0304927000,San Leonardo,direct
fic,male,0304927,citymun,398,,,false,0304927000,San Leonardo,direct
fic,female,0304927,citymun,384,,,false,0304927000,San Leonardo,direct
cic,total,0304927,citymun,4,530,0.7547169811320755,false,0304927000,San Leonardo,direct
cic,male,0304927,citymun,3,,,false,0304927000,San Leonardo,direct
cic,female,0304927,citymun,1,,,false,0304927000,San Leonardo,direct
fic,total,0304928,citymun,1063,1522,69.84231274638634,false,0304928000,Santa Rosa,direct
fic,male,0304928,citymun,577,,,false,0304928000,Santa Rosa,direct
fic,female,0304928,citymun,486,,,false,0304928000,Santa Rosa,direct
cic,total,0304928,citymun,28,599,4.674457429048414,false,0304928000,Santa Rosa,direct
cic,male,0304928,citymun,16,,,false,0304928000,Santa Rosa,direct
cic,female,0304928,citymun,12,,,false,0304928000,Santa Rosa,direct
fic,total,0304929,citymun,822,1156,71.10726643598616,false,0304929000,Santo Domingo,direct
fic,male,0304929,citymun,421,,,false,0304929000,Santo Domingo,direct
fic,female,0304929,citymun,401,,,false,0304929000,Santo Domingo,direct
cic,total,0304929,citymun,15,386,3.8860103626943006,false,0304929000,Santo Domingo,direct
cic,male,0304929,citymun,8,,,false,0304929000,Santo Domingo,direct
cic,female,0304929,citymun,7,,,false,0304929000,Santo Domingo,direct
fic,total,0304930,citymun,1909,2748,69.46870451237264,false,0304930000,Talavera,direct
fic,male,0304930,citymun,965,,,false,0304930000,Talavera,direct
fic,female,0304930,citymun,944,,,false,0304930000,Talavera,direct
cic,total,0304930,citymun,65,916,7.096069868995633,false,0304930000,Talavera,direct
cic,male,0304930,citymun,29,,,false,0304930000,Talavera,direct
cic,female,0304930,citymun,36,,,false,0304930000,Talavera,direct
fic,total,0304931,citymun,274,458,59.82532751091703,false,0304931000,Talugtug,direct
fic,male,0304931,citymun,155,,,false,0304931000,Talugtug,direct
fic,female,0304931,citymun,119,,,false,0304931000,Talugtug,direct
cic,total,0304931,citymun,1,173,0.5780346820809248,false,0304931000,Talugtug,direct
cic,male,0304931,citymun,1,,,false,0304931000,Talugtug,direct
cic,female,0304931,citymun,0,,,false,0304931000,Talugtug,direct
fic,total,0304932,citymun,685,1080,63.42592592592593,false,0304932000,Zaragoza,direct
fic,male,0304932,citymun,361,,,false,0304932000,Zaragoza,direct
fic,female,0304932,citymun,324,,,false,0304932000,Zaragoza,direct
cic,total,0304932,citymun,12,374,3.2085561497326207,false,0304932000,Zaragoza,direct
cic,male,0304932,citymun,7,,,false,0304932000,Zaragoza,direct
cic,female,0304932,citymun,5,,,false,0304932000,Zaragoza,direct
fic,total,03054,province,35885,50255,71.4058302656452,false,0305400000,Pampanga,direct
fic,male,03054,province,18334,,,false,0305400000,Pampanga,direct
fic,female,03054,province,17551,,,false,0305400000,Pampanga,direct
cic,total,03054,province,1842,14685,12.54341164453524,false,0305400000,Pampanga,direct
cic,male,03054,province,959,,,false,0305400000,Pampanga,direct
cic,female,03054,province,883,,,false,0305400000,Pampanga,direct
fic,total,0305402,citymun,1702,2327,73.14138375590889,false,0305402000,Apalit,direct
fic,male,0305402,citymun,887,,,false,0305402000,Apalit,direct
fic,female,0305402,citymun,815,,,false,0305402000,Apalit,direct
cic,total,0305402,citymun,23,709,3.244005641748942,false,0305402000,Apalit,direct
cic,male,0305402,citymun,9,,,false,0305402000,Apalit,direct
cic,female,0305402,citymun,14,,,false,0305402000,Apalit,direct
fic,total,0305403,citymun,2132,3260,65.39877300613497,false,0305403000,Arayat,direct
fic,male,0305403,citymun,1100,,,false,0305403000,Arayat,direct
fic,female,0305403,citymun,1032,,,false,0305403000,Arayat,direct
cic,total,0305403,citymun,70,1160,6.0344827586206895,false,0305403000,Arayat,direct
cic,male,0305403,citymun,42,,,false,0305403000,Arayat,direct
cic,female,0305403,citymun,28,,,false,0305403000,Arayat,direct
fic,total,0305404,citymun,422,917,46.0196292257361,false,0305404000,Bacolor,direct
fic,male,0305404,citymun,235,,,false,0305404000,Bacolor,direct
fic,female,0305404,citymun,187,,,false,0305404000,Bacolor,direct
cic,total,0305404,citymun,73,492,14.83739837398374,false,0305404000,Bacolor,direct
cic,male,0305404,citymun,40,,,false,0305404000,Bacolor,direct
cic,female,0305404,citymun,33,,,false,0305404000,Bacolor,direct
fic,total,0305405,citymun,1628,2434,66.88578471651603,false,0305405000,Candaba,direct
fic,male,0305405,citymun,851,,,false,0305405000,Candaba,direct
fic,female,0305405,citymun,777,,,false,0305405000,Candaba,direct
cic,total,0305405,citymun,52,847,6.139315230224321,false,0305405000,Candaba,direct
cic,male,0305405,citymun,31,,,false,0305405000,Candaba,direct
cic,female,0305405,citymun,21,,,false,0305405000,Candaba,direct
fic,total,0305406,citymun,2202,2841,77.5079197465681,false,0305406000,Floridablanca,direct
fic,male,0305406,citymun,1137,,,false,0305406000,Floridablanca,direct
fic,female,0305406,citymun,1065,,,false,0305406000,Floridablanca,direct
cic,total,0305406,citymun,65,710,9.15492957746479,false,0305406000,Floridablanca,direct
cic,male,0305406,citymun,39,,,false,0305406000,Floridablanca,direct
cic,female,0305406,citymun,26,,,false,0305406000,Floridablanca,direct
fic,total,0305407,citymun,2219,2425,91.50515463917526,false,0305407000,Guagua,direct
fic,male,0305407,citymun,1088,,,false,0305407000,Guagua,direct
fic,female,0305407,citymun,1131,,,false,0305407000,Guagua,direct
cic,total,0305407,citymun,9,214,4.205607476635514,false,0305407000,Guagua,direct
cic,male,0305407,citymun,6,,,false,0305407000,Guagua,direct
cic,female,0305407,citymun,3,,,false,0305407000,Guagua,direct
fic,total,0305408,citymun,3210,3865,83.05304010349288,false,0305408000,Lubao,direct
fic,male,0305408,citymun,1642,,,false,0305408000,Lubao,direct
fic,female,0305408,citymun,1568,,,false,0305408000,Lubao,direct
cic,total,0305408,citymun,108,1055,10.23696682464455,false,0305408000,Lubao,direct
cic,male,0305408,citymun,58,,,false,0305408000,Lubao,direct
cic,female,0305408,citymun,50,,,false,0305408000,Lubao,direct
fic,total,0305409,citymun,3475,5887,59.028367589604215,false,0305409000,Mabalacat City,direct
fic,male,0305409,citymun,1741,,,false,0305409000,Mabalacat City,direct
fic,female,0305409,citymun,1734,,,false,0305409000,Mabalacat City,direct
cic,total,0305409,citymun,536,1764,30.385487528344672,false,0305409000,Mabalacat City,direct
cic,male,0305409,citymun,260,,,false,0305409000,Mabalacat City,direct
cic,female,0305409,citymun,276,,,false,0305409000,Mabalacat City,direct
fic,total,0305410,citymun,865,1681,51.45746579417013,false,0305410000,Macabebe,direct
fic,male,0305410,citymun,438,,,false,0305410000,Macabebe,direct
fic,female,0305410,citymun,427,,,false,0305410000,Macabebe,direct
cic,total,0305410,citymun,50,802,6.234413965087282,false,0305410000,Macabebe,direct
cic,male,0305410,citymun,26,,,false,0305410000,Macabebe,direct
cic,female,0305410,citymun,24,,,false,0305410000,Macabebe,direct
fic,total,0305411,citymun,1537,2613,58.821278224263295,false,0305411000,Magalang,direct
fic,male,0305411,citymun,820,,,false,0305411000,Magalang,direct
fic,female,0305411,citymun,717,,,false,0305411000,Magalang,direct
cic,total,0305411,citymun,101,1110,9.0990990990991,false,0305411000,Magalang,direct
cic,male,0305411,citymun,55,,,false,0305411000,Magalang,direct
cic,female,0305411,citymun,46,,,false,0305411000,Magalang,direct
fic,total,0305412,citymun,601,1371,43.83661560904449,false,0305412000,Masantol,direct
fic,male,0305412,citymun,305,,,false,0305412000,Masantol,direct
fic,female,0305412,citymun,296,,,false,0305412000,Masantol,direct
cic,total,0305412,citymun,33,729,4.526748971193416,false,0305412000,Masantol,direct
cic,male,0305412,citymun,10,,,false,0305412000,Masantol,direct
cic,female,0305412,citymun,23,,,false,0305412000,Masantol,direct
fic,total,0305413,citymun,2848,3533,80.61137843192753,false,0305413000,Mexico,direct
fic,male,0305413,citymun,1468,,,false,0305413000,Mexico,direct
fic,female,0305413,citymun,1380,,,false,0305413000,Mexico,direct
cic,total,0305413,citymun,95,1207,7.8707539353769675,false,0305413000,Mexico,direct
cic,male,0305413,citymun,49,,,false,0305413000,Mexico,direct
cic,female,0305413,citymun,46,,,false,0305413000,Mexico,direct
fic,total,0305414,citymun,646,1131,57.11759504862953,false,0305414000,Minalin,direct
fic,male,0305414,citymun,325,,,false,0305414000,Minalin,direct
fic,female,0305414,citymun,321,,,false,0305414000,Minalin,direct
cic,total,0305414,citymun,5,456,1.0964912280701753,false,0305414000,Minalin,direct
cic,male,0305414,citymun,3,,,false,0305414000,Minalin,direct
cic,female,0305414,citymun,2,,,false,0305414000,Minalin,direct
fic,total,0305415,citymun,1885,3052,61.76277850589778,false,0305415000,Porac,direct
fic,male,0305415,citymun,981,,,false,0305415000,Porac,direct
fic,female,0305415,citymun,904,,,false,0305415000,Porac,direct
cic,total,0305415,citymun,174,929,18.729817007534987,false,0305415000,Porac,direct
cic,male,0305415,citymun,78,,,false,0305415000,Porac,direct
cic,female,0305415,citymun,96,,,false,0305415000,Porac,direct
fic,total,0305416,citymun,6076,7130,85.21739130434783,false,0305416000,City of San Fernando,direct
fic,male,0305416,citymun,3055,,,false,0305416000,City of San Fernando,direct
fic,female,0305416,citymun,3021,,,false,0305416000,City of San Fernando,direct
cic,total,0305416,citymun,228,1147,19.87794245858762,false,0305416000,City of San Fernando,direct
cic,male,0305416,citymun,134,,,false,0305416000,City of San Fernando,direct
cic,female,0305416,citymun,94,,,false,0305416000,City of San Fernando,direct
fic,total,0305417,citymun,774,1007,76.86196623634558,false,0305417000,San Luis,direct
fic,male,0305417,citymun,358,,,false,0305417000,San Luis,direct
fic,female,0305417,citymun,416,,,false,0305417000,San Luis,direct
cic,total,0305417,citymun,6,74,8.108108108108109,false,0305417000,San Luis,direct
cic,male,0305417,citymun,3,,,false,0305417000,San Luis,direct
cic,female,0305417,citymun,3,,,false,0305417000,San Luis,direct
fic,total,0305418,citymun,1027,1298,79.12172573189522,false,0305418000,San Simon,direct
fic,male,0305418,citymun,526,,,false,0305418000,San Simon,direct
fic,female,0305418,citymun,501,,,false,0305418000,San Simon,direct
cic,total,0305418,citymun,124,419,29.594272076372313,false,0305418000,San Simon,direct
cic,male,0305418,citymun,69,,,false,0305418000,San Simon,direct
cic,female,0305418,citymun,55,,,false,0305418000,San Simon,direct
fic,total,0305419,citymun,915,1175,77.87234042553192,false,0305419000,Santa Ana,direct
fic,male,0305419,citymun,452,,,false,0305419000,Santa Ana,direct
fic,female,0305419,citymun,463,,,false,0305419000,Santa Ana,direct
cic,total,0305419,citymun,3,315,0.9523809523809524,false,0305419000,Santa Ana,direct
cic,male,0305419,citymun,2,,,false,0305419000,Santa Ana,direct
cic,female,0305419,citymun,1,,,false,0305419000,Santa Ana,direct
fic,total,0305420,citymun,577,935,61.71122994652406,false,0305420000,Santa Rita,direct
fic,male,0305420,citymun,326,,,false,0305420000,Santa Rita,direct
fic,female,0305420,citymun,251,,,false,0305420000,Santa Rita,direct
cic,total,0305420,citymun,54,273,19.78021978021978,false,0305420000,Santa Rita,direct
cic,male,0305420,citymun,25,,,false,0305420000,Santa Rita,direct
cic,female,0305420,citymun,29,,,false,0305420000,Santa Rita,direct
fic,total,0305421,citymun,536,807,66.4188351920694,false,0305421000,Sto. Tomas,direct
fic,male,0305421,citymun,279,,,false,0305421000,Sto. Tomas,direct
fic,female,0305421,citymun,257,,,false,0305421000,Sto. Tomas,direct
cic,total,0305421,citymun,33,264,12.5,false,0305421000,Sto. Tomas,direct
cic,male,0305421,citymun,20,,,false,0305421000,Sto. Tomas,direct
cic,female,0305421,citymun,13,,,false,0305421000,Sto. Tomas,direct
fic,total,0305422,citymun,608,566,107.42049469964665,true,0305422000,Sasmuan,direct
fic,male,0305422,citymun,320,,,false,0305422000,Sasmuan,direct
fic,female,0305422,citymun,288,,,false,0305422000,Sasmuan,direct
cic,total,0305422,citymun,0,9,0.0,false,0305422000,Sasmuan,direct
cic,male,0305422,citymun,0,,,false,0305422000,Sasmuan,direct
cic,female,0305422,citymun,0,,,false,0305422000,Sasmuan,direct
fic,total,03069,province,30805,32147,95.82542694497154,false,0306900000,Tarlac,direct
fic,male,03069,province,15491,,,false,0306900000,Tarlac,direct
fic,female,03069,province,15314,,,false,0306900000,Tarlac,direct
cic,total,03069,province,644,2933,21.957040572792362,false,0306900000,Tarlac,direct
cic,male,03069,province,349,,,false,0306900000,Tarlac,direct
cic,female,03069,province,295,,,false,0306900000,Tarlac,direct
fic,total,0306901,citymun,160,155,103.2258064516129,true,0306901000,Anao,direct
fic,male,0306901,citymun,78,,,false,0306901000,Anao,direct
fic,female,0306901,citymun,82,,,false,0306901000,Anao,direct
cic,total,0306901,citymun,0,-17,0.0,false,0306901000,Anao,direct
cic,male,0306901,citymun,0,,,false,0306901000,Anao,direct
cic,female,0306901,citymun,0,,,false,0306901000,Anao,direct
fic,total,0306902,citymun,1663,1774,93.74295377677565,false,0306902000,Bamban,direct
fic,male,0306902,citymun,836,,,false,0306902000,Bamban,direct
fic,female,0306902,citymun,827,,,false,0306902000,Bamban,direct
cic,total,0306902,citymun,32,332,9.63855421686747,false,0306902000,Bamban,direct
cic,male,0306902,citymun,19,,,false,0306902000,Bamban,direct
cic,female,0306902,citymun,13,,,false,0306902000,Bamban,direct
fic,total,0306903,citymun,1504,1565,96.10223642172524,false,0306903000,Camiling,direct
fic,male,0306903,citymun,760,,,false,0306903000,Camiling,direct
fic,female,0306903,citymun,744,,,false,0306903000,Camiling,direct
cic,total,0306903,citymun,24,153,15.686274509803921,false,0306903000,Camiling,direct
cic,male,0306903,citymun,10,,,false,0306903000,Camiling,direct
cic,female,0306903,citymun,14,,,false,0306903000,Camiling,direct
fic,total,0306904,citymun,3850,3736,103.05139186295503,true,0306904000,Capas,direct
fic,male,0306904,citymun,1979,,,false,0306904000,Capas,direct
fic,female,0306904,citymun,1871,,,false,0306904000,Capas,direct
cic,total,0306904,citymun,67,3,2233.333333333333,true,0306904000,Capas,direct
cic,male,0306904,citymun,41,,,false,0306904000,Capas,direct
cic,female,0306904,citymun,26,,,false,0306904000,Capas,direct
fic,total,0306905,citymun,3815,3945,96.70468948035487,false,0306905000,Concepcion,direct
fic,male,0306905,citymun,1957,,,false,0306905000,Concepcion,direct
fic,female,0306905,citymun,1858,,,false,0306905000,Concepcion,direct
cic,total,0306905,citymun,20,529,3.780718336483932,false,0306905000,Concepcion,direct
cic,male,0306905,citymun,14,,,false,0306905000,Concepcion,direct
cic,female,0306905,citymun,6,,,false,0306905000,Concepcion,direct
fic,total,0306906,citymun,1753,1802,97.28079911209767,false,0306906000,Gerona,direct
fic,male,0306906,citymun,913,,,false,0306906000,Gerona,direct
fic,female,0306906,citymun,840,,,false,0306906000,Gerona,direct
cic,total,0306906,citymun,1,282,0.3546099290780142,false,0306906000,Gerona,direct
cic,male,0306906,citymun,0,,,false,0306906000,Gerona,direct
cic,female,0306906,citymun,1,,,false,0306906000,Gerona,direct
fic,total,0306907,citymun,1346,1465,91.87713310580205,false,0306907000,La Paz,direct
fic,male,0306907,citymun,641,,,false,0306907000,La Paz,direct
fic,female,0306907,citymun,705,,,false,0306907000,La Paz,direct
cic,total,0306907,citymun,0,177,0.0,false,0306907000,La Paz,direct
cic,male,0306907,citymun,0,,,false,0306907000,La Paz,direct
cic,female,0306907,citymun,0,,,false,0306907000,La Paz,direct
fic,total,0306908,citymun,526,534,98.50187265917603,false,0306908000,Mayantoc,direct
fic,male,0306908,citymun,269,,,false,0306908000,Mayantoc,direct
fic,female,0306908,citymun,257,,,false,0306908000,Mayantoc,direct
cic,total,0306908,citymun,0,8,0.0,false,0306908000,Mayantoc,direct
cic,male,0306908,citymun,0,,,false,0306908000,Mayantoc,direct
cic,female,0306908,citymun,0,,,false,0306908000,Mayantoc,direct
fic,total,0306909,citymun,1171,1169,100.1710863986313,true,0306909000,Moncada,direct
fic,male,0306909,citymun,586,,,false,0306909000,Moncada,direct
fic,female,0306909,citymun,585,,,false,0306909000,Moncada,direct
cic,total,0306909,citymun,4,3,133.33333333333331,true,0306909000,Moncada,direct
cic,male,0306909,citymun,1,,,false,0306909000,Moncada,direct
cic,female,0306909,citymun,3,,,false,0306909000,Moncada,direct
fic,total,0306910,citymun,1952,2012,97.01789264413519,false,0306910000,Paniqui,direct
fic,male,0306910,citymun,1002,,,false,0306910000,Paniqui,direct
fic,female,0306910,citymun,950,,,false,0306910000,Paniqui,direct
cic,total,0306910,citymun,33,399,8.270676691729323,false,0306910000,Paniqui,direct
cic,male,0306910,citymun,22,,,false,0306910000,Paniqui,direct
cic,female,0306910,citymun,11,,,false,0306910000,Paniqui,direct
fic,total,0306911,citymun,405,420,96.42857142857143,false,0306911000,Pura,direct
fic,male,0306911,citymun,213,,,false,0306911000,Pura,direct
fic,female,0306911,citymun,192,,,false,0306911000,Pura,direct
cic,total,0306911,citymun,0,58,0.0,false,0306911000,Pura,direct
cic,male,0306911,citymun,0,,,false,0306911000,Pura,direct
cic,female,0306911,citymun,0,,,false,0306911000,Pura,direct
fic,total,0306912,citymun,430,462,93.07359307359307,false,0306912000,Ramos,direct
fic,male,0306912,citymun,229,,,false,0306912000,Ramos,direct
fic,female,0306912,citymun,201,,,false,0306912000,Ramos,direct
cic,total,0306912,citymun,9,76,11.842105263157894,false,0306912000,Ramos,direct
cic,male,0306912,citymun,4,,,false,0306912000,Ramos,direct
cic,female,0306912,citymun,5,,,false,0306912000,Ramos,direct
fic,total,0306913,citymun,172,193,89.11917098445595,false,0306913000,San Clemente,direct
fic,male,0306913,citymun,85,,,false,0306913000,San Clemente,direct
fic,female,0306913,citymun,87,,,false,0306913000,San Clemente,direct
cic,total,0306913,citymun,0,18,0.0,false,0306913000,San Clemente,direct
cic,male,0306913,citymun,0,,,false,0306913000,San Clemente,direct
cic,female,0306913,citymun,0,,,false,0306913000,San Clemente,direct
fic,total,0306914,citymun,558,588,94.89795918367348,false,0306914000,San Manuel,direct
fic,male,0306914,citymun,276,,,false,0306914000,San Manuel,direct
fic,female,0306914,citymun,282,,,false,0306914000,San Manuel,direct
cic,total,0306914,citymun,2,27,7.4074074074074066,false,0306914000,San Manuel,direct
cic,male,0306914,citymun,1,,,false,0306914000,San Manuel,direct
cic,female,0306914,citymun,1,,,false,0306914000,San Manuel,direct
fic,total,0306915,citymun,999,968,103.20247933884296,true,0306915000,Santa Ignacia,direct
fic,male,0306915,citymun,470,,,false,0306915000,Santa Ignacia,direct
fic,female,0306915,citymun,529,,,false,0306915000,Santa Ignacia,direct
cic,total,0306915,citymun,0,-128,0.0,false,0306915000,Santa Ignacia,direct
cic,male,0306915,citymun,0,,,false,0306915000,Santa Ignacia,direct
cic,female,0306915,citymun,0,,,false,0306915000,Santa Ignacia,direct
fic,total,0306916,citymun,8148,8885,91.70512099043331,false,0306916000,City of Tarlac,direct
fic,male,0306916,citymun,4022,,,false,0306916000,City of Tarlac,direct
fic,female,0306916,citymun,4126,,,false,0306916000,City of Tarlac,direct
cic,total,0306916,citymun,444,765,58.03921568627452,false,0306916000,City of Tarlac,direct
cic,male,0306916,citymun,234,,,false,0306916000,City of Tarlac,direct
cic,female,0306916,citymun,210,,,false,0306916000,City of Tarlac,direct
fic,total,0306917,citymun,1380,1462,94.39124487004104,false,0306917000,Victoria,direct
fic,male,0306917,citymun,688,,,false,0306917000,Victoria,direct
fic,female,0306917,citymun,692,,,false,0306917000,Victoria,direct
cic,total,0306917,citymun,8,206,3.8834951456310676,false,0306917000,Victoria,direct
cic,male,0306917,citymun,3,,,false,0306917000,Victoria,direct
cic,female,0306917,citymun,5,,,false,0306917000,Victoria,direct
fic,total,0306918,citymun,973,1012,96.14624505928853,false,0306918000,San Jose,direct
fic,male,0306918,citymun,487,,,false,0306918000,San Jose,direct
fic,female,0306918,citymun,486,,,false,0306918000,San Jose,direct
cic,total,0306918,citymun,0,42,0.0,false,0306918000,San Jose,direct
cic,male,0306918,citymun,0,,,false,0306918000,San Jose,direct
cic,female,0306918,citymun,0,,,false,0306918000,San Jose,direct
fic,total,03071,province,8972,12830,69.9298519095869,false,0307100000,Zambales,direct
fic,male,03071,province,4547,,,false,0307100000,Zambales,direct
fic,female,03071,province,4425,,,false,0307100000,Zambales,direct
cic,total,03071,province,301,3411,8.824391673995896,false,0307100000,Zambales,direct
cic,male,03071,province,170,,,false,0307100000,Zambales,direct
cic,female,03071,province,131,,,false,0307100000,Zambales,direct
fic,total,0307101,citymun,1043,1514,68.89035667107001,false,0307101000,Botolan,direct
fic,male,0307101,citymun,504,,,false,0307101000,Botolan,direct
fic,female,0307101,citymun,539,,,false,0307101000,Botolan,direct
cic,total,0307101,citymun,31,477,6.498951781970649,false,0307101000,Botolan,direct
cic,male,0307101,citymun,15,,,false,0307101000,Botolan,direct
cic,female,0307101,citymun,16,,,false,0307101000,Botolan,direct
fic,total,0307102,citymun,432,610,70.81967213114754,false,0307102000,Cabangan,direct
fic,male,0307102,citymun,229,,,false,0307102000,Cabangan,direct
fic,female,0307102,citymun,203,,,false,0307102000,Cabangan,direct
cic,total,0307102,citymun,6,160,3.75,false,0307102000,Cabangan,direct
cic,male,0307102,citymun,5,,,false,0307102000,Cabangan,direct
cic,female,0307102,citymun,1,,,false,0307102000,Cabangan,direct
fic,total,0307103,citymun,453,624,72.59615384615384,false,0307103000,Candelaria,direct
fic,male,0307103,citymun,228,,,false,0307103000,Candelaria,direct
fic,female,0307103,citymun,225,,,false,0307103000,Candelaria,direct
cic,total,0307103,citymun,17,167,10.179640718562874,false,0307103000,Candelaria,direct
cic,male,0307103,citymun,15,,,false,0307103000,Candelaria,direct
cic,female,0307103,citymun,2,,,false,0307103000,Candelaria,direct
fic,total,0307104,citymun,970,1371,70.75127644055435,false,0307104000,Castillejos,direct
fic,male,0307104,citymun,512,,,false,0307104000,Castillejos,direct
fic,female,0307104,citymun,458,,,false,0307104000,Castillejos,direct
cic,total,0307104,citymun,65,410,15.853658536585366,false,0307104000,Castillejos,direct
cic,male,0307104,citymun,37,,,false,0307104000,Castillejos,direct
cic,female,0307104,citymun,28,,,false,0307104000,Castillejos,direct
fic,total,0307105,citymun,920,1056,87.12121212121212,false,0307105000,Iba,direct
fic,male,0307105,citymun,443,,,false,0307105000,Iba,direct
fic,female,0307105,citymun,477,,,false,0307105000,Iba,direct
cic,total,0307105,citymun,15,173,8.670520231213873,false,0307105000,Iba,direct
cic,male,0307105,citymun,4,,,false,0307105000,Iba,direct
cic,female,0307105,citymun,11,,,false,0307105000,Iba,direct
fic,total,0307106,citymun,723,1145,63.14410480349345,false,0307106000,Masinloc,direct
fic,male,0307106,citymun,381,,,false,0307106000,Masinloc,direct
fic,female,0307106,citymun,342,,,false,0307106000,Masinloc,direct
cic,total,0307106,citymun,39,195,20.0,false,0307106000,Masinloc,direct
cic,male,0307106,citymun,23,,,false,0307106000,Masinloc,direct
cic,female,0307106,citymun,16,,,false,0307106000,Masinloc,direct
fic,total,0307108,citymun,557,769,72.43172951885566,false,0307108000,Palauig,direct
fic,male,0307108,citymun,282,,,false,0307108000,Palauig,direct
fic,female,0307108,citymun,275,,,false,0307108000,Palauig,direct
cic,total,0307108,citymun,15,217,6.912442396313365,false,0307108000,Palauig,direct
cic,male,0307108,citymun,5,,,false,0307108000,Palauig,direct
cic,female,0307108,citymun,10,,,false,0307108000,Palauig,direct
fic,total,0307109,citymun,493,646,76.31578947368422,false,0307109000,San Antonio,direct
fic,male,0307109,citymun,257,,,false,0307109000,San Antonio,direct
fic,female,0307109,citymun,236,,,false,0307109000,San Antonio,direct
cic,total,0307109,citymun,6,115,5.217391304347826,false,0307109000,San Antonio,direct
cic,male,0307109,citymun,3,,,false,0307109000,San Antonio,direct
cic,female,0307109,citymun,3,,,false,0307109000,San Antonio,direct
fic,total,0307110,citymun,335,412,81.31067961165049,false,0307110000,San Felipe,direct
fic,male,0307110,citymun,166,,,false,0307110000,San Felipe,direct
fic,female,0307110,citymun,169,,,false,0307110000,San Felipe,direct
cic,total,0307110,citymun,37,75,49.333333333333336,false,0307110000,San Felipe,direct
cic,male,0307110,citymun,21,,,false,0307110000,San Felipe,direct
cic,female,0307110,citymun,16,,,false,0307110000,San Felipe,direct
fic,total,0307111,citymun,477,646,73.83900928792569,false,0307111000,San Marcelino,direct
fic,male,0307111,citymun,238,,,false,0307111000,San Marcelino,direct
fic,female,0307111,citymun,239,,,false,0307111000,San Marcelino,direct
cic,total,0307111,citymun,19,128,14.84375,false,0307111000,San Marcelino,direct
cic,male,0307111,citymun,12,,,false,0307111000,San Marcelino,direct
cic,female,0307111,citymun,7,,,false,0307111000,San Marcelino,direct
fic,total,0307112,citymun,322,449,71.71492204899778,false,0307112000,San Narciso,direct
fic,male,0307112,citymun,172,,,false,0307112000,San Narciso,direct
fic,female,0307112,citymun,150,,,false,0307112000,San Narciso,direct
cic,total,0307112,citymun,0,44,0.0,false,0307112000,San Narciso,direct
cic,male,0307112,citymun,0,,,false,0307112000,San Narciso,direct
cic,female,0307112,citymun,0,,,false,0307112000,San Narciso,direct
fic,total,0307113,citymun,847,1223,69.25592804578903,false,0307113000,Santa Cruz,direct
fic,male,0307113,citymun,425,,,false,0307113000,Santa Cruz,direct
fic,female,0307113,citymun,422,,,false,0307113000,Santa Cruz,direct
cic,total,0307113,citymun,15,261,5.747126436781609,false,0307113000,Santa Cruz,direct
cic,male,0307113,citymun,11,,,false,0307113000,Santa Cruz,direct
cic,female,0307113,citymun,4,,,false,0307113000,Santa Cruz,direct
fic,total,0307114,citymun,1400,2365,59.19661733615222,false,0307114000,Subic,direct
fic,male,0307114,citymun,710,,,false,0307114000,Subic,direct
fic,female,0307114,citymun,690,,,false,0307114000,Subic,direct
cic,total,0307114,citymun,36,989,3.640040444893832,false,0307114000,Subic,direct
cic,male,0307114,citymun,19,,,false,0307114000,Subic,direct
cic,female,0307114,citymun,17,,,false,0307114000,Subic,direct
fic,total,03077,province,4407,4977,88.5473176612417,false,0307700000,Aurora,direct
fic,male,03077,province,2231,,,false,0307700000,Aurora,direct
fic,female,03077,province,2176,,,false,0307700000,Aurora,direct
cic,total,03077,province,61,406,15.024630541871922,false,0307700000,Aurora,direct
cic,male,03077,province,36,,,false,0307700000,Aurora,direct
cic,female,03077,province,25,,,false,0307700000,Aurora,direct
fic,total,0307701,citymun,895,909,98.45984598459846,false,0307701000,Baler,direct
fic,male,0307701,citymun,436,,,false,0307701000,Baler,direct
fic,female,0307701,citymun,459,,,false,0307701000,Baler,direct
cic,total,0307701,citymun,18,7,257.14285714285717,true,0307701000,Baler,direct
cic,male,0307701,citymun,14,,,false,0307701000,Baler,direct
cic,female,0307701,citymun,4,,,false,0307701000,Baler,direct
fic,total,0307702,citymun,477,591,80.71065989847716,false,0307702000,Casiguran,direct
fic,male,0307702,citymun,232,,,false,0307702000,Casiguran,direct
fic,female,0307702,citymun,245,,,false,0307702000,Casiguran,direct
cic,total,0307702,citymun,4,125,3.2,false,0307702000,Casiguran,direct
cic,male,0307702,citymun,1,,,false,0307702000,Casiguran,direct
cic,female,0307702,citymun,3,,,false,0307702000,Casiguran,direct
fic,total,0307703,citymun,350,412,84.9514563106796,false,0307703000,Dilasag,direct
fic,male,0307703,citymun,187,,,false,0307703000,Dilasag,direct
fic,female,0307703,citymun,163,,,false,0307703000,Dilasag,direct
cic,total,0307703,citymun,1,66,1.5151515151515151,false,0307703000,Dilasag,direct
cic,male,0307703,citymun,1,,,false,0307703000,Dilasag,direct
cic,female,0307703,citymun,0,,,false,0307703000,Dilasag,direct
fic,total,0307704,citymun,212,243,87.24279835390946,false,0307704000,Dinalungan,direct
fic,male,0307704,citymun,108,,,false,0307704000,Dinalungan,direct
fic,female,0307704,citymun,104,,,false,0307704000,Dinalungan,direct
cic,total,0307704,citymun,0,2,0.0,false,0307704000,Dinalungan,direct
cic,male,0307704,citymun,0,,,false,0307704000,Dinalungan,direct
cic,female,0307704,citymun,0,,,false,0307704000,Dinalungan,direct
fic,total,0307705,citymun,465,569,81.72231985940246,false,0307705000,Dingalan,direct
fic,male,0307705,citymun,248,,,false,0307705000,Dingalan,direct
fic,female,0307705,citymun,217,,,false,0307705000,Dingalan,direct
cic,total,0307705,citymun,8,23,34.78260869565217,false,0307705000,Dingalan,direct
cic,male,0307705,citymun,3,,,false,0307705000,Dingalan,direct
cic,female,0307705,citymun,5,,,false,0307705000,Dingalan,direct
fic,total,0307706,citymun,713,775,92.0,false,0307706000,Dipaculao,direct
fic,male,0307706,citymun,342,,,false,0307706000,Dipaculao,direct
fic,female,0307706,citymun,371,,,false,0307706000,Dipaculao,direct
cic,total,0307706,citymun,13,15,86.66666666666667,false,0307706000,Dipaculao,direct
cic,male,0307706,citymun,10,,,false,0307706000,Dipaculao,direct
cic,female,0307706,citymun,3,,,false,0307706000,Dipaculao,direct
fic,total,0307707,citymun,785,969,81.01135190918473,false,0307707000,Maria Aurora,direct
fic,male,0307707,citymun,417,,,false,0307707000,Maria Aurora,direct
fic,female,0307707,citymun,368,,,false,0307707000,Maria Aurora,direct
cic,total,0307707,citymun,2,195,1.0256410256410255,false,0307707000,Maria Aurora,direct
cic,male,0307707,citymun,0,,,false,0307707000,Maria Aurora,direct
cic,female,0307707,citymun,2,,,false,0307707000,Maria Aurora,direct
fic,total,0307708,citymun,510,509,100.19646365422396,true,0307708000,San Luis,direct
fic,male,0307708,citymun,261,,,false,0307708000,San Luis,direct
fic,female,0307708,citymun,249,,,false,0307708000,San Luis,direct
cic,total,0307708,citymun,15,-27,-55.55555555555556,false,0307708000,San Luis,direct
cic,male,0307708,citymun,7,,,false,0307708000,San Luis,direct
cic,female,0307708,citymun,8,,,false,0307708000,San Luis,direct
fic,total,03301,province,6241,10104,61.767616785431514,false,0330100000,City of Angeles,direct
fic,male,03301,province,3191,,,false,0330100000,City of Angeles,direct
fic,female,03301,province,3050,,,false,0330100000,City of Angeles,direct
cic,total,03301,province,790,3856,20.487551867219917,false,0330100000,City of Angeles,direct
cic,male,03301,province,428,,,false,0330100000,City of Angeles,direct
cic,female,03301,province,362,,,false,0330100000,City of Angeles,direct
fic,total,03314,province,3275,4991,65.61811260268483,false,0331400000,City of Olongapo,direct
fic,male,03314,province,1704,,,false,0331400000,City of Olongapo,direct
fic,female,03314,province,1571,,,false,0331400000,City of Olongapo,direct
cic,total,03314,province,217,1364,15.909090909090908,false,0331400000,City of Olongapo,direct
cic,male,03314,province,120,,,false,0331400000,City of Olongapo,direct
cic,female,03314,province,97,,,false,0331400000,City of Olongapo,direct
fic,total,04,region,201208,337182,59.67341079891572,false,0400000000,Region 4A,direct
fic,male,04,region,103396,,,false,0400000000,Region 4A,direct
fic,female,04,region,97812,,,false,0400000000,Region 4A,direct
cic,total,04,region,24880,132730,18.7448203119114,false,0400000000,Region 4A,direct
cic,male,04,region,12973,,,false,0400000000,Region 4A,direct
cic,female,04,region,11907,,,false,0400000000,Region 4A,direct
fic,total,04010,province,35408,58339,60.69353262825897,false,0401000000,Batangas,direct
fic,male,04010,province,18334,,,false,0401000000,Batangas,direct
fic,female,04010,province,17074,,,false,0401000000,Batangas,direct
cic,total,04010,province,4785,23139,20.67937248800726,false,0401000000,Batangas,direct
cic,male,04010,province,2450,,,false,0401000000,Batangas,direct
cic,female,04010,province,2335,,,false,0401000000,Batangas,direct
fic,total,0401001,citymun,529,737,71.77747625508819,false,0401001000,Agoncillo,direct
fic,male,0401001,citymun,284,,,false,0401001000,Agoncillo,direct
fic,female,0401001,citymun,245,,,false,0401001000,Agoncillo,direct
cic,total,0401001,citymun,0,148,0.0,false,0401001000,Agoncillo,direct
cic,male,0401001,citymun,0,,,false,0401001000,Agoncillo,direct
cic,female,0401001,citymun,0,,,false,0401001000,Agoncillo,direct
fic,total,0401002,citymun,247,563,43.87211367673179,false,0401002000,Alitagtag,direct
fic,male,0401002,citymun,133,,,false,0401002000,Alitagtag,direct
fic,female,0401002,citymun,114,,,false,0401002000,Alitagtag,direct
cic,total,0401002,citymun,36,289,12.45674740484429,false,0401002000,Alitagtag,direct
cic,male,0401002,citymun,16,,,false,0401002000,Alitagtag,direct
cic,female,0401002,citymun,20,,,false,0401002000,Alitagtag,direct
fic,total,0401003,citymun,992,1836,54.03050108932462,false,0401003000,Balayan,direct
fic,male,0401003,citymun,518,,,false,0401003000,Balayan,direct
fic,female,0401003,citymun,474,,,false,0401003000,Balayan,direct
cic,total,0401003,citymun,319,1175,27.148936170212767,false,0401003000,Balayan,direct
cic,male,0401003,citymun,172,,,false,0401003000,Balayan,direct
cic,female,0401003,citymun,147,,,false,0401003000,Balayan,direct
fic,total,0401004,citymun,317,568,55.809859154929576,false,0401004000,Balete,direct
fic,male,0401004,citymun,166,,,false,0401004000,Balete,direct
fic,female,0401004,citymun,151,,,false,0401004000,Balete,direct
cic,total,0401004,citymun,27,327,8.256880733944955,false,0401004000,Balete,direct
cic,male,0401004,citymun,15,,,false,0401004000,Balete,direct
cic,female,0401004,citymun,12,,,false,0401004000,Balete,direct
fic,total,0401005,citymun,3916,6751,58.00622130054806,false,0401005000,Batangas City,direct
fic,male,0401005,citymun,2016,,,false,0401005000,Batangas City,direct
fic,female,0401005,citymun,1900,,,false,0401005000,Batangas City,direct
cic,total,0401005,citymun,5,2773,0.18031013342949875,false,0401005000,Batangas City,direct
cic,male,0401005,citymun,1,,,false,0401005000,Batangas City,direct
cic,female,0401005,citymun,4,,,false,0401005000,Batangas City,direct
fic,total,0401006,citymun,1576,1529,103.07390451275342,true,0401006000,Bauan,direct
fic,male,0401006,citymun,819,,,false,0401006000,Bauan,direct
fic,female,0401006,citymun,757,,,false,0401006000,Bauan,direct
cic,total,0401006,citymun,1,-103,-0.9708737864077669,false,0401006000,Bauan,direct
cic,male,0401006,citymun,0,,,false,0401006000,Bauan,direct
cic,female,0401006,citymun,1,,,false,0401006000,Bauan,direct
fic,total,0401007,citymun,1762,1834,96.07415485278081,false,0401007000,City of Calaca,direct
fic,male,0401007,citymun,881,,,false,0401007000,City of Calaca,direct
fic,female,0401007,citymun,881,,,false,0401007000,City of Calaca,direct
cic,total,0401007,citymun,9,127,7.086614173228346,false,0401007000,City of Calaca,direct
cic,male,0401007,citymun,8,,,false,0401007000,City of Calaca,direct
cic,female,0401007,citymun,1,,,false,0401007000,City of Calaca,direct
fic,total,0401008,citymun,556,1172,47.44027303754266,false,0401008000,Calatagan,direct
fic,male,0401008,citymun,278,,,false,0401008000,Calatagan,direct
fic,female,0401008,citymun,278,,,false,0401008000,Calatagan,direct
cic,total,0401008,citymun,167,542,30.81180811808118,false,0401008000,Calatagan,direct
cic,male,0401008,citymun,82,,,false,0401008000,Calatagan,direct
cic,female,0401008,citymun,85,,,false,0401008000,Calatagan,direct
fic,total,0401009,citymun,375,714,52.52100840336135,false,0401009000,Cuenca,direct
fic,male,0401009,citymun,188,,,false,0401009000,Cuenca,direct
fic,female,0401009,citymun,187,,,false,0401009000,Cuenca,direct
cic,total,0401009,citymun,79,355,22.253521126760564,false,0401009000,Cuenca,direct
cic,male,0401009,citymun,47,,,false,0401009000,Cuenca,direct
cic,female,0401009,citymun,32,,,false,0401009000,Cuenca,direct
fic,total,0401010,citymun,688,1203,57.190357439733994,false,0401010000,Ibaan,direct
fic,male,0401010,citymun,333,,,false,0401010000,Ibaan,direct
fic,female,0401010,citymun,355,,,false,0401010000,Ibaan,direct
cic,total,0401010,citymun,170,777,21.879021879021877,false,0401010000,Ibaan,direct
cic,male,0401010,citymun,89,,,false,0401010000,Ibaan,direct
cic,female,0401010,citymun,81,,,false,0401010000,Ibaan,direct
fic,total,0401011,citymun,533,937,56.883671291355384,false,0401011000,Laurel,direct
fic,male,0401011,citymun,276,,,false,0401011000,Laurel,direct
fic,female,0401011,citymun,257,,,false,0401011000,Laurel,direct
cic,total,0401011,citymun,147,603,24.378109452736318,false,0401011000,Laurel,direct
cic,male,0401011,citymun,75,,,false,0401011000,Laurel,direct
cic,female,0401011,citymun,72,,,false,0401011000,Laurel,direct
fic,total,0401012,citymun,1058,1784,59.30493273542601,false,0401012000,Lemery,direct
fic,male,0401012,citymun,561,,,false,0401012000,Lemery,direct
fic,female,0401012,citymun,497,,,false,0401012000,Lemery,direct
cic,total,0401012,citymun,117,769,15.214564369310793,false,0401012000,Lemery,direct
cic,male,0401012,citymun,62,,,false,0401012000,Lemery,direct
cic,female,0401012,citymun,55,,,false,0401012000,Lemery,direct
fic,total,0401013,citymun,489,1156,42.30103806228374,false,0401013000,Lian,direct
fic,male,0401013,citymun,238,,,false,0401013000,Lian,direct
fic,female,0401013,citymun,251,,,false,0401013000,Lian,direct
cic,total,0401013,citymun,259,845,30.650887573964496,false,0401013000,Lian,direct
cic,male,0401013,citymun,142,,,false,0401013000,Lian,direct
cic,female,0401013,citymun,117,,,false,0401013000,Lian,direct
fic,total,0401014,citymun,4441,7893,56.265044976561505,false,0401014000,City of Lipa,direct
fic,male,0401014,citymun,2280,,,false,0401014000,City of Lipa,direct
fic,female,0401014,citymun,2161,,,false,0401014000,City of Lipa,direct
cic,total,0401014,citymun,945,3453,27.367506516072982,false,0401014000,City of Lipa,direct
cic,male,0401014,citymun,489,,,false,0401014000,City of Lipa,direct
cic,female,0401014,citymun,456,,,false,0401014000,City of Lipa,direct
fic,total,0401015,citymun,492,751,65.5126498002663,false,0401015000,Lobo,direct
fic,male,0401015,citymun,267,,,false,0401015000,Lobo,direct
fic,female,0401015,citymun,225,,,false,0401015000,Lobo,direct
cic,total,0401015,citymun,19,276,6.884057971014493,false,0401015000,Lobo,direct
cic,male,0401015,citymun,12,,,false,0401015000,Lobo,direct
cic,female,0401015,citymun,7,,,false,0401015000,Lobo,direct
fic,total,0401016,citymun,570,929,61.35629709364908,false,0401016000,Mabini,direct
fic,male,0401016,citymun,291,,,false,0401016000,Mabini,direct
fic,female,0401016,citymun,279,,,false,0401016000,Mabini,direct
cic,total,0401016,citymun,9,406,2.2167487684729066,false,0401016000,Mabini,direct
cic,male,0401016,citymun,8,,,false,0401016000,Mabini,direct
cic,female,0401016,citymun,1,,,false,0401016000,Mabini,direct
fic,total,0401017,citymun,867,1347,64.3652561247216,false,0401017000,Malvar,direct
fic,male,0401017,citymun,451,,,false,0401017000,Malvar,direct
fic,female,0401017,citymun,416,,,false,0401017000,Malvar,direct
cic,total,0401017,citymun,82,409,20.048899755501225,false,0401017000,Malvar,direct
cic,male,0401017,citymun,45,,,false,0401017000,Malvar,direct
cic,female,0401017,citymun,37,,,false,0401017000,Malvar,direct
fic,total,0401018,citymun,398,549,72.49544626593807,false,0401018000,Mataasnakahoy,direct
fic,male,0401018,citymun,213,,,false,0401018000,Mataasnakahoy,direct
fic,female,0401018,citymun,185,,,false,0401018000,Mataasnakahoy,direct
cic,total,0401018,citymun,37,103,35.92233009708738,false,0401018000,Mataasnakahoy,direct
cic,male,0401018,citymun,18,,,false,0401018000,Mataasnakahoy,direct
cic,female,0401018,citymun,19,,,false,0401018000,Mataasnakahoy,direct
fic,total,0401019,citymun,1884,3182,59.208045254556886,false,0401019000,Nasugbu,direct
fic,male,0401019,citymun,999,,,false,0401019000,Nasugbu,direct
fic,female,0401019,citymun,885,,,false,0401019000,Nasugbu,direct
cic,total,0401019,citymun,28,1132,2.4734982332155475,false,0401019000,Nasugbu,direct
cic,male,0401019,citymun,22,,,false,0401019000,Nasugbu,direct
cic,female,0401019,citymun,6,,,false,0401019000,Nasugbu,direct
fic,total,0401020,citymun,716,1074,66.66666666666666,false,0401020000,Padre Garcia,direct
fic,male,0401020,citymun,371,,,false,0401020000,Padre Garcia,direct
fic,female,0401020,citymun,345,,,false,0401020000,Padre Garcia,direct
cic,total,0401020,citymun,13,391,3.324808184143223,false,0401020000,Padre Garcia,direct
cic,male,0401020,citymun,6,,,false,0401020000,Padre Garcia,direct
cic,female,0401020,citymun,7,,,false,0401020000,Padre Garcia,direct
fic,total,0401021,citymun,1371,2564,53.471138845553824,false,0401021000,Rosario,direct
fic,male,0401021,citymun,713,,,false,0401021000,Rosario,direct
fic,female,0401021,citymun,658,,,false,0401021000,Rosario,direct
cic,total,0401021,citymun,348,1087,32.01471941122355,false,0401021000,Rosario,direct
cic,male,0401021,citymun,150,,,false,0401021000,Rosario,direct
cic,female,0401021,citymun,198,,,false,0401021000,Rosario,direct
fic,total,0401022,citymun,798,1550,51.48387096774194,false,0401022000,San Jose,direct
fic,male,0401022,citymun,431,,,false,0401022000,San Jose,direct
fic,female,0401022,citymun,367,,,false,0401022000,San Jose,direct
cic,total,0401022,citymun,202,163,123.92638036809815,true,0401022000,San Jose,direct
cic,male,0401022,citymun,99,,,false,0401022000,San Jose,direct
cic,female,0401022,citymun,103,,,false,0401022000,San Jose,direct
fic,total,0401023,citymun,1356,2320,58.44827586206897,false,0401023000,San Juan,direct
fic,male,0401023,citymun,706,,,false,0401023000,San Juan,direct
fic,female,0401023,citymun,650,,,false,0401023000,San Juan,direct
cic,total,0401023,citymun,205,837,24.492234169653525,false,0401023000,San Juan,direct
cic,male,0401023,citymun,104,,,false,0401023000,San Juan,direct
cic,female,0401023,citymun,101,,,false,0401023000,San Juan,direct
fic,total,0401024,citymun,355,626,56.70926517571885,false,0401024000,San Luis,direct
fic,male,0401024,citymun,205,,,false,0401024000,San Luis,direct
fic,female,0401024,citymun,150,,,false,0401024000,San Luis,direct
cic,total,0401024,citymun,125,374,33.42245989304813,false,0401024000,San Luis,direct
cic,male,0401024,citymun,71,,,false,0401024000,San Luis,direct
cic,female,0401024,citymun,54,,,false,0401024000,San Luis,direct
fic,total,0401025,citymun,286,410,69.7560975609756,false,0401025000,San Nicolas,direct
fic,male,0401025,citymun,136,,,false,0401025000,San Nicolas,direct
fic,female,0401025,citymun,150,,,false,0401025000,San Nicolas,direct
cic,total,0401025,citymun,1,85,1.1764705882352942,false,0401025000,San Nicolas,direct
cic,male,0401025,citymun,0,,,false,0401025000,San Nicolas,direct
cic,female,0401025,citymun,1,,,false,0401025000,San Nicolas,direct
fic,total,0401026,citymun,685,1383,49.53000723065799,false,0401026000,San Pascual,direct
fic,male,0401026,citymun,349,,,false,0401026000,San Pascual,direct
fic,female,0401026,citymun,336,,,false,0401026000,San Pascual,direct
cic,total,0401026,citymun,101,592,17.06081081081081,false,0401026000,San Pascual,direct
cic,male,0401026,citymun,43,,,false,0401026000,San Pascual,direct
cic,female,0401026,citymun,58,,,false,0401026000,San Pascual,direct
fic,total,0401027,citymun,221,385,57.4025974025974,false,0401027000,Santa Teresita,direct
fic,male,0401027,citymun,102,,,false,0401027000,Santa Teresita,direct
fic,female,0401027,citymun,119,,,false,0401027000,Santa Teresita,direct
cic,total,0401027,citymun,25,180,13.88888888888889,false,0401027000,Santa Teresita,direct
cic,male,0401027,citymun,14,,,false,0401027000,Santa Teresita,direct
cic,female,0401027,citymun,11,,,false,0401027000,Santa Teresita,direct
fic,total,0401028,citymun,2369,4590,51.61220043572985,false,0401028000,City of Sto. Tomas,direct
fic,male,0401028,citymun,1188,,,false,0401028000,City of Sto. Tomas,direct
fic,female,0401028,citymun,1181,,,false,0401028000,City of Sto. Tomas,direct
cic,total,0401028,citymun,569,2259,25.188136343514827,false,0401028000,City of Sto. Tomas,direct
cic,male,0401028,citymun,291,,,false,0401028000,City of Sto. Tomas,direct
cic,female,0401028,citymun,278,,,false,0401028000,City of Sto. Tomas,direct
fic,total,0401029,citymun,886,1132,78.26855123674912,false,0401029000,Taal,direct
fic,male,0401029,citymun,476,,,false,0401029000,Taal,direct
fic,female,0401029,citymun,410,,,false,0401029000,Taal,direct
cic,total,0401029,citymun,15,165,9.090909090909092,false,0401029000,Taal,direct
cic,male,0401029,citymun,11,,,false,0401029000,Taal,direct
cic,female,0401029,citymun,4,,,false,0401029000,Taal,direct
fic,total,0401030,citymun,346,908,38.1057268722467,false,0401030000,Talisay,direct
fic,male,0401030,citymun,177,,,false,0401030000,Talisay,direct
fic,female,0401030,citymun,169,,,false,0401030000,Talisay,direct
cic,total,0401030,citymun,209,573,36.474694589877835,false,0401030000,Talisay,direct
cic,male,0401030,citymun,109,,,false,0401030000,Talisay,direct
cic,female,0401030,citymun,100,,,false,0401030000,Talisay,direct
fic,total,0401031,citymun,2858,3933,72.66717518433765,false,0401031000,City of Tanauan,direct
fic,male,0401031,citymun,1488,,,false,0401031000,City of Tanauan,direct
fic,female,0401031,citymun,1370,,,false,0401031000,City of Tanauan,direct
cic,total,0401031,citymun,447,1199,37.28106755629692,false,0401031000,City of Tanauan,direct
cic,male,0401031,citymun,218,,,false,0401031000,City of Tanauan,direct
cic,female,0401031,citymun,229,,,false,0401031000,City of Tanauan,direct
fic,total,0401032,citymun,644,759,84.84848484848484,false,0401032000,Taysan,direct
fic,male,0401032,citymun,341,,,false,0401032000,Taysan,direct
fic,female,0401032,citymun,303,,,false,0401032000,Taysan,direct
cic,total,0401032,citymun,8,126,6.349206349206349,false,0401032000,Taysan,direct
cic,male,0401032,citymun,3,,,false,0401032000,Taysan,direct
cic,female,0401032,citymun,5,,,false,0401032000,Taysan,direct
fic,total,0401033,citymun,130,360,36.11111111111111,false,0401033000,Tingloy,direct
fic,male,0401033,citymun,69,,,false,0401033000,Tingloy,direct
fic,female,0401033,citymun,61,,,false,0401033000,Tingloy,direct
cic,total,0401033,citymun,8,217,3.686635944700461,false,0401033000,Tingloy,direct
cic,male,0401033,citymun,5,,,false,0401033000,Tingloy,direct
cic,female,0401033,citymun,3,,,false,0401033000,Tingloy,direct
fic,total,0401034,citymun,697,910,76.5934065934066,false,0401034000,Tuy,direct
fic,male,0401034,citymun,390,,,false,0401034000,Tuy,direct
fic,female,0401034,citymun,307,,,false,0401034000,Tuy,direct
cic,total,0401034,citymun,53,485,10.927835051546392,false,0401034000,Tuy,direct
cic,male,0401034,citymun,23,,,false,0401034000,Tuy,direct
cic,female,0401034,citymun,30,,,false,0401034000,Tuy,direct
fic,total,04021,province,54514,85491,63.7657765144869,false,0402100000,Cavite,direct
fic,male,04021,province,28130,,,false,0402100000,Cavite,direct
fic,female,04021,province,26384,,,false,0402100000,Cavite,direct
cic,total,04021,province,5229,31896,16.39390519187359,false,0402100000,Cavite,direct
cic,male,04021,province,2739,,,false,0402100000,Cavite,direct
cic,female,04021,province,2490,,,false,0402100000,Cavite,direct
fic,total,0402101,citymun,655,1018,64.3418467583497,false,0402101000,Alfonso,direct
fic,male,0402101,citymun,351,,,false,0402101000,Alfonso,direct
fic,female,0402101,citymun,304,,,false,0402101000,Alfonso,direct
cic,total,0402101,citymun,101,402,25.12437810945274,false,0402101000,Alfonso,direct
cic,male,0402101,citymun,51,,,false,0402101000,Alfonso,direct
cic,female,0402101,citymun,50,,,false,0402101000,Alfonso,direct
fic,total,0402102,citymun,469,738,63.55013550135501,false,0402102000,Amadeo,direct
fic,male,0402102,citymun,229,,,false,0402102000,Amadeo,direct
fic,female,0402102,citymun,240,,,false,0402102000,Amadeo,direct
cic,total,0402102,citymun,47,298,15.771812080536913,false,0402102000,Amadeo,direct
cic,male,0402102,citymun,32,,,false,0402102000,Amadeo,direct
cic,female,0402102,citymun,15,,,false,0402102000,Amadeo,direct
fic,total,0402103,citymun,5599,13038,42.94370302193588,false,0402103000,City of Bacoor,direct
fic,male,0402103,citymun,2912,,,false,0402103000,City of Bacoor,direct
fic,female,0402103,citymun,2687,,,false,0402103000,City of Bacoor,direct
cic,total,0402103,citymun,1148,7897,14.537166012409774,false,0402103000,City of Bacoor,direct
cic,male,0402103,citymun,609,,,false,0402103000,City of Bacoor,direct
cic,female,0402103,citymun,539,,,false,0402103000,City of Bacoor,direct
fic,total,0402104,citymun,1983,2216,89.485559566787,false,0402104000,Carmona,direct
fic,male,0402104,citymun,1062,,,false,0402104000,Carmona,direct
fic,female,0402104,citymun,921,,,false,0402104000,Carmona,direct
cic,total,0402104,citymun,68,264,25.757575757575758,false,0402104000,Carmona,direct
cic,male,0402104,citymun,40,,,false,0402104000,Carmona,direct
cic,female,0402104,citymun,28,,,false,0402104000,Carmona,direct
fic,total,0402105,citymun,786,1853,42.41770102536427,false,0402105000,City of Cavite,direct
fic,male,0402105,citymun,402,,,false,0402105000,City of Cavite,direct
fic,female,0402105,citymun,384,,,false,0402105000,City of Cavite,direct
cic,total,0402105,citymun,62,966,6.418219461697723,false,0402105000,City of Cavite,direct
cic,male,0402105,citymun,33,,,false,0402105000,City of Cavite,direct
cic,female,0402105,citymun,29,,,false,0402105000,City of Cavite,direct
fic,total,0402106,citymun,9754,13153,74.15798677107884,false,0402106000,City of Dasmariñas,direct
fic,male,0402106,citymun,5082,,,false,0402106000,City of Dasmariñas,direct
fic,female,0402106,citymun,4672,,,false,0402106000,City of Dasmariñas,direct
cic,total,0402106,citymun,780,3210,24.299065420560748,false,0402106000,City of Dasmariñas,direct
cic,male,0402106,citymun,405,,,false,0402106000,City of Dasmariñas,direct
cic,female,0402106,citymun,375,,,false,0402106000,City of Dasmariñas,direct
fic,total,0402107,citymun,312,463,67.3866090712743,false,0402107000,General Emilio Aguinaldo,direct
fic,male,0402107,citymun,182,,,false,0402107000,General Emilio Aguinaldo,direct
fic,female,0402107,citymun,130,,,false,0402107000,General Emilio Aguinaldo,direct
cic,total,0402107,citymun,2,138,1.4492753623188406,false,0402107000,General Emilio Aguinaldo,direct
cic,male,0402107,citymun,1,,,false,0402107000,General Emilio Aguinaldo,direct
cic,female,0402107,citymun,1,,,false,0402107000,General Emilio Aguinaldo,direct
fic,total,0402108,citymun,5623,9091,61.852381476185236,false,0402108000,City of General Trias,direct
fic,male,0402108,citymun,2852,,,false,0402108000,City of General Trias,direct
fic,female,0402108,citymun,2771,,,false,0402108000,City of General Trias,direct
cic,total,0402108,citymun,513,3570,14.369747899159663,false,0402108000,City of General Trias,direct
cic,male,0402108,citymun,265,,,false,0402108000,City of General Trias,direct
cic,female,0402108,citymun,248,,,false,0402108000,City of General Trias,direct
fic,total,0402109,citymun,4129,8391,49.20748420927184,false,0402109000,City of Imus,direct
fic,male,0402109,citymun,2166,,,false,0402109000,City of Imus,direct
fic,female,0402109,citymun,1963,,,false,0402109000,City of Imus,direct
cic,total,0402109,citymun,487,4511,10.795832409665262,false,0402109000,City of Imus,direct
cic,male,0402109,citymun,255,,,false,0402109000,City of Imus,direct
cic,female,0402109,citymun,232,,,false,0402109000,City of Imus,direct
fic,total,0402110,citymun,863,1123,76.84772929652716,false,0402110000,Indang,direct
fic,male,0402110,citymun,427,,,false,0402110000,Indang,direct
fic,female,0402110,citymun,436,,,false,0402110000,Indang,direct
cic,total,0402110,citymun,27,303,8.91089108910891,false,0402110000,Indang,direct
cic,male,0402110,citymun,15,,,false,0402110000,Indang,direct
cic,female,0402110,citymun,12,,,false,0402110000,Indang,direct
fic,total,0402111,citymun,1136,2140,53.084112149532714,false,0402111000,Kawit,direct
fic,male,0402111,citymun,570,,,false,0402111000,Kawit,direct
fic,female,0402111,citymun,566,,,false,0402111000,Kawit,direct
cic,total,0402111,citymun,93,1026,9.064327485380117,false,0402111000,Kawit,direct
cic,male,0402111,citymun,44,,,false,0402111000,Kawit,direct
cic,female,0402111,citymun,49,,,false,0402111000,Kawit,direct
fic,total,0402112,citymun,327,505,64.75247524752476,false,0402112000,Magallanes,direct
fic,male,0402112,citymun,169,,,false,0402112000,Magallanes,direct
fic,female,0402112,citymun,158,,,false,0402112000,Magallanes,direct
cic,total,0402112,citymun,37,209,17.703349282296653,false,0402112000,Magallanes,direct
cic,male,0402112,citymun,25,,,false,0402112000,Magallanes,direct
cic,female,0402112,citymun,12,,,false,0402112000,Magallanes,direct
fic,total,0402113,citymun,610,873,69.87399770904925,false,0402113000,Maragondon,direct
fic,male,0402113,citymun,309,,,false,0402113000,Maragondon,direct
fic,female,0402113,citymun,301,,,false,0402113000,Maragondon,direct
cic,total,0402113,citymun,20,197,10.152284263959391,false,0402113000,Maragondon,direct
cic,male,0402113,citymun,15,,,false,0402113000,Maragondon,direct
cic,female,0402113,citymun,5,,,false,0402113000,Maragondon,direct
fic,total,0402114,citymun,415,651,63.74807987711214,false,0402114000,Mendez,direct
fic,male,0402114,citymun,223,,,false,0402114000,Mendez,direct
fic,female,0402114,citymun,192,,,false,0402114000,Mendez,direct
cic,total,0402114,citymun,0,234,0.0,false,0402114000,Mendez,direct
cic,male,0402114,citymun,0,,,false,0402114000,Mendez,direct
cic,female,0402114,citymun,0,,,false,0402114000,Mendez,direct
fic,total,0402115,citymun,3193,3400,93.91176470588235,false,0402115000,Naic,direct
fic,male,0402115,citymun,1596,,,false,0402115000,Naic,direct
fic,female,0402115,citymun,1597,,,false,0402115000,Naic,direct
cic,total,0402115,citymun,441,713,61.85133239831697,false,0402115000,Naic,direct
cic,male,0402115,citymun,228,,,false,0402115000,Naic,direct
cic,female,0402115,citymun,213,,,false,0402115000,Naic,direct
fic,total,0402116,citymun,627,909,68.97689768976898,false,0402116000,Noveleta,direct
fic,male,0402116,citymun,334,,,false,0402116000,Noveleta,direct
fic,female,0402116,citymun,293,,,false,0402116000,Noveleta,direct
cic,total,0402116,citymun,72,361,19.94459833795014,false,0402116000,Noveleta,direct
cic,male,0402116,citymun,35,,,false,0402116000,Noveleta,direct
cic,female,0402116,citymun,37,,,false,0402116000,Noveleta,direct
fic,total,0402117,citymun,1275,2085,61.15107913669065,false,0402117000,Rosario,direct
fic,male,0402117,citymun,665,,,false,0402117000,Rosario,direct
fic,female,0402117,citymun,610,,,false,0402117000,Rosario,direct
cic,total,0402117,citymun,175,683,25.622254758418737,false,0402117000,Rosario,direct
cic,male,0402117,citymun,87,,,false,0402117000,Rosario,direct
cic,female,0402117,citymun,88,,,false,0402117000,Rosario,direct
fic,total,0402118,citymun,4663,6278,74.27524689391525,false,0402118000,Silang,direct
fic,male,0402118,citymun,2423,,,false,0402118000,Silang,direct
fic,female,0402118,citymun,2240,,,false,0402118000,Silang,direct
cic,total,0402118,citymun,306,1256,24.363057324840764,false,0402118000,Silang,direct
cic,male,0402118,citymun,165,,,false,0402118000,Silang,direct
cic,female,0402118,citymun,141,,,false,0402118000,Silang,direct
fic,total,0402119,citymun,1697,1722,98.54819976771196,false,0402119000,City of Tagaytay,direct
fic,male,0402119,citymun,868,,,false,0402119000,City of Tagaytay,direct
fic,female,0402119,citymun,829,,,false,0402119000,City of Tagaytay,direct
cic,total,0402119,citymun,7,41,17.073170731707318,false,0402119000,City of Tagaytay,direct
cic,male,0402119,citymun,2,,,false,0402119000,City of Tagaytay,direct
cic,female,0402119,citymun,5,,,false,0402119000,City of Tagaytay,direct
fic,total,0402120,citymun,4216,6739,62.56121086214572,false,0402120000,Tanza,direct
fic,male,0402120,citymun,2108,,,false,0402120000,Tanza,direct
fic,female,0402120,citymun,2108,,,false,0402120000,Tanza,direct
cic,total,0402120,citymun,434,2488,17.44372990353698,false,0402120000,Tanza,direct
cic,male,0402120,citymun,210,,,false,0402120000,Tanza,direct
cic,female,0402120,citymun,224,,,false,0402120000,Tanza,direct
fic,total,0402121,citymun,378,500,75.6,false,0402121000,Ternate,direct
fic,male,0402121,citymun,187,,,false,0402121000,Ternate,direct
fic,female,0402121,citymun,191,,,false,0402121000,Ternate,direct
cic,total,0402121,citymun,54,155,34.83870967741935,false,0402121000,Ternate,direct
cic,male,0402121,citymun,30,,,false,0402121000,Ternate,direct
cic,female,0402121,citymun,24,,,false,0402121000,Ternate,direct
fic,total,0402122,citymun,3495,4761,73.40894770006301,false,0402122000,City of Trece Martires,direct
fic,male,0402122,citymun,1795,,,false,0402122000,City of Trece Martires,direct
fic,female,0402122,citymun,1700,,,false,0402122000,City of Trece Martires,direct
cic,total,0402122,citymun,214,1453,14.728148657949072,false,0402122000,City of Trece Martires,direct
cic,male,0402122,citymun,121,,,false,0402122000,City of Trece Martires,direct
cic,female,0402122,citymun,93,,,false,0402122000,City of Trece Martires,direct
fic,total,0402123,citymun,2309,3844,60.06763787721123,false,0402123000,Gen. Mariano Alvarez,direct
fic,male,0402123,citymun,1218,,,false,0402123000,Gen. Mariano Alvarez,direct
fic,female,0402123,citymun,1091,,,false,0402123000,Gen. Mariano Alvarez,direct
cic,total,0402123,citymun,141,1521,9.270216962524655,false,0402123000,Gen. Mariano Alvarez,direct
cic,male,0402123,citymun,71,,,false,0402123000,Gen. Mariano Alvarez,direct
cic,female,0402123,citymun,70,,,false,0402123000,Gen. Mariano Alvarez,direct
fic,total,04034,province,43759,67298,65.02273470236857,false,0403400000,Laguna,direct
fic,male,04034,province,22398,,,false,0403400000,Laguna,direct
fic,female,04034,province,21361,,,false,0403400000,Laguna,direct
cic,total,04034,province,5749,20217,28.436464361675817,false,0403400000,Laguna,direct
cic,male,04034,province,3010,,,false,0403400000,Laguna,direct
cic,female,04034,province,2739,,,false,0403400000,Laguna,direct
fic,total,0403401,citymun,578,1015,56.945812807881765,false,0403401000,Alaminos,direct
fic,male,0403401,citymun,291,,,false,0403401000,Alaminos,direct
fic,female,0403401,citymun,287,,,false,0403401000,Alaminos,direct
cic,total,0403401,citymun,118,438,26.94063926940639,false,0403401000,Alaminos,direct
cic,male,0403401,citymun,62,,,false,0403401000,Alaminos,direct
cic,female,0403401,citymun,56,,,false,0403401000,Alaminos,direct
fic,total,0403402,citymun,543,1484,36.59029649595688,false,0403402000,Bay,direct
fic,male,0403402,citymun,261,,,false,0403402000,Bay,direct
fic,female,0403402,citymun,282,,,false,0403402000,Bay,direct
cic,total,0403402,citymun,201,1022,19.667318982387474,false,0403402000,Bay,direct
cic,male,0403402,citymun,98,,,false,0403402000,Bay,direct
cic,female,0403402,citymun,103,,,false,0403402000,Bay,direct
fic,total,0403403,citymun,7041,7006,100.49957179560376,true,0403403000,City of Biñan,direct
fic,male,0403403,citymun,3600,,,false,0403403000,City of Biñan,direct
fic,female,0403403,citymun,3441,,,false,0403403000,City of Biñan,direct
cic,total,0403403,citymun,714,285,250.52631578947367,true,0403403000,City of Biñan,direct
cic,male,0403403,citymun,362,,,false,0403403000,City of Biñan,direct
cic,female,0403403,citymun,352,,,false,0403403000,City of Biñan,direct
fic,total,0403404,citymun,6259,6963,89.88941548183254,false,0403404000,City of Cabuyao,direct
fic,male,0403404,citymun,3195,,,false,0403404000,City of Cabuyao,direct
fic,female,0403404,citymun,3064,,,false,0403404000,City of Cabuyao,direct
cic,total,0403404,citymun,1175,270,435.1851851851852,true,0403404000,City of Cabuyao,direct
cic,male,0403404,citymun,578,,,false,0403404000,City of Cabuyao,direct
cic,female,0403404,citymun,597,,,false,0403404000,City of Cabuyao,direct
fic,total,0403405,citymun,6468,10936,59.1441111923921,false,0403405000,City of Calamba,direct
fic,male,0403405,citymun,3374,,,false,0403405000,City of Calamba,direct
fic,female,0403405,citymun,3094,,,false,0403405000,City of Calamba,direct
cic,total,0403405,citymun,1028,2973,34.57786747393206,false,0403405000,City of Calamba,direct
cic,male,0403405,citymun,557,,,false,0403405000,City of Calamba,direct
cic,female,0403405,citymun,471,,,false,0403405000,City of Calamba,direct
fic,total,0403406,citymun,1472,1708,86.18266978922716,false,0403406000,Calauan,direct
fic,male,0403406,citymun,731,,,false,0403406000,Calauan,direct
fic,female,0403406,citymun,741,,,false,0403406000,Calauan,direct
cic,total,0403406,citymun,87,388,22.422680412371136,false,0403406000,Calauan,direct
cic,male,0403406,citymun,41,,,false,0403406000,Calauan,direct
cic,female,0403406,citymun,46,,,false,0403406000,Calauan,direct
fic,total,0403407,citymun,236,444,53.153153153153156,false,0403407000,Cavinti,direct
fic,male,0403407,citymun,119,,,false,0403407000,Cavinti,direct
fic,female,0403407,citymun,117,,,false,0403407000,Cavinti,direct
cic,total,0403407,citymun,22,220,10.0,false,0403407000,Cavinti,direct
cic,male,0403407,citymun,13,,,false,0403407000,Cavinti,direct
cic,female,0403407,citymun,9,,,false,0403407000,Cavinti,direct
fic,total,0403408,citymun,175,412,42.4757281553398,false,0403408000,Famy,direct
fic,male,0403408,citymun,92,,,false,0403408000,Famy,direct
fic,female,0403408,citymun,83,,,false,0403408000,Famy,direct
cic,total,0403408,citymun,38,198,19.19191919191919,false,0403408000,Famy,direct
cic,male,0403408,citymun,19,,,false,0403408000,Famy,direct
cic,female,0403408,citymun,19,,,false,0403408000,Famy,direct
fic,total,0403409,citymun,315,565,55.75221238938053,false,0403409000,Kalayaan,direct
fic,male,0403409,citymun,182,,,false,0403409000,Kalayaan,direct
fic,female,0403409,citymun,133,,,false,0403409000,Kalayaan,direct
cic,total,0403409,citymun,5,149,3.3557046979865772,false,0403409000,Kalayaan,direct
cic,male,0403409,citymun,2,,,false,0403409000,Kalayaan,direct
cic,female,0403409,citymun,3,,,false,0403409000,Kalayaan,direct
fic,total,0403410,citymun,371,690,53.768115942028984,false,0403410000,Liliw,direct
fic,male,0403410,citymun,183,,,false,0403410000,Liliw,direct
fic,female,0403410,citymun,188,,,false,0403410000,Liliw,direct
cic,total,0403410,citymun,42,264,15.909090909090908,false,0403410000,Liliw,direct
cic,male,0403410,citymun,19,,,false,0403410000,Liliw,direct
cic,female,0403410,citymun,23,,,false,0403410000,Liliw,direct
fic,total,0403411,citymun,1087,2111,51.49218379914733,false,0403411000,Los Baños,direct
fic,male,0403411,citymun,549,,,false,0403411000,Los Baños,direct
fic,female,0403411,citymun,538,,,false,0403411000,Los Baños,direct
cic,total,0403411,citymun,169,1138,14.850615114235502,false,0403411000,Los Baños,direct
cic,male,0403411,citymun,101,,,false,0403411000,Los Baños,direct
cic,female,0403411,citymun,68,,,false,0403411000,Los Baños,direct
fic,total,0403412,citymun,164,404,40.5940594059406,false,0403412000,Luisiana,direct
fic,male,0403412,citymun,80,,,false,0403412000,Luisiana,direct
fic,female,0403412,citymun,84,,,false,0403412000,Luisiana,direct
cic,total,0403412,citymun,36,245,14.69387755102041,false,0403412000,Luisiana,direct
cic,male,0403412,citymun,20,,,false,0403412000,Luisiana,direct
cic,female,0403412,citymun,16,,,false,0403412000,Luisiana,direct
fic,total,0403413,citymun,399,686,58.16326530612245,false,0403413000,Lumban,direct
fic,male,0403413,citymun,205,,,false,0403413000,Lumban,direct
fic,female,0403413,citymun,194,,,false,0403413000,Lumban,direct
cic,total,0403413,citymun,22,302,7.28476821192053,false,0403413000,Lumban,direct
cic,male,0403413,citymun,15,,,false,0403413000,Lumban,direct
cic,female,0403413,citymun,7,,,false,0403413000,Lumban,direct
fic,total,0403414,citymun,274,506,54.1501976284585,false,0403414000,Mabitac,direct
fic,male,0403414,citymun,144,,,false,0403414000,Mabitac,direct
fic,female,0403414,citymun,130,,,false,0403414000,Mabitac,direct
cic,total,0403414,citymun,28,212,13.20754716981132,false,0403414000,Mabitac,direct
cic,male,0403414,citymun,12,,,false,0403414000,Mabitac,direct
cic,female,0403414,citymun,16,,,false,0403414000,Mabitac,direct
fic,total,0403415,citymun,266,621,42.8341384863124,false,0403415000,Magdalena,direct
fic,male,0403415,citymun,129,,,false,0403415000,Magdalena,direct
fic,female,0403415,citymun,137,,,false,0403415000,Magdalena,direct
cic,total,0403415,citymun,53,319,16.614420062695924,false,0403415000,Magdalena,direct
cic,male,0403415,citymun,26,,,false,0403415000,Magdalena,direct
cic,female,0403415,citymun,27,,,false,0403415000,Magdalena,direct
fic,total,0403416,citymun,276,588,46.93877551020408,false,0403416000,Majayjay,direct
fic,male,0403416,citymun,152,,,false,0403416000,Majayjay,direct
fic,female,0403416,citymun,124,,,false,0403416000,Majayjay,direct
cic,total,0403416,citymun,53,394,13.451776649746192,false,0403416000,Majayjay,direct
cic,male,0403416,citymun,29,,,false,0403416000,Majayjay,direct
cic,female,0403416,citymun,24,,,false,0403416000,Majayjay,direct
fic,total,0403417,citymun,759,1288,58.92857142857143,false,0403417000,Nagcarlan,direct
fic,male,0403417,citymun,412,,,false,0403417000,Nagcarlan,direct
fic,female,0403417,citymun,347,,,false,0403417000,Nagcarlan,direct
cic,total,0403417,citymun,3,386,0.7772020725388601,false,0403417000,Nagcarlan,direct
cic,male,0403417,citymun,2,,,false,0403417000,Nagcarlan,direct
cic,female,0403417,citymun,1,,,false,0403417000,Nagcarlan,direct
fic,total,0403418,citymun,277,526,52.661596958174904,false,0403418000,Paete,direct
fic,male,0403418,citymun,138,,,false,0403418000,Paete,direct
fic,female,0403418,citymun,139,,,false,0403418000,Paete,direct
cic,total,0403418,citymun,27,206,13.106796116504855,false,0403418000,Paete,direct
cic,male,0403418,citymun,15,,,false,0403418000,Paete,direct
cic,female,0403418,citymun,12,,,false,0403418000,Paete,direct
fic,total,0403419,citymun,471,947,49.736008447729674,false,0403419000,Pagsanjan,direct
fic,male,0403419,citymun,237,,,false,0403419000,Pagsanjan,direct
fic,female,0403419,citymun,234,,,false,0403419000,Pagsanjan,direct
cic,total,0403419,citymun,37,476,7.773109243697479,false,0403419000,Pagsanjan,direct
cic,male,0403419,citymun,19,,,false,0403419000,Pagsanjan,direct
cic,female,0403419,citymun,18,,,false,0403419000,Pagsanjan,direct
fic,total,0403420,citymun,218,497,43.86317907444668,false,0403420000,Pakil,direct
fic,male,0403420,citymun,117,,,false,0403420000,Pakil,direct
fic,female,0403420,citymun,101,,,false,0403420000,Pakil,direct
cic,total,0403420,citymun,55,322,17.080745341614907,false,0403420000,Pakil,direct
cic,male,0403420,citymun,30,,,false,0403420000,Pakil,direct
cic,female,0403420,citymun,25,,,false,0403420000,Pakil,direct
fic,total,0403421,citymun,316,564,56.02836879432624,false,0403421000,Pangil,direct
fic,male,0403421,citymun,167,,,false,0403421000,Pangil,direct
fic,female,0403421,citymun,149,,,false,0403421000,Pangil,direct
cic,total,0403421,citymun,16,257,6.22568093385214,false,0403421000,Pangil,direct
cic,male,0403421,citymun,9,,,false,0403421000,Pangil,direct
cic,female,0403421,citymun,7,,,false,0403421000,Pangil,direct
fic,total,0403422,citymun,627,1185,52.911392405063296,false,0403422000,Pila,direct
fic,male,0403422,citymun,322,,,false,0403422000,Pila,direct
fic,female,0403422,citymun,305,,,false,0403422000,Pila,direct
cic,total,0403422,citymun,27,526,5.133079847908745,false,0403422000,Pila,direct
cic,male,0403422,citymun,13,,,false,0403422000,Pila,direct
cic,female,0403422,citymun,14,,,false,0403422000,Pila,direct
fic,total,0403423,citymun,201,357,56.30252100840336,false,0403423000,Rizal,direct
fic,male,0403423,citymun,93,,,false,0403423000,Rizal,direct
fic,female,0403423,citymun,108,,,false,0403423000,Rizal,direct
cic,total,0403423,citymun,16,167,9.580838323353294,false,0403423000,Rizal,direct
cic,male,0403423,citymun,9,,,false,0403423000,Rizal,direct
cic,female,0403423,citymun,7,,,false,0403423000,Rizal,direct
fic,total,0403424,citymun,3573,5803,61.57160089608823,false,0403424000,City of San Pablo,direct
fic,male,0403424,citymun,1816,,,false,0403424000,City of San Pablo,direct
fic,female,0403424,citymun,1757,,,false,0403424000,City of San Pablo,direct
cic,total,0403424,citymun,227,2347,9.671921602045163,false,0403424000,City of San Pablo,direct
cic,male,0403424,citymun,136,,,false,0403424000,City of San Pablo,direct
cic,female,0403424,citymun,91,,,false,0403424000,City of San Pablo,direct
fic,total,0403425,citymun,3887,6398,60.753360425132854,false,0403425000,City of San Pedro,direct
fic,male,0403425,citymun,1969,,,false,0403425000,City of San Pedro,direct
fic,female,0403425,citymun,1918,,,false,0403425000,City of San Pedro,direct
cic,total,0403425,citymun,600,2190,27.397260273972602,false,0403425000,City of San Pedro,direct
cic,male,0403425,citymun,320,,,false,0403425000,City of San Pedro,direct
cic,female,0403425,citymun,280,,,false,0403425000,City of San Pedro,direct
fic,total,0403426,citymun,661,2457,26.902726902726904,false,0403426000,Santa Cruz,direct
fic,male,0403426,citymun,346,,,false,0403426000,Santa Cruz,direct
fic,female,0403426,citymun,315,,,false,0403426000,Santa Cruz,direct
cic,total,0403426,citymun,535,1715,31.195335276967928,false,0403426000,Santa Cruz,direct
cic,male,0403426,citymun,286,,,false,0403426000,Santa Cruz,direct
cic,female,0403426,citymun,249,,,false,0403426000,Santa Cruz,direct
fic,total,0403427,citymun,293,693,42.279942279942276,false,0403427000,Santa Maria,direct
fic,male,0403427,citymun,150,,,false,0403427000,Santa Maria,direct
fic,female,0403427,citymun,143,,,false,0403427000,Santa Maria,direct
cic,total,0403427,citymun,37,371,9.973045822102426,false,0403427000,Santa Maria,direct
cic,male,0403427,citymun,20,,,false,0403427000,Santa Maria,direct
cic,female,0403427,citymun,17,,,false,0403427000,Santa Maria,direct
fic,total,0403428,citymun,5685,8521,66.71752141767399,false,0403428000,City of Santa Rosa,direct
fic,male,0403428,citymun,2888,,,false,0403428000,City of Santa Rosa,direct
fic,female,0403428,citymun,2797,,,false,0403428000,City of Santa Rosa,direct
cic,total,0403428,citymun,266,1302,20.43010752688172,false,0403428000,City of Santa Rosa,direct
cic,male,0403428,citymun,138,,,false,0403428000,City of Santa Rosa,direct
cic,female,0403428,citymun,128,,,false,0403428000,City of Santa Rosa,direct
fic,total,0403429,citymun,423,924,45.77922077922078,false,0403429000,Siniloan,direct
fic,male,0403429,citymun,224,,,false,0403429000,Siniloan,direct
fic,female,0403429,citymun,199,,,false,0403429000,Siniloan,direct
cic,total,0403429,citymun,37,516,7.170542635658915,false,0403429000,Siniloan,direct
cic,male,0403429,citymun,16,,,false,0403429000,Siniloan,direct
cic,female,0403429,citymun,21,,,false,0403429000,Siniloan,direct
fic,total,0403430,citymun,444,999,44.44444444444444,false,0403430000,Victoria,direct
fic,male,0403430,citymun,232,,,false,0403430000,Victoria,direct
fic,female,0403430,citymun,212,,,false,0403430000,Victoria,direct
cic,total,0403430,citymun,75,619,12.116316639741518,false,0403430000,Victoria,direct
cic,male,0403430,citymun,43,,,false,0403430000,Victoria,direct
cic,female,0403430,citymun,32,,,false,0403430000,Victoria,direct
fic,total,04056,province,20867,44516,46.87528079791536,false,0405600000,Quezon,direct
fic,male,04056,province,10729,,,false,0405600000,Quezon,direct
fic,female,04056,province,10138,,,false,0405600000,Quezon,direct
cic,total,04056,province,3976,22750,17.476923076923075,false,0405600000,Quezon,direct
cic,male,04056,province,2130,,,false,0405600000,Quezon,direct
cic,female,04056,province,1846,,,false,0405600000,Quezon,direct
fic,total,0405601,citymun,150,301,49.83388704318937,false,0405601000,Agdangan,direct
fic,male,0405601,citymun,71,,,false,0405601000,Agdangan,direct
fic,female,0405601,citymun,79,,,false,0405601000,Agdangan,direct
cic,total,0405601,citymun,38,183,20.76502732240437,false,0405601000,Agdangan,direct
cic,male,0405601,citymun,24,,,false,0405601000,Agdangan,direct
cic,female,0405601,citymun,14,,,false,0405601000,Agdangan,direct
fic,total,0405602,citymun,204,221,92.3076923076923,false,0405602000,Alabat,direct
fic,male,0405602,citymun,109,,,false,0405602000,Alabat,direct
fic,female,0405602,citymun,95,,,false,0405602000,Alabat,direct
cic,total,0405602,citymun,11,50,22.0,false,0405602000,Alabat,direct
cic,male,0405602,citymun,7,,,false,0405602000,Alabat,direct
cic,female,0405602,citymun,4,,,false,0405602000,Alabat,direct
fic,total,0405603,citymun,637,1308,48.70030581039755,false,0405603000,Atimonan,direct
fic,male,0405603,citymun,342,,,false,0405603000,Atimonan,direct
fic,female,0405603,citymun,295,,,false,0405603000,Atimonan,direct
cic,total,0405603,citymun,78,664,11.74698795180723,false,0405603000,Atimonan,direct
cic,male,0405603,citymun,48,,,false,0405603000,Atimonan,direct
cic,female,0405603,citymun,30,,,false,0405603000,Atimonan,direct
fic,total,0405605,citymun,293,673,43.536404160475485,false,0405605000,Buenavista,direct
fic,male,0405605,citymun,151,,,false,0405605000,Buenavista,direct
fic,female,0405605,citymun,142,,,false,0405605000,Buenavista,direct
cic,total,0405605,citymun,52,227,22.90748898678414,false,0405605000,Buenavista,direct
cic,male,0405605,citymun,32,,,false,0405605000,Buenavista,direct
cic,female,0405605,citymun,20,,,false,0405605000,Buenavista,direct
fic,total,0405606,citymun,202,578,34.94809688581315,false,0405606000,Burdeos,direct
fic,male,0405606,citymun,104,,,false,0405606000,Burdeos,direct
fic,female,0405606,citymun,98,,,false,0405606000,Burdeos,direct
cic,total,0405606,citymun,125,355,35.2112676056338,false,0405606000,Burdeos,direct
cic,male,0405606,citymun,72,,,false,0405606000,Burdeos,direct
cic,female,0405606,citymun,53,,,false,0405606000,Burdeos,direct
fic,total,0405607,citymun,791,1611,49.09993792675357,false,0405607000,Calauag,direct
fic,male,0405607,citymun,411,,,false,0405607000,Calauag,direct
fic,female,0405607,citymun,380,,,false,0405607000,Calauag,direct
cic,total,0405607,citymun,139,1011,13.748763600395646,false,0405607000,Calauag,direct
cic,male,0405607,citymun,62,,,false,0405607000,Calauag,direct
cic,female,0405607,citymun,77,,,false,0405607000,Calauag,direct
fic,total,0405608,citymun,1532,3108,49.29214929214929,false,0405608000,Candelaria,direct
fic,male,0405608,citymun,801,,,false,0405608000,Candelaria,direct
fic,female,0405608,citymun,731,,,false,0405608000,Candelaria,direct
cic,total,0405608,citymun,172,1375,12.509090909090908,false,0405608000,Candelaria,direct
cic,male,0405608,citymun,84,,,false,0405608000,Candelaria,direct
cic,female,0405608,citymun,88,,,false,0405608000,Candelaria,direct
fic,total,0405610,citymun,715,1759,40.64809550881183,false,0405610000,Catanauan,direct
fic,male,0405610,citymun,393,,,false,0405610000,Catanauan,direct
fic,female,0405610,citymun,322,,,false,0405610000,Catanauan,direct
cic,total,0405610,citymun,192,1058,18.147448015122876,false,0405610000,Catanauan,direct
cic,male,0405610,citymun,97,,,false,0405610000,Catanauan,direct
cic,female,0405610,citymun,95,,,false,0405610000,Catanauan,direct
fic,total,0405615,citymun,373,672,55.50595238095239,false,0405615000,Dolores,direct
fic,male,0405615,citymun,194,,,false,0405615000,Dolores,direct
fic,female,0405615,citymun,179,,,false,0405615000,Dolores,direct
cic,total,0405615,citymun,82,297,27.609427609427613,false,0405615000,Dolores,direct
cic,male,0405615,citymun,45,,,false,0405615000,Dolores,direct
cic,female,0405615,citymun,37,,,false,0405615000,Dolores,direct
fic,total,0405616,citymun,266,563,47.246891651865006,false,0405616000,General Luna,direct
fic,male,0405616,citymun,130,,,false,0405616000,General Luna,direct
fic,female,0405616,citymun,136,,,false,0405616000,General Luna,direct
cic,total,0405616,citymun,48,287,16.72473867595819,false,0405616000,General Luna,direct
cic,male,0405616,citymun,22,,,false,0405616000,General Luna,direct
cic,female,0405616,citymun,26,,,false,0405616000,General Luna,direct
fic,total,0405617,citymun,416,1012,41.10671936758894,false,0405617000,General Nakar,direct
fic,male,0405617,citymun,196,,,false,0405617000,General Nakar,direct
fic,female,0405617,citymun,220,,,false,0405617000,General Nakar,direct
cic,total,0405617,citymun,88,506,17.391304347826086,false,0405617000,General Nakar,direct
cic,male,0405617,citymun,34,,,false,0405617000,General Nakar,direct
cic,female,0405617,citymun,54,,,false,0405617000,General Nakar,direct
fic,total,0405618,citymun,330,896,36.830357142857146,false,0405618000,Guinayangan,direct
fic,male,0405618,citymun,177,,,false,0405618000,Guinayangan,direct
fic,female,0405618,citymun,153,,,false,0405618000,Guinayangan,direct
cic,total,0405618,citymun,83,573,14.485165794066319,false,0405618000,Guinayangan,direct
cic,male,0405618,citymun,45,,,false,0405618000,Guinayangan,direct
cic,female,0405618,citymun,38,,,false,0405618000,Guinayangan,direct
fic,total,0405619,citymun,800,1635,48.92966360856269,false,0405619000,Gumaca,direct
fic,male,0405619,citymun,419,,,false,0405619000,Gumaca,direct
fic,female,0405619,citymun,381,,,false,0405619000,Gumaca,direct
cic,total,0405619,citymun,91,790,11.518987341772153,false,0405619000,Gumaca,direct
cic,male,0405619,citymun,52,,,false,0405619000,Gumaca,direct
cic,female,0405619,citymun,39,,,false,0405619000,Gumaca,direct
fic,total,0405620,citymun,768,1798,42.714126807563964,false,0405620000,Infanta,direct
fic,male,0405620,citymun,382,,,false,0405620000,Infanta,direct
fic,female,0405620,citymun,386,,,false,0405620000,Infanta,direct
cic,total,0405620,citymun,186,1026,18.128654970760234,false,0405620000,Infanta,direct
cic,male,0405620,citymun,103,,,false,0405620000,Infanta,direct
cic,female,0405620,citymun,83,,,false,0405620000,Infanta,direct
fic,total,0405621,citymun,72,229,31.4410480349345,false,0405621000,Jomalig,direct
fic,male,0405621,citymun,40,,,false,0405621000,Jomalig,direct
fic,female,0405621,citymun,32,,,false,0405621000,Jomalig,direct
cic,total,0405621,citymun,45,135,33.33333333333333,false,0405621000,Jomalig,direct
cic,male,0405621,citymun,25,,,false,0405621000,Jomalig,direct
cic,female,0405621,citymun,20,,,false,0405621000,Jomalig,direct
fic,total,0405622,citymun,960,2169,44.26002766251729,false,0405622000,Lopez,direct
fic,male,0405622,citymun,494,,,false,0405622000,Lopez,direct
fic,female,0405622,citymun,466,,,false,0405622000,Lopez,direct
cic,total,0405622,citymun,82,975,8.41025641025641,false,0405622000,Lopez,direct
cic,male,0405622,citymun,47,,,false,0405622000,Lopez,direct
cic,female,0405622,citymun,35,,,false,0405622000,Lopez,direct
fic,total,0405623,citymun,509,1024,49.70703125,false,0405623000,Lucban,direct
fic,male,0405623,citymun,244,,,false,0405623000,Lucban,direct
fic,female,0405623,citymun,265,,,false,0405623000,Lucban,direct
cic,total,0405623,citymun,74,474,15.611814345991561,false,0405623000,Lucban,direct
cic,male,0405623,citymun,50,,,false,0405623000,Lucban,direct
cic,female,0405623,citymun,24,,,false,0405623000,Lucban,direct
fic,total,0405625,citymun,214,586,36.51877133105802,false,0405625000,Macalelon,direct
fic,male,0405625,citymun,110,,,false,0405625000,Macalelon,direct
fic,female,0405625,citymun,104,,,false,0405625000,Macalelon,direct
cic,total,0405625,citymun,43,276,15.579710144927535,false,0405625000,Macalelon,direct
cic,male,0405625,citymun,20,,,false,0405625000,Macalelon,direct
cic,female,0405625,citymun,23,,,false,0405625000,Macalelon,direct
fic,total,0405627,citymun,1003,1812,55.35320088300221,false,0405627000,Mauban,direct
fic,male,0405627,citymun,513,,,false,0405627000,Mauban,direct
fic,female,0405627,citymun,490,,,false,0405627000,Mauban,direct
cic,total,0405627,citymun,109,809,13.473423980222496,false,0405627000,Mauban,direct
cic,male,0405627,citymun,54,,,false,0405627000,Mauban,direct
cic,female,0405627,citymun,55,,,false,0405627000,Mauban,direct
fic,total,0405628,citymun,518,1313,39.45163747143945,false,0405628000,Mulanay,direct
fic,male,0405628,citymun,279,,,false,0405628000,Mulanay,direct
fic,female,0405628,citymun,239,,,false,0405628000,Mulanay,direct
cic,total,0405628,citymun,168,728,23.076923076923077,false,0405628000,Mulanay,direct
cic,male,0405628,citymun,96,,,false,0405628000,Mulanay,direct
cic,female,0405628,citymun,72,,,false,0405628000,Mulanay,direct
fic,total,0405629,citymun,260,450,57.77777777777777,false,0405629000,Padre Burgos,direct
fic,male,0405629,citymun,137,,,false,0405629000,Padre Burgos,direct
fic,female,0405629,citymun,123,,,false,0405629000,Padre Burgos,direct
cic,total,0405629,citymun,20,154,12.987012987012985,false,0405629000,Padre Burgos,direct
cic,male,0405629,citymun,9,,,false,0405629000,Padre Burgos,direct
cic,female,0405629,citymun,11,,,false,0405629000,Padre Burgos,direct
fic,total,0405630,citymun,887,1746,50.801832760595644,false,0405630000,Pagbilao,direct
fic,male,0405630,citymun,462,,,false,0405630000,Pagbilao,direct
fic,female,0405630,citymun,425,,,false,0405630000,Pagbilao,direct
cic,total,0405630,citymun,94,693,13.564213564213565,false,0405630000,Pagbilao,direct
cic,male,0405630,citymun,45,,,false,0405630000,Pagbilao,direct
cic,female,0405630,citymun,49,,,false,0405630000,Pagbilao,direct
fic,total,0405631,citymun,100,461,21.69197396963124,false,0405631000,Panukulan,direct
fic,male,0405631,citymun,54,,,false,0405631000,Panukulan,direct
fic,female,0405631,citymun,46,,,false,0405631000,Panukulan,direct
cic,total,0405631,citymun,68,331,20.54380664652568,false,0405631000,Panukulan,direct
cic,male,0405631,citymun,38,,,false,0405631000,Panukulan,direct
cic,female,0405631,citymun,30,,,false,0405631000,Panukulan,direct
fic,total,0405632,citymun,161,423,38.061465721040186,false,0405632000,Patnanungan,direct
fic,male,0405632,citymun,93,,,false,0405632000,Patnanungan,direct
fic,female,0405632,citymun,68,,,false,0405632000,Patnanungan,direct
cic,total,0405632,citymun,72,348,20.689655172413794,false,0405632000,Patnanungan,direct
cic,male,0405632,citymun,43,,,false,0405632000,Patnanungan,direct
cic,female,0405632,citymun,29,,,false,0405632000,Patnanungan,direct
fic,total,0405633,citymun,159,279,56.98924731182796,false,0405633000,Perez,direct
fic,male,0405633,citymun,63,,,false,0405633000,Perez,direct
fic,female,0405633,citymun,96,,,false,0405633000,Perez,direct
cic,total,0405633,citymun,41,120,34.166666666666664,false,0405633000,Perez,direct
cic,male,0405633,citymun,22,,,false,0405633000,Perez,direct
cic,female,0405633,citymun,19,,,false,0405633000,Perez,direct
fic,total,0405634,citymun,293,444,65.990990990991,false,0405634000,Pitogo,direct
fic,male,0405634,citymun,154,,,false,0405634000,Pitogo,direct
fic,female,0405634,citymun,139,,,false,0405634000,Pitogo,direct
cic,total,0405634,citymun,15,186,8.064516129032258,false,0405634000,Pitogo,direct
cic,male,0405634,citymun,9,,,false,0405634000,Pitogo,direct
cic,female,0405634,citymun,6,,,false,0405634000,Pitogo,direct
fic,total,0405635,citymun,94,167,56.287425149700596,false,0405635000,Plaridel,direct
fic,male,0405635,citymun,47,,,false,0405635000,Plaridel,direct
fic,female,0405635,citymun,47,,,false,0405635000,Plaridel,direct
cic,total,0405635,citymun,26,81,32.098765432098766,false,0405635000,Plaridel,direct
cic,male,0405635,citymun,11,,,false,0405635000,Plaridel,direct
cic,female,0405635,citymun,15,,,false,0405635000,Plaridel,direct
fic,total,0405636,citymun,402,826,48.6682808716707,false,0405636000,Polillo,direct
fic,male,0405636,citymun,207,,,false,0405636000,Polillo,direct
fic,female,0405636,citymun,195,,,false,0405636000,Polillo,direct
cic,total,0405636,citymun,31,385,8.051948051948052,false,0405636000,Polillo,direct
cic,male,0405636,citymun,13,,,false,0405636000,Polillo,direct
cic,female,0405636,citymun,18,,,false,0405636000,Polillo,direct
fic,total,0405637,citymun,142,306,46.40522875816993,false,0405637000,Quezon,direct
fic,male,0405637,citymun,70,,,false,0405637000,Quezon,direct
fic,female,0405637,citymun,72,,,false,0405637000,Quezon,direct
cic,total,0405637,citymun,23,120,19.166666666666668,false,0405637000,Quezon,direct
cic,male,0405637,citymun,11,,,false,0405637000,Quezon,direct
cic,female,0405637,citymun,12,,,false,0405637000,Quezon,direct
fic,total,0405638,citymun,607,956,63.49372384937239,false,0405638000,Real,direct
fic,male,0405638,citymun,321,,,false,0405638000,Real,direct
fic,female,0405638,citymun,286,,,false,0405638000,Real,direct
cic,total,0405638,citymun,27,294,9.183673469387756,false,0405638000,Real,direct
cic,male,0405638,citymun,19,,,false,0405638000,Real,direct
cic,female,0405638,citymun,8,,,false,0405638000,Real,direct
fic,total,0405639,citymun,158,286,55.24475524475524,false,0405639000,Sampaloc,direct
fic,male,0405639,citymun,79,,,false,0405639000,Sampaloc,direct
fic,female,0405639,citymun,79,,,false,0405639000,Sampaloc,direct
cic,total,0405639,citymun,27,149,18.120805369127517,false,0405639000,Sampaloc,direct
cic,male,0405639,citymun,9,,,false,0405639000,Sampaloc,direct
cic,female,0405639,citymun,18,,,false,0405639000,Sampaloc,direct
fic,total,0405640,citymun,405,954,42.45283018867924,false,0405640000,San Andres,direct
fic,male,0405640,citymun,194,,,false,0405640000,San Andres,direct
fic,female,0405640,citymun,211,,,false,0405640000,San Andres,direct
cic,total,0405640,citymun,119,534,22.284644194756552,false,0405640000,San Andres,direct
cic,male,0405640,citymun,68,,,false,0405640000,San Andres,direct
cic,female,0405640,citymun,51,,,false,0405640000,San Andres,direct
fic,total,0405641,citymun,498,785,63.43949044585987,false,0405641000,San Antonio,direct
fic,male,0405641,citymun,261,,,false,0405641000,San Antonio,direct
fic,female,0405641,citymun,237,,,false,0405641000,San Antonio,direct
cic,total,0405641,citymun,16,300,5.333333333333334,false,0405641000,San Antonio,direct
cic,male,0405641,citymun,10,,,false,0405641000,San Antonio,direct
cic,female,0405641,citymun,6,,,false,0405641000,San Antonio,direct
fic,total,0405642,citymun,558,1683,33.155080213903744,false,0405642000,San Francisco,direct
fic,male,0405642,citymun,273,,,false,0405642000,San Francisco,direct
fic,female,0405642,citymun,285,,,false,0405642000,San Francisco,direct
cic,total,0405642,citymun,191,1091,17.506874427131073,false,0405642000,San Francisco,direct
cic,male,0405642,citymun,97,,,false,0405642000,San Francisco,direct
cic,female,0405642,citymun,94,,,false,0405642000,San Francisco,direct
fic,total,0405644,citymun,389,1325,29.358490566037737,false,0405644000,San Narciso,direct
fic,male,0405644,citymun,209,,,false,0405644000,San Narciso,direct
fic,female,0405644,citymun,180,,,false,0405644000,San Narciso,direct
cic,total,0405644,citymun,153,893,17.133258678611423,false,0405644000,San Narciso,direct
cic,male,0405644,citymun,86,,,false,0405644000,San Narciso,direct
cic,female,0405644,citymun,67,,,false,0405644000,San Narciso,direct
fic,total,0405645,citymun,2073,3673,56.438878301116254,false,0405645000,Sariaya,direct
fic,male,0405645,citymun,1082,,,false,0405645000,Sariaya,direct
fic,female,0405645,citymun,991,,,false,0405645000,Sariaya,direct
cic,total,0405645,citymun,226,1581,14.294750158127767,false,0405645000,Sariaya,direct
cic,male,0405645,citymun,120,,,false,0405645000,Sariaya,direct
cic,female,0405645,citymun,106,,,false,0405645000,Sariaya,direct
fic,total,0405646,citymun,535,1222,43.780687397708675,false,0405646000,Tagkawayan,direct
fic,male,0405646,citymun,275,,,false,0405646000,Tagkawayan,direct
fic,female,0405646,citymun,260,,,false,0405646000,Tagkawayan,direct
cic,total,0405646,citymun,248,803,30.884184308841846,false,0405646000,Tagkawayan,direct
cic,male,0405646,citymun,137,,,false,0405646000,Tagkawayan,direct
cic,female,0405646,citymun,111,,,false,0405646000,Tagkawayan,direct
fic,total,0405647,citymun,1133,2378,47.64507989907486,false,0405647000,City of Tayabas,direct
fic,male,0405647,citymun,568,,,false,0405647000,City of Tayabas,direct
fic,female,0405647,citymun,565,,,false,0405647000,City of Tayabas,direct
cic,total,0405647,citymun,367,1253,29.289704708699123,false,0405647000,City of Tayabas,direct
cic,male,0405647,citymun,193,,,false,0405647000,City of Tayabas,direct
cic,female,0405647,citymun,174,,,false,0405647000,City of Tayabas,direct
fic,total,0405648,citymun,986,2365,41.69133192389006,false,0405648000,Tiaong,direct
fic,male,0405648,citymun,490,,,false,0405648000,Tiaong,direct
fic,female,0405648,citymun,496,,,false,0405648000,Tiaong,direct
cic,total,0405648,citymun,277,1403,19.743406985032074,false,0405648000,Tiaong,direct
cic,male,0405648,citymun,154,,,false,0405648000,Tiaong,direct
cic,female,0405648,citymun,123,,,false,0405648000,Tiaong,direct
fic,total,0405649,citymun,274,519,52.79383429672448,false,0405649000,Unisan,direct
fic,male,0405649,citymun,130,,,false,0405649000,Unisan,direct
fic,female,0405649,citymun,144,,,false,0405649000,Unisan,direct
cic,total,0405649,citymun,29,232,12.5,false,0405649000,Unisan,direct
cic,male,0405649,citymun,17,,,false,0405649000,Unisan,direct
cic,female,0405649,citymun,12,,,false,0405649000,Unisan,direct
fic,total,04058,province,41927,74779,56.06788001979165,false,0405800000,Rizal,direct
fic,male,04058,province,21405,,,false,0405800000,Rizal,direct
fic,female,04058,province,20522,,,false,0405800000,Rizal,direct
cic,total,04058,province,4819,32860,14.665246500304322,false,0405800000,Rizal,direct
cic,male,04058,province,2475,,,false,0405800000,Rizal,direct
cic,female,04058,province,2344,,,false,0405800000,Rizal,direct
fic,total,0405801,citymun,1868,2869,65.10979435343324,false,0405801000,Angono,direct
fic,male,0405801,citymun,986,,,false,0405801000,Angono,direct
fic,female,0405801,citymun,882,,,false,0405801000,Angono,direct
cic,total,0405801,citymun,172,1071,16.059757236227824,false,0405801000,Angono,direct
cic,male,0405801,citymun,88,,,false,0405801000,Angono,direct
cic,female,0405801,citymun,84,,,false,0405801000,Angono,direct
fic,total,0405802,citymun,8743,20926,41.78056006881391,false,0405802000,City of Antipolo,direct
fic,male,0405802,citymun,4467,,,false,0405802000,City of Antipolo,direct
fic,female,0405802,citymun,4276,,,false,0405802000,City of Antipolo,direct
cic,total,0405802,citymun,1150,10369,11.09075127784743,false,0405802000,City of Antipolo,direct
cic,male,0405802,citymun,615,,,false,0405802000,City of Antipolo,direct
cic,female,0405802,citymun,535,,,false,0405802000,City of Antipolo,direct
fic,total,0405803,citymun,2131,2289,93.09742245522062,false,0405803000,Baras,direct
fic,male,0405803,citymun,1056,,,false,0405803000,Baras,direct
fic,female,0405803,citymun,1075,,,false,0405803000,Baras,direct
cic,total,0405803,citymun,103,394,26.14213197969543,false,0405803000,Baras,direct
cic,male,0405803,citymun,47,,,false,0405803000,Baras,direct
cic,female,0405803,citymun,56,,,false,0405803000,Baras,direct
fic,total,0405804,citymun,4838,6825,70.88644688644689,false,0405804000,Binangonan,direct
fic,male,0405804,citymun,2453,,,false,0405804000,Binangonan,direct
fic,female,0405804,citymun,2385,,,false,0405804000,Binangonan,direct
cic,total,0405804,citymun,511,2890,17.681660899653977,false,0405804000,Binangonan,direct
cic,male,0405804,citymun,247,,,false,0405804000,Binangonan,direct
cic,female,0405804,citymun,264,,,false,0405804000,Binangonan,direct
fic,total,0405805,citymun,3756,7291,51.51556713756686,false,0405805000,Cainta,direct
fic,male,0405805,citymun,1865,,,false,0405805000,Cainta,direct
fic,female,0405805,citymun,1891,,,false,0405805000,Cainta,direct
cic,total,0405805,citymun,658,2936,22.411444141689373,false,0405805000,Cainta,direct
cic,male,0405805,citymun,327,,,false,0405805000,Cainta,direct
cic,female,0405805,citymun,331,,,false,0405805000,Cainta,direct
fic,total,0405806,citymun,714,1099,64.96815286624204,false,0405806000,Cardona,direct
fic,male,0405806,citymun,381,,,false,0405806000,Cardona,direct
fic,female,0405806,citymun,333,,,false,0405806000,Cardona,direct
cic,total,0405806,citymun,49,354,13.841807909604519,false,0405806000,Cardona,direct
cic,male,0405806,citymun,27,,,false,0405806000,Cardona,direct
cic,female,0405806,citymun,22,,,false,0405806000,Cardona,direct
fic,total,0405807,citymun,400,780,51.28205128205128,false,0405807000,Jala-Jala,direct
fic,male,0405807,citymun,200,,,false,0405807000,Jala-Jala,direct
fic,female,0405807,citymun,200,,,false,0405807000,Jala-Jala,direct
cic,total,0405807,citymun,63,328,19.20731707317073,false,0405807000,Jala-Jala,direct
cic,male,0405807,citymun,24,,,false,0405807000,Jala-Jala,direct
cic,female,0405807,citymun,39,,,false,0405807000,Jala-Jala,direct
fic,total,0405808,citymun,5136,10412,49.32769880906646,false,0405808000,Rodriguez,direct
fic,male,0405808,citymun,2632,,,false,0405808000,Rodriguez,direct
fic,female,0405808,citymun,2504,,,false,0405808000,Rodriguez,direct
cic,total,0405808,citymun,490,5967,8.211831741243506,false,0405808000,Rodriguez,direct
cic,male,0405808,citymun,269,,,false,0405808000,Rodriguez,direct
cic,female,0405808,citymun,221,,,false,0405808000,Rodriguez,direct
fic,total,0405809,citymun,1252,1434,87.30822873082286,false,0405809000,Morong,direct
fic,male,0405809,citymun,654,,,false,0405809000,Morong,direct
fic,female,0405809,citymun,598,,,false,0405809000,Morong,direct
cic,total,0405809,citymun,83,379,21.899736147757256,false,0405809000,Morong,direct
cic,male,0405809,citymun,49,,,false,0405809000,Morong,direct
cic,female,0405809,citymun,34,,,false,0405809000,Morong,direct
fic,total,0405810,citymun,1155,1750,66.0,false,0405810000,Pililla,direct
fic,male,0405810,citymun,584,,,false,0405810000,Pililla,direct
fic,female,0405810,citymun,571,,,false,0405810000,Pililla,direct
cic,total,0405810,citymun,150,586,25.597269624573375,false,0405810000,Pililla,direct
cic,male,0405810,citymun,84,,,false,0405810000,Pililla,direct
cic,female,0405810,citymun,66,,,false,0405810000,Pililla,direct
fic,total,0405811,citymun,2656,5730,46.352530541012214,false,0405811000,San Mateo,direct
fic,male,0405811,citymun,1355,,,false,0405811000,San Mateo,direct
fic,female,0405811,citymun,1301,,,false,0405811000,San Mateo,direct
cic,total,0405811,citymun,593,3368,17.60688836104513,false,0405811000,San Mateo,direct
cic,male,0405811,citymun,283,,,false,0405811000,San Mateo,direct
cic,female,0405811,citymun,310,,,false,0405811000,San Mateo,direct
fic,total,0405812,citymun,1751,3517,49.786750071083304,false,0405812000,Tanay,direct
fic,male,0405812,citymun,877,,,false,0405812000,Tanay,direct
fic,female,0405812,citymun,874,,,false,0405812000,Tanay,direct
cic,total,0405812,citymun,215,1442,14.909847434119278,false,0405812000,Tanay,direct
cic,male,0405812,citymun,107,,,false,0405812000,Tanay,direct
cic,female,0405812,citymun,108,,,false,0405812000,Tanay,direct
fic,total,0405813,citymun,6384,8404,75.96382674916707,false,0405813000,Taytay,direct
fic,male,0405813,citymun,3310,,,false,0405813000,Taytay,direct
fic,female,0405813,citymun,3074,,,false,0405813000,Taytay,direct
cic,total,0405813,citymun,469,2444,19.189852700491,false,0405813000,Taytay,direct
cic,male,0405813,citymun,247,,,false,0405813000,Taytay,direct
cic,female,0405813,citymun,222,,,false,0405813000,Taytay,direct
fic,total,0405814,citymun,1143,1453,78.6648313833448,false,0405814000,Teresa,direct
fic,male,0405814,citymun,585,,,false,0405814000,Teresa,direct
fic,female,0405814,citymun,558,,,false,0405814000,Teresa,direct
cic,total,0405814,citymun,113,332,34.036144578313255,false,0405814000,Teresa,direct
cic,male,0405814,citymun,61,,,false,0405814000,Teresa,direct
cic,female,0405814,citymun,52,,,false,0405814000,Teresa,direct
fic,total,04312,province,4733,6759,70.02515164965232,false,0431200000,City of Lucena,direct
fic,male,04312,province,2400,,,false,0431200000,City of Lucena,direct
fic,female,04312,province,2333,,,false,0431200000,City of Lucena,direct
cic,total,04312,province,322,1868,17.237687366167023,false,0431200000,City of Lucena,direct
cic,male,04312,province,169,,,false,0431200000,City of Lucena,direct
cic,female,04312,province,153,,,false,0431200000,City of Lucena,direct
fic,total,17,region,43198,72212,59.8210823685814,false,1700000000,Region 4B,direct
fic,male,17,region,21543,,,false,1700000000,Region 4B,direct
fic,female,17,region,21655,,,false,1700000000,Region 4B,direct
cic,total,17,region,5327,29700,17.936026936026934,false,1700000000,Region 4B,direct
cic,male,17,region,2769,,,false,1700000000,Region 4B,direct
cic,female,17,region,2558,,,false,1700000000,Region 4B,direct
fic,total,17040,province,3953,4531,87.24343412050321,false,1704000000,Marinduque,direct
fic,male,17040,province,1290,,,false,1704000000,Marinduque,direct
fic,female,17040,province,2663,,,false,1704000000,Marinduque,direct
cic,total,17040,province,156,1766,8.833522083805208,false,1704000000,Marinduque,direct
cic,male,17040,province,49,,,false,1704000000,Marinduque,direct
cic,female,17040,province,107,,,false,1704000000,Marinduque,direct
fic,total,1704001,citymun,783,1011,77.44807121661721,false,1704001000,Boac,direct
fic,male,1704001,citymun,260,,,false,1704001000,Boac,direct
fic,female,1704001,citymun,523,,,false,1704001000,Boac,direct
cic,total,1704001,citymun,105,450,23.333333333333332,false,1704001000,Boac,direct
cic,male,1704001,citymun,35,,,false,1704001000,Boac,direct
cic,female,1704001,citymun,70,,,false,1704001000,Boac,direct
fic,total,1704002,citymun,519,516,100.5813953488372,true,1704002000,Buenavista,direct
fic,male,1704002,citymun,169,,,false,1704002000,Buenavista,direct
fic,female,1704002,citymun,350,,,false,1704002000,Buenavista,direct
cic,total,1704002,citymun,3,123,2.4390243902439024,false,1704002000,Buenavista,direct
cic,male,1704002,citymun,1,,,false,1704002000,Buenavista,direct
cic,female,1704002,citymun,2,,,false,1704002000,Buenavista,direct
fic,total,1704003,citymun,723,691,104.63096960926195,true,1704003000,Gasan,direct
fic,male,1704003,citymun,221,,,false,1704003000,Gasan,direct
fic,female,1704003,citymun,502,,,false,1704003000,Gasan,direct
cic,total,1704003,citymun,12,275,4.363636363636364,false,1704003000,Gasan,direct
cic,male,1704003,citymun,3,,,false,1704003000,Gasan,direct
cic,female,1704003,citymun,9,,,false,1704003000,Gasan,direct
fic,total,1704004,citymun,536,636,84.27672955974843,false,1704004000,Mogpog,direct
fic,male,1704004,citymun,182,,,false,1704004000,Mogpog,direct
fic,female,1704004,citymun,354,,,false,1704004000,Mogpog,direct
cic,total,1704004,citymun,9,254,3.543307086614173,false,1704004000,Mogpog,direct
cic,male,1704004,citymun,2,,,false,1704004000,Mogpog,direct
cic,female,1704004,citymun,7,,,false,1704004000,Mogpog,direct
fic,total,1704005,citymun,806,997,80.84252758274825,false,1704005000,Santa Cruz,direct
fic,male,1704005,citymun,270,,,false,1704005000,Santa Cruz,direct
fic,female,1704005,citymun,536,,,false,1704005000,Santa Cruz,direct
cic,total,1704005,citymun,13,399,3.258145363408521,false,1704005000,Santa Cruz,direct
cic,male,1704005,citymun,3,,,false,1704005000,Santa Cruz,direct
cic,female,1704005,citymun,10,,,false,1704005000,Santa Cruz,direct
fic,total,1704006,citymun,586,680,86.1764705882353,false,1704006000,Torrijos,direct
fic,male,1704006,citymun,188,,,false,1704006000,Torrijos,direct
fic,female,1704006,citymun,398,,,false,1704006000,Torrijos,direct
cic,total,1704006,citymun,14,265,5.283018867924529,false,1704006000,Torrijos,direct
cic,male,1704006,citymun,5,,,false,1704006000,Torrijos,direct
cic,female,1704006,citymun,9,,,false,1704006000,Torrijos,direct
fic,total,17051,province,7704,12749,60.42826888383402,false,1705100000,Occidental Mindoro,direct
fic,male,17051,province,4010,,,false,1705100000,Occidental Mindoro,direct
fic,female,17051,province,3694,,,false,1705100000,Occidental Mindoro,direct
cic,total,17051,province,891,4554,19.565217391304348,false,1705100000,Occidental Mindoro,direct
cic,male,17051,province,449,,,false,1705100000,Occidental Mindoro,direct
cic,female,17051,province,442,,,false,1705100000,Occidental Mindoro,direct
fic,total,1705101,citymun,399,933,42.765273311897104,false,1705101000,Abra De Ilog,direct
fic,male,1705101,citymun,200,,,false,1705101000,Abra De Ilog,direct
fic,female,1705101,citymun,199,,,false,1705101000,Abra De Ilog,direct
cic,total,1705101,citymun,96,558,17.20430107526882,false,1705101000,Abra De Ilog,direct
cic,male,1705101,citymun,49,,,false,1705101000,Abra De Ilog,direct
cic,female,1705101,citymun,47,,,false,1705101000,Abra De Ilog,direct
fic,total,1705102,citymun,496,664,74.69879518072288,false,1705102000,Calintaan,direct
fic,male,1705102,citymun,268,,,false,1705102000,Calintaan,direct
fic,female,1705102,citymun,228,,,false,1705102000,Calintaan,direct
cic,total,1705102,citymun,3,132,2.272727272727273,false,1705102000,Calintaan,direct
cic,male,1705102,citymun,0,,,false,1705102000,Calintaan,direct
cic,female,1705102,citymun,3,,,false,1705102000,Calintaan,direct
fic,total,1705103,citymun,90,146,61.64383561643836,false,1705103000,Looc,direct
fic,male,1705103,citymun,50,,,false,1705103000,Looc,direct
fic,female,1705103,citymun,40,,,false,1705103000,Looc,direct
cic,total,1705103,citymun,6,67,8.955223880597014,false,1705103000,Looc,direct
cic,male,1705103,citymun,1,,,false,1705103000,Looc,direct
cic,female,1705103,citymun,5,,,false,1705103000,Looc,direct
fic,total,1705104,citymun,131,259,50.57915057915058,false,1705104000,Lubang,direct
fic,male,1705104,citymun,54,,,false,1705104000,Lubang,direct
fic,female,1705104,citymun,77,,,false,1705104000,Lubang,direct
cic,total,1705104,citymun,4,108,3.7037037037037033,false,1705104000,Lubang,direct
cic,male,1705104,citymun,2,,,false,1705104000,Lubang,direct
cic,female,1705104,citymun,2,,,false,1705104000,Lubang,direct
fic,total,1705105,citymun,462,1078,42.857142857142854,false,1705105000,Magsaysay,direct
fic,male,1705105,citymun,269,,,false,1705105000,Magsaysay,direct
fic,female,1705105,citymun,193,,,false,1705105000,Magsaysay,direct
cic,total,1705105,citymun,252,795,31.69811320754717,false,1705105000,Magsaysay,direct
cic,male,1705105,citymun,136,,,false,1705105000,Magsaysay,direct
cic,female,1705105,citymun,116,,,false,1705105000,Magsaysay,direct
fic,total,1705106,citymun,788,1096,71.8978102189781,false,1705106000,Mamburao,direct
fic,male,1705106,citymun,402,,,false,1705106000,Mamburao,direct
fic,female,1705106,citymun,386,,,false,1705106000,Mamburao,direct
cic,total,1705106,citymun,19,348,5.459770114942529,false,1705106000,Mamburao,direct
cic,male,1705106,citymun,10,,,false,1705106000,Mamburao,direct
cic,female,1705106,citymun,9,,,false,1705106000,Mamburao,direct
fic,total,1705107,citymun,394,556,70.86330935251799,false,1705107000,Paluan,direct
fic,male,1705107,citymun,219,,,false,1705107000,Paluan,direct
fic,female,1705107,citymun,175,,,false,1705107000,Paluan,direct
cic,total,1705107,citymun,50,202,24.752475247524753,false,1705107000,Paluan,direct
cic,male,1705107,citymun,23,,,false,1705107000,Paluan,direct
cic,female,1705107,citymun,27,,,false,1705107000,Paluan,direct
fic,total,1705108,citymun,426,990,43.03030303030303,false,1705108000,Rizal,direct
fic,male,1705108,citymun,224,,,false,1705108000,Rizal,direct
fic,female,1705108,citymun,202,,,false,1705108000,Rizal,direct
cic,total,1705108,citymun,209,638,32.758620689655174,false,1705108000,Rizal,direct
cic,male,1705108,citymun,98,,,false,1705108000,Rizal,direct
cic,female,1705108,citymun,111,,,false,1705108000,Rizal,direct
fic,total,1705109,citymun,1692,2285,74.04814004376368,false,1705109000,Sablayan,direct
fic,male,1705109,citymun,879,,,false,1705109000,Sablayan,direct
fic,female,1705109,citymun,813,,,false,1705109000,Sablayan,direct
cic,total,1705109,citymun,53,185,28.64864864864865,false,1705109000,Sablayan,direct
cic,male,1705109,citymun,33,,,false,1705109000,Sablayan,direct
cic,female,1705109,citymun,20,,,false,1705109000,Sablayan,direct
fic,total,1705110,citymun,2173,3688,58.920824295010846,false,1705110000,San Jose,direct
fic,male,1705110,citymun,1113,,,false,1705110000,San Jose,direct
fic,female,1705110,citymun,1060,,,false,1705110000,San Jose,direct
cic,total,1705110,citymun,146,1003,14.556331006979061,false,1705110000,San Jose,direct
cic,male,1705110,citymun,74,,,false,1705110000,San Jose,direct
cic,female,1705110,citymun,72,,,false,1705110000,San Jose,direct
fic,total,1705111,citymun,653,1054,61.95445920303605,false,1705111000,Santa Cruz,direct
fic,male,1705111,citymun,332,,,false,1705111000,Santa Cruz,direct
fic,female,1705111,citymun,321,,,false,1705111000,Santa Cruz,direct
cic,total,1705111,citymun,53,518,10.231660231660232,false,1705111000,Santa Cruz,direct
cic,male,1705111,citymun,23,,,false,1705111000,Santa Cruz,direct
cic,female,1705111,citymun,30,,,false,1705111000,Santa Cruz,direct
fic,total,17052,province,12299,20606,59.68649907793846,false,1705200000,Oriental Mindoro,direct
fic,male,17052,province,6387,,,false,1705200000,Oriental Mindoro,direct
fic,female,17052,province,5912,,,false,1705200000,Oriental Mindoro,direct
cic,total,17052,province,526,8034,6.547174508339556,false,1705200000,Oriental Mindoro,direct
cic,male,17052,province,283,,,false,1705200000,Oriental Mindoro,direct
cic,female,17052,province,243,,,false,1705200000,Oriental Mindoro,direct
fic,total,1705201,citymun,520,863,60.25492468134415,false,1705201000,Baco,direct
fic,male,1705201,citymun,264,,,false,1705201000,Baco,direct
fic,female,1705201,citymun,256,,,false,1705201000,Baco,direct
cic,total,1705201,citymun,18,277,6.4981949458483745,false,1705201000,Baco,direct
cic,male,1705201,citymun,10,,,false,1705201000,Baco,direct
cic,female,1705201,citymun,8,,,false,1705201000,Baco,direct
fic,total,1705202,citymun,633,971,65.19052523171987,false,1705202000,Bansud,direct
fic,male,1705202,citymun,323,,,false,1705202000,Bansud,direct
fic,female,1705202,citymun,310,,,false,1705202000,Bansud,direct
cic,total,1705202,citymun,55,358,15.363128491620111,false,1705202000,Bansud,direct
cic,male,1705202,citymun,30,,,false,1705202000,Bansud,direct
cic,female,1705202,citymun,25,,,false,1705202000,Bansud,direct
fic,total,1705203,citymun,1191,2082,57.20461095100865,false,1705203000,Bongabong,direct
fic,male,1705203,citymun,618,,,false,1705203000,Bongabong,direct
fic,female,1705203,citymun,573,,,false,1705203000,Bongabong,direct
cic,total,1705203,citymun,24,1023,2.346041055718475,false,1705203000,Bongabong,direct
cic,male,1705203,citymun,10,,,false,1705203000,Bongabong,direct
cic,female,1705203,citymun,14,,,false,1705203000,Bongabong,direct
fic,total,1705204,citymun,779,1242,62.72141706924316,false,1705204000,Bulalacao,direct
fic,male,1705204,citymun,415,,,false,1705204000,Bulalacao,direct
fic,female,1705204,citymun,364,,,false,1705204000,Bulalacao,direct
cic,total,1705204,citymun,17,425,4.0,false,1705204000,Bulalacao,direct
cic,male,1705204,citymun,9,,,false,1705204000,Bulalacao,direct
cic,female,1705204,citymun,8,,,false,1705204000,Bulalacao,direct
fic,total,1705205,citymun,1823,2989,60.99029775844764,false,1705205000,City of Calapan,direct
fic,male,1705205,citymun,960,,,false,1705205000,City of Calapan,direct
fic,female,1705205,citymun,863,,,false,1705205000,City of Calapan,direct
cic,total,1705205,citymun,0,1050,0.0,false,1705205000,City of Calapan,direct
cic,male,1705205,citymun,0,,,false,1705205000,City of Calapan,direct
cic,female,1705205,citymun,0,,,false,1705205000,City of Calapan,direct
fic,total,1705206,citymun,673,1145,58.777292576419214,false,1705206000,Gloria,direct
fic,male,1705206,citymun,341,,,false,1705206000,Gloria,direct
fic,female,1705206,citymun,332,,,false,1705206000,Gloria,direct
cic,total,1705206,citymun,38,510,7.450980392156863,false,1705206000,Gloria,direct
cic,male,1705206,citymun,21,,,false,1705206000,Gloria,direct
cic,female,1705206,citymun,17,,,false,1705206000,Gloria,direct
fic,total,1705207,citymun,831,1638,50.73260073260073,false,1705207000,Mansalay,direct
fic,male,1705207,citymun,428,,,false,1705207000,Mansalay,direct
fic,female,1705207,citymun,403,,,false,1705207000,Mansalay,direct
cic,total,1705207,citymun,94,810,11.604938271604938,false,1705207000,Mansalay,direct
cic,male,1705207,citymun,51,,,false,1705207000,Mansalay,direct
cic,female,1705207,citymun,43,,,false,1705207000,Mansalay,direct
fic,total,1705208,citymun,1484,2344,63.310580204778155,false,1705208000,Naujan,direct
fic,male,1705208,citymun,778,,,false,1705208000,Naujan,direct
fic,female,1705208,citymun,706,,,false,1705208000,Naujan,direct
cic,total,1705208,citymun,29,891,3.254769921436588,false,1705208000,Naujan,direct
cic,male,1705208,citymun,21,,,false,1705208000,Naujan,direct
cic,female,1705208,citymun,8,,,false,1705208000,Naujan,direct
fic,total,1705209,citymun,982,1815,54.10468319559229,false,1705209000,Pinamalayan,direct
fic,male,1705209,citymun,520,,,false,1705209000,Pinamalayan,direct
fic,female,1705209,citymun,462,,,false,1705209000,Pinamalayan,direct
cic,total,1705209,citymun,56,762,7.349081364829396,false,1705209000,Pinamalayan,direct
cic,male,1705209,citymun,27,,,false,1705209000,Pinamalayan,direct
cic,female,1705209,citymun,29,,,false,1705209000,Pinamalayan,direct
fic,total,1705210,citymun,382,648,58.95061728395061,false,1705210000,Pola,direct
fic,male,1705210,citymun,187,,,false,1705210000,Pola,direct
fic,female,1705210,citymun,195,,,false,1705210000,Pola,direct
cic,total,1705210,citymun,49,260,18.846153846153847,false,1705210000,Pola,direct
cic,male,1705210,citymun,22,,,false,1705210000,Pola,direct
cic,female,1705210,citymun,27,,,false,1705210000,Pola,direct
fic,total,1705211,citymun,528,966,54.6583850931677,false,1705211000,Puerto Galera,direct
fic,male,1705211,citymun,285,,,false,1705211000,Puerto Galera,direct
fic,female,1705211,citymun,243,,,false,1705211000,Puerto Galera,direct
cic,total,1705211,citymun,30,443,6.772009029345373,false,1705211000,Puerto Galera,direct
cic,male,1705211,citymun,19,,,false,1705211000,Puerto Galera,direct
cic,female,1705211,citymun,11,,,false,1705211000,Puerto Galera,direct
fic,total,1705212,citymun,1129,1427,79.11702873160476,false,1705212000,Roxas,direct
fic,male,1705212,citymun,557,,,false,1705212000,Roxas,direct
fic,female,1705212,citymun,572,,,false,1705212000,Roxas,direct
cic,total,1705212,citymun,0,119,0.0,false,1705212000,Roxas,direct
cic,male,1705212,citymun,0,,,false,1705212000,Roxas,direct
cic,female,1705212,citymun,0,,,false,1705212000,Roxas,direct
fic,total,1705213,citymun,188,432,43.51851851851852,false,1705213000,San Teodoro,direct
fic,male,1705213,citymun,94,,,false,1705213000,San Teodoro,direct
fic,female,1705213,citymun,94,,,false,1705213000,San Teodoro,direct
cic,total,1705213,citymun,38,252,15.079365079365079,false,1705213000,San Teodoro,direct
cic,male,1705213,citymun,18,,,false,1705213000,San Teodoro,direct
cic,female,1705213,citymun,20,,,false,1705213000,San Teodoro,direct
fic,total,1705214,citymun,478,881,54.25652667423383,false,1705214000,Socorro,direct
fic,male,1705214,citymun,259,,,false,1705214000,Socorro,direct
fic,female,1705214,citymun,219,,,false,1705214000,Socorro,direct
cic,total,1705214,citymun,50,440,11.363636363636363,false,1705214000,Socorro,direct
cic,male,1705214,citymun,27,,,false,1705214000,Socorro,direct
cic,female,1705214,citymun,23,,,false,1705214000,Socorro,direct
fic,total,1705215,citymun,678,1163,58.29750644883921,false,1705215000,Victoria,direct
fic,male,1705215,citymun,358,,,false,1705215000,Victoria,direct
fic,female,1705215,citymun,320,,,false,1705215000,Victoria,direct
cic,total,1705215,citymun,28,414,6.763285024154589,false,1705215000,Victoria,direct
cic,male,1705215,citymun,18,,,false,1705215000,Victoria,direct
cic,female,1705215,citymun,10,,,false,1705215000,Victoria,direct
fic,total,17053,province,12380,22257,55.62295008311992,false,1705300000,Palawan,direct
fic,male,17053,province,6373,,,false,1705300000,Palawan,direct
fic,female,17053,province,6007,,,false,1705300000,Palawan,direct
cic,total,17053,province,2512,10657,23.571361546401427,false,1705300000,Palawan,direct
cic,male,17053,province,1345,,,false,1705300000,Palawan,direct
cic,female,17053,province,1167,,,false,1705300000,Palawan,direct
fic,total,1705301,citymun,422,771,54.73411154345007,false,1705301000,Aborlan,direct
fic,male,1705301,citymun,197,,,false,1705301000,Aborlan,direct
fic,female,1705301,citymun,225,,,false,1705301000,Aborlan,direct
cic,total,1705301,citymun,118,249,47.389558232931726,false,1705301000,Aborlan,direct
cic,male,1705301,citymun,62,,,false,1705301000,Aborlan,direct
cic,female,1705301,citymun,56,,,false,1705301000,Aborlan,direct
fic,total,1705302,citymun,121,248,48.79032258064516,false,1705302000,Agutaya,direct
fic,male,1705302,citymun,67,,,false,1705302000,Agutaya,direct
fic,female,1705302,citymun,54,,,false,1705302000,Agutaya,direct
cic,total,1705302,citymun,50,147,34.01360544217687,false,1705302000,Agutaya,direct
cic,male,1705302,citymun,29,,,false,1705302000,Agutaya,direct
cic,female,1705302,citymun,21,,,false,1705302000,Agutaya,direct
fic,total,1705303,citymun,126,337,37.388724035608305,false,1705303000,Araceli,direct
fic,male,1705303,citymun,60,,,false,1705303000,Araceli,direct
fic,female,1705303,citymun,66,,,false,1705303000,Araceli,direct
cic,total,1705303,citymun,8,159,5.031446540880504,false,1705303000,Araceli,direct
cic,male,1705303,citymun,6,,,false,1705303000,Araceli,direct
cic,female,1705303,citymun,2,,,false,1705303000,Araceli,direct
fic,total,1705304,citymun,366,1372,26.676384839650147,false,1705304000,Balabac,direct
fic,male,1705304,citymun,192,,,false,1705304000,Balabac,direct
fic,female,1705304,citymun,174,,,false,1705304000,Balabac,direct
cic,total,1705304,citymun,153,1171,13.065755764304013,false,1705304000,Balabac,direct
cic,male,1705304,citymun,75,,,false,1705304000,Balabac,direct
cic,female,1705304,citymun,78,,,false,1705304000,Balabac,direct
fic,total,1705305,citymun,1481,2224,66.59172661870504,false,1705305000,Bataraza,direct
fic,male,1705305,citymun,769,,,false,1705305000,Bataraza,direct
fic,female,1705305,citymun,712,,,false,1705305000,Bataraza,direct
cic,total,1705305,citymun,223,785,28.40764331210191,false,1705305000,Bataraza,direct
cic,male,1705305,citymun,116,,,false,1705305000,Bataraza,direct
cic,female,1705305,citymun,107,,,false,1705305000,Bataraza,direct
fic,total,1705306,citymun,1155,1550,74.51612903225806,false,1705306000,Brooke'S Point,direct
fic,male,1705306,citymun,589,,,false,1705306000,Brooke'S Point,direct
fic,female,1705306,citymun,566,,,false,1705306000,Brooke'S Point,direct
cic,total,1705306,citymun,190,386,49.22279792746114,false,1705306000,Brooke'S Point,direct
cic,male,1705306,citymun,98,,,false,1705306000,Brooke'S Point,direct
cic,female,1705306,citymun,92,,,false,1705306000,Brooke'S Point,direct
fic,total,1705307,citymun,228,725,31.448275862068964,false,1705307000,Busuanga,direct
fic,male,1705307,citymun,128,,,false,1705307000,Busuanga,direct
fic,female,1705307,citymun,100,,,false,1705307000,Busuanga,direct
cic,total,1705307,citymun,64,449,14.253897550111358,false,1705307000,Busuanga,direct
cic,male,1705307,citymun,35,,,false,1705307000,Busuanga,direct
cic,female,1705307,citymun,29,,,false,1705307000,Busuanga,direct
fic,total,1705308,citymun,54,119,45.378151260504204,false,1705308000,Cagayancillo,direct
fic,male,1705308,citymun,19,,,false,1705308000,Cagayancillo,direct
fic,female,1705308,citymun,35,,,false,1705308000,Cagayancillo,direct
cic,total,1705308,citymun,6,75,8.0,false,1705308000,Cagayancillo,direct
cic,male,1705308,citymun,3,,,false,1705308000,Cagayancillo,direct
cic,female,1705308,citymun,3,,,false,1705308000,Cagayancillo,direct
fic,total,1705309,citymun,1257,1802,69.7558268590455,false,1705309000,Coron,direct
fic,male,1705309,citymun,655,,,false,1705309000,Coron,direct
fic,female,1705309,citymun,602,,,false,1705309000,Coron,direct
cic,total,1705309,citymun,15,442,3.3936651583710407,false,1705309000,Coron,direct
cic,male,1705309,citymun,8,,,false,1705309000,Coron,direct
cic,female,1705309,citymun,7,,,false,1705309000,Coron,direct
fic,total,1705310,citymun,197,489,40.286298568507156,false,1705310000,Cuyo,direct
fic,male,1705310,citymun,101,,,false,1705310000,Cuyo,direct
fic,female,1705310,citymun,96,,,false,1705310000,Cuyo,direct
cic,total,1705310,citymun,75,247,30.364372469635626,false,1705310000,Cuyo,direct
cic,male,1705310,citymun,41,,,false,1705310000,Cuyo,direct
cic,female,1705310,citymun,34,,,false,1705310000,Cuyo,direct
fic,total,1705311,citymun,224,529,42.34404536862004,false,1705311000,Dumaran,direct
fic,male,1705311,citymun,117,,,false,1705311000,Dumaran,direct
fic,female,1705311,citymun,107,,,false,1705311000,Dumaran,direct
cic,total,1705311,citymun,61,242,25.206611570247933,false,1705311000,Dumaran,direct
cic,male,1705311,citymun,32,,,false,1705311000,Dumaran,direct
cic,female,1705311,citymun,29,,,false,1705311000,Dumaran,direct
fic,total,1705312,citymun,756,1254,60.28708133971292,false,1705312000,El Nido,direct
fic,male,1705312,citymun,414,,,false,1705312000,El Nido,direct
fic,female,1705312,citymun,342,,,false,1705312000,El Nido,direct
cic,total,1705312,citymun,180,572,31.46853146853147,false,1705312000,El Nido,direct
cic,male,1705312,citymun,97,,,false,1705312000,El Nido,direct
cic,female,1705312,citymun,83,,,false,1705312000,El Nido,direct
fic,total,1705313,citymun,219,390,56.15384615384615,false,1705313000,Linapacan,direct
fic,male,1705313,citymun,114,,,false,1705313000,Linapacan,direct
fic,female,1705313,citymun,105,,,false,1705313000,Linapacan,direct
cic,total,1705313,citymun,15,179,8.379888268156424,false,1705313000,Linapacan,direct
cic,male,1705313,citymun,5,,,false,1705313000,Linapacan,direct
cic,female,1705313,citymun,10,,,false,1705313000,Linapacan,direct
fic,total,1705314,citymun,129,212,60.84905660377359,false,1705314000,Magsaysay,direct
fic,male,1705314,citymun,64,,,false,1705314000,Magsaysay,direct
fic,female,1705314,citymun,65,,,false,1705314000,Magsaysay,direct
cic,total,1705314,citymun,10,60,16.666666666666664,false,1705314000,Magsaysay,direct
cic,male,1705314,citymun,5,,,false,1705314000,Magsaysay,direct
cic,female,1705314,citymun,5,,,false,1705314000,Magsaysay,direct
fic,total,1705315,citymun,890,1560,57.05128205128205,false,1705315000,Narra,direct
fic,male,1705315,citymun,451,,,false,1705315000,Narra,direct
fic,female,1705315,citymun,439,,,false,1705315000,Narra,direct
cic,total,1705315,citymun,310,768,40.36458333333333,false,1705315000,Narra,direct
cic,male,1705315,citymun,160,,,false,1705315000,Narra,direct
cic,female,1705315,citymun,150,,,false,1705315000,Narra,direct
fic,total,1705317,citymun,769,1634,47.06242350061199,false,1705317000,Quezon,direct
fic,male,1705317,citymun,397,,,false,1705317000,Quezon,direct
fic,female,1705317,citymun,372,,,false,1705317000,Quezon,direct
cic,total,1705317,citymun,142,989,14.35793731041456,false,1705317000,Quezon,direct
cic,male,1705317,citymun,77,,,false,1705317000,Quezon,direct
cic,female,1705317,citymun,65,,,false,1705317000,Quezon,direct
fic,total,1705318,citymun,718,1533,46.83626875407697,false,1705318000,Roxas,direct
fic,male,1705318,citymun,365,,,false,1705318000,Roxas,direct
fic,female,1705318,citymun,353,,,false,1705318000,Roxas,direct
cic,total,1705318,citymun,264,931,28.356605800214822,false,1705318000,Roxas,direct
cic,male,1705318,citymun,141,,,false,1705318000,Roxas,direct
cic,female,1705318,citymun,123,,,false,1705318000,Roxas,direct
fic,total,1705319,citymun,449,771,58.2360570687419,false,1705319000,San Vicente,direct
fic,male,1705319,citymun,235,,,false,1705319000,San Vicente,direct
fic,female,1705319,citymun,214,,,false,1705319000,San Vicente,direct
cic,total,1705319,citymun,21,291,7.216494845360824,false,1705319000,San Vicente,direct
cic,male,1705319,citymun,15,,,false,1705319000,San Vicente,direct
cic,female,1705319,citymun,6,,,false,1705319000,San Vicente,direct
fic,total,1705320,citymun,1145,1808,63.32964601769911,false,1705320000,Taytay,direct
fic,male,1705320,citymun,555,,,false,1705320000,Taytay,direct
fic,female,1705320,citymun,590,,,false,1705320000,Taytay,direct
cic,total,1705320,citymun,299,836,35.76555023923445,false,1705320000,Taytay,direct
cic,male,1705320,citymun,169,,,false,1705320000,Taytay,direct
cic,female,1705320,citymun,130,,,false,1705320000,Taytay,direct
fic,total,1705321,citymun,0,0,0.0,false,1705321000,Kalayaan,direct
fic,male,1705321,citymun,0,,,false,1705321000,Kalayaan,direct
fic,female,1705321,citymun,0,,,false,1705321000,Kalayaan,direct
cic,total,1705321,citymun,0,-3,0.0,false,1705321000,Kalayaan,direct
cic,male,1705321,citymun,0,,,false,1705321000,Kalayaan,direct
cic,female,1705321,citymun,0,,,false,1705321000,Kalayaan,direct
fic,total,1705322,citymun,174,570,30.526315789473685,false,1705322000,Culion,direct
fic,male,1705322,citymun,90,,,false,1705322000,Culion,direct
fic,female,1705322,citymun,84,,,false,1705322000,Culion,direct
cic,total,1705322,citymun,85,455,18.681318681318682,false,1705322000,Culion,direct
cic,male,1705322,citymun,44,,,false,1705322000,Culion,direct
cic,female,1705322,citymun,41,,,false,1705322000,Culion,direct
fic,total,1705323,citymun,912,1513,60.27759418374091,false,1705323000,Rizal,direct
fic,male,1705323,citymun,468,,,false,1705323000,Rizal,direct
fic,female,1705323,citymun,444,,,false,1705323000,Rizal,direct
cic,total,1705323,citymun,142,908,15.638766519823788,false,1705323000,Rizal,direct
cic,male,1705323,citymun,86,,,false,1705323000,Rizal,direct
cic,female,1705323,citymun,56,,,false,1705323000,Rizal,direct
fic,total,1705324,citymun,588,846,69.50354609929079,false,1705324000,Sofronio Española,direct
fic,male,1705324,citymun,326,,,false,1705324000,Sofronio Española,direct
fic,female,1705324,citymun,262,,,false,1705324000,Sofronio Española,direct
cic,total,1705324,citymun,81,319,25.391849529780565,false,1705324000,Sofronio Española,direct
cic,male,1705324,citymun,41,,,false,1705324000,Sofronio Española,direct
cic,female,1705324,citymun,40,,,false,1705324000,Sofronio Española,direct
fic,total,17059,province,3902,5966,65.40395574924572,false,1705900000,Romblon,direct
fic,male,17059,province,1966,,,false,1705900000,Romblon,direct
fic,female,17059,province,1936,,,false,1705900000,Romblon,direct
cic,total,17059,province,124,1888,6.567796610169492,false,1705900000,Romblon,direct
cic,male,17059,province,68,,,false,1705900000,Romblon,direct
cic,female,17059,province,56,,,false,1705900000,Romblon,direct
fic,total,1705901,citymun,198,333,59.45945945945946,false,1705901000,Alcantara,direct
fic,male,1705901,citymun,106,,,false,1705901000,Alcantara,direct
fic,female,1705901,citymun,92,,,false,1705901000,Alcantara,direct
cic,total,1705901,citymun,7,107,6.5420560747663545,false,1705901000,Alcantara,direct
cic,male,1705901,citymun,5,,,false,1705901000,Alcantara,direct
cic,female,1705901,citymun,2,,,false,1705901000,Alcantara,direct
fic,total,1705902,citymun,30,75,40.0,false,1705902000,Banton,direct
fic,male,1705902,citymun,12,,,false,1705902000,Banton,direct
fic,female,1705902,citymun,18,,,false,1705902000,Banton,direct
cic,total,1705902,citymun,0,42,0.0,false,1705902000,Banton,direct
cic,male,1705902,citymun,0,,,false,1705902000,Banton,direct
cic,female,1705902,citymun,0,,,false,1705902000,Banton,direct
fic,total,1705903,citymun,268,495,54.141414141414145,false,1705903000,Cajidiocan,direct
fic,male,1705903,citymun,119,,,false,1705903000,Cajidiocan,direct
fic,female,1705903,citymun,149,,,false,1705903000,Cajidiocan,direct
cic,total,1705903,citymun,35,238,14.705882352941178,false,1705903000,Cajidiocan,direct
cic,male,1705903,citymun,22,,,false,1705903000,Cajidiocan,direct
cic,female,1705903,citymun,13,,,false,1705903000,Cajidiocan,direct
fic,total,1705904,citymun,125,207,60.38647342995169,false,1705904000,Calatrava,direct
fic,male,1705904,citymun,66,,,false,1705904000,Calatrava,direct
fic,female,1705904,citymun,59,,,false,1705904000,Calatrava,direct
cic,total,1705904,citymun,16,73,21.91780821917808,false,1705904000,Calatrava,direct
cic,male,1705904,citymun,8,,,false,1705904000,Calatrava,direct
cic,female,1705904,citymun,8,,,false,1705904000,Calatrava,direct
fic,total,1705905,citymun,22,50,44.0,false,1705905000,Concepcion,direct
fic,male,1705905,citymun,16,,,false,1705905000,Concepcion,direct
fic,female,1705905,citymun,6,,,false,1705905000,Concepcion,direct
cic,total,1705905,citymun,2,32,6.25,false,1705905000,Concepcion,direct
cic,male,1705905,citymun,1,,,false,1705905000,Concepcion,direct
cic,female,1705905,citymun,1,,,false,1705905000,Concepcion,direct
fic,total,1705906,citymun,69,114,60.526315789473685,false,1705906000,Corcuera,direct
fic,male,1705906,citymun,30,,,false,1705906000,Corcuera,direct
fic,female,1705906,citymun,39,,,false,1705906000,Corcuera,direct
cic,total,1705906,citymun,6,18,33.33333333333333,false,1705906000,Corcuera,direct
cic,male,1705906,citymun,3,,,false,1705906000,Corcuera,direct
cic,female,1705906,citymun,3,,,false,1705906000,Corcuera,direct
fic,total,1705907,citymun,312,386,80.82901554404145,false,1705907000,Looc,direct
fic,male,1705907,citymun,140,,,false,1705907000,Looc,direct
fic,female,1705907,citymun,172,,,false,1705907000,Looc,direct
cic,total,1705907,citymun,2,86,2.3255813953488373,false,1705907000,Looc,direct
cic,male,1705907,citymun,2,,,false,1705907000,Looc,direct
cic,female,1705907,citymun,0,,,false,1705907000,Looc,direct
fic,total,1705908,citymun,201,328,61.28048780487805,false,1705908000,Magdiwang,direct
fic,male,1705908,citymun,116,,,false,1705908000,Magdiwang,direct
fic,female,1705908,citymun,85,,,false,1705908000,Magdiwang,direct
cic,total,1705908,citymun,24,123,19.51219512195122,false,1705908000,Magdiwang,direct
cic,male,1705908,citymun,12,,,false,1705908000,Magdiwang,direct
cic,female,1705908,citymun,12,,,false,1705908000,Magdiwang,direct
fic,total,1705909,citymun,604,853,70.80890973036342,false,1705909000,Odiongan,direct
fic,male,1705909,citymun,299,,,false,1705909000,Odiongan,direct
fic,female,1705909,citymun,305,,,false,1705909000,Odiongan,direct
cic,total,1705909,citymun,0,207,0.0,false,1705909000,Odiongan,direct
cic,male,1705909,citymun,0,,,false,1705909000,Odiongan,direct
cic,female,1705909,citymun,0,,,false,1705909000,Odiongan,direct
fic,total,1705910,citymun,568,827,68.6819830713422,false,1705910000,Romblon,direct
fic,male,1705910,citymun,305,,,false,1705910000,Romblon,direct
fic,female,1705910,citymun,263,,,false,1705910000,Romblon,direct
cic,total,1705910,citymun,2,280,0.7142857142857143,false,1705910000,Romblon,direct
cic,male,1705910,citymun,2,,,false,1705910000,Romblon,direct
cic,female,1705910,citymun,0,,,false,1705910000,Romblon,direct
fic,total,1705911,citymun,385,466,82.61802575107296,false,1705911000,San Agustin,direct
fic,male,1705911,citymun,183,,,false,1705911000,San Agustin,direct
fic,female,1705911,citymun,202,,,false,1705911000,San Agustin,direct
cic,total,1705911,citymun,4,106,3.7735849056603774,false,1705911000,San Agustin,direct
cic,male,1705911,citymun,1,,,false,1705911000,San Agustin,direct
cic,female,1705911,citymun,3,,,false,1705911000,San Agustin,direct
fic,total,1705912,citymun,221,368,60.05434782608695,false,1705912000,San Andress,direct
fic,male,1705912,citymun,105,,,false,1705912000,San Andress,direct
fic,female,1705912,citymun,116,,,false,1705912000,San Andress,direct
cic,total,1705912,citymun,7,104,6.730769230769231,false,1705912000,San Andress,direct
cic,male,1705912,citymun,1,,,false,1705912000,San Andress,direct
cic,female,1705912,citymun,6,,,false,1705912000,San Andress,direct
fic,total,1705913,citymun,298,482,61.82572614107884,false,1705913000,San Fernando,direct
fic,male,1705913,citymun,157,,,false,1705913000,San Fernando,direct
fic,female,1705913,citymun,141,,,false,1705913000,San Fernando,direct
cic,total,1705913,citymun,5,106,4.716981132075472,false,1705913000,San Fernando,direct
cic,male,1705913,citymun,3,,,false,1705913000,San Fernando,direct
cic,female,1705913,citymun,2,,,false,1705913000,San Fernando,direct
fic,total,1705914,citymun,177,237,74.68354430379746,false,1705914000,San Jose,direct
fic,male,1705914,citymun,101,,,false,1705914000,San Jose,direct
fic,female,1705914,citymun,76,,,false,1705914000,San Jose,direct
cic,total,1705914,citymun,11,78,14.102564102564102,false,1705914000,San Jose,direct
cic,male,1705914,citymun,7,,,false,1705914000,San Jose,direct
cic,female,1705914,citymun,4,,,false,1705914000,San Jose,direct
fic,total,1705915,citymun,241,365,66.02739726027397,false,1705915000,Santa Fe,direct
fic,male,1705915,citymun,119,,,false,1705915000,Santa Fe,direct
fic,female,1705915,citymun,122,,,false,1705915000,Santa Fe,direct
cic,total,1705915,citymun,1,151,0.6622516556291391,false,1705915000,Santa Fe,direct
cic,male,1705915,citymun,1,,,false,1705915000,Santa Fe,direct
cic,female,1705915,citymun,0,,,false,1705915000,Santa Fe,direct
fic,total,1705916,citymun,69,190,36.31578947368421,false,1705916000,Ferrol,direct
fic,male,1705916,citymun,42,,,false,1705916000,Ferrol,direct
fic,female,1705916,citymun,27,,,false,1705916000,Ferrol,direct
cic,total,1705916,citymun,0,68,0.0,false,1705916000,Ferrol,direct
cic,male,1705916,citymun,0,,,false,1705916000,Ferrol,direct
cic,female,1705916,citymun,0,,,false,1705916000,Ferrol,direct
fic,total,1705917,citymun,114,190,60.0,false,1705917000,Santa Maria,direct
fic,male,1705917,citymun,50,,,false,1705917000,Santa Maria,direct
fic,female,1705917,citymun,64,,,false,1705917000,Santa Maria,direct
cic,total,1705917,citymun,2,69,2.898550724637681,false,1705917000,Santa Maria,direct
cic,male,1705917,citymun,0,,,false,1705917000,Santa Maria,direct
cic,female,1705917,citymun,2,,,false,1705917000,Santa Maria,direct
fic,total,17315,province,2960,6103,48.50073734229068,false,1731500000,City of Puerto Princesa,direct
fic,male,17315,province,1517,,,false,1731500000,City of Puerto Princesa,direct
fic,female,17315,province,1443,,,false,1731500000,City of Puerto Princesa,direct
cic,total,17315,province,1118,2801,39.914316315601575,false,1731500000,City of Puerto Princesa,direct
cic,male,17315,province,575,,,false,1731500000,City of Puerto Princesa,direct
cic,female,17315,province,543,,,false,1731500000,City of Puerto Princesa,direct
fic,total,05,region,85019,148559,57.229114358604996,false,0500000000,Region 5,direct
fic,male,05,region,43628,,,false,0500000000,Region 5,direct
fic,female,05,region,41391,,,false,0500000000,Region 5,direct
cic,total,05,region,13762,77489,17.759940120533237,false,0500000000,Region 5,direct
cic,male,05,region,7209,,,false,0500000000,Region 5,direct
cic,female,05,region,6553,,,false,0500000000,Region 5,direct
fic,total,05005,province,20837,30159,69.09048708511556,false,0500500000,Albay,direct
fic,male,05005,province,10671,,,false,0500500000,Albay,direct
fic,female,05005,province,10166,,,false,0500500000,Albay,direct
cic,total,05005,province,2220,12949,17.144181017839216,false,0500500000,Albay,direct
cic,male,05005,province,1138,,,false,0500500000,Albay,direct
cic,female,05005,province,1082,,,false,0500500000,Albay,direct
fic,total,0500501,citymun,994,1625,61.169230769230765,false,0500501000,Bacacay,direct
fic,male,0500501,citymun,523,,,false,0500501000,Bacacay,direct
fic,female,0500501,citymun,471,,,false,0500501000,Bacacay,direct
cic,total,0500501,citymun,157,915,17.158469945355193,false,0500501000,Bacacay,direct
cic,male,0500501,citymun,75,,,false,0500501000,Bacacay,direct
cic,female,0500501,citymun,82,,,false,0500501000,Bacacay,direct
fic,total,0500502,citymun,1225,1527,80.2226588081205,false,0500502000,Camalig,direct
fic,male,0500502,citymun,622,,,false,0500502000,Camalig,direct
fic,female,0500502,citymun,603,,,false,0500502000,Camalig,direct
cic,total,0500502,citymun,131,384,34.11458333333333,false,0500502000,Camalig,direct
cic,male,0500502,citymun,65,,,false,0500502000,Camalig,direct
cic,female,0500502,citymun,66,,,false,0500502000,Camalig,direct
fic,total,0500503,citymun,2044,2761,74.0311481347338,false,0500503000,Daraga,direct
fic,male,0500503,citymun,1048,,,false,0500503000,Daraga,direct
fic,female,0500503,citymun,996,,,false,0500503000,Daraga,direct
cic,total,0500503,citymun,10,580,1.7241379310344827,false,0500503000,Daraga,direct
cic,male,0500503,citymun,4,,,false,0500503000,Daraga,direct
cic,female,0500503,citymun,6,,,false,0500503000,Daraga,direct
fic,total,0500504,citymun,1217,1864,65.28969957081546,false,0500504000,Guinobatan,direct
fic,male,0500504,citymun,644,,,false,0500504000,Guinobatan,direct
fic,female,0500504,citymun,573,,,false,0500504000,Guinobatan,direct
cic,total,0500504,citymun,31,658,4.711246200607903,false,0500504000,Guinobatan,direct
cic,male,0500504,citymun,22,,,false,0500504000,Guinobatan,direct
cic,female,0500504,citymun,9,,,false,0500504000,Guinobatan,direct
fic,total,0500505,citymun,268,350,76.57142857142857,false,0500505000,Jovellar,direct
fic,male,0500505,citymun,124,,,false,0500505000,Jovellar,direct
fic,female,0500505,citymun,144,,,false,0500505000,Jovellar,direct
cic,total,0500505,citymun,55,173,31.79190751445087,false,0500505000,Jovellar,direct
cic,male,0500505,citymun,33,,,false,0500505000,Jovellar,direct
cic,female,0500505,citymun,22,,,false,0500505000,Jovellar,direct
fic,total,0500506,citymun,3603,4800,75.0625,false,0500506000,City of Legazpi,direct
fic,male,0500506,citymun,1737,,,false,0500506000,City of Legazpi,direct
fic,female,0500506,citymun,1866,,,false,0500506000,City of Legazpi,direct
cic,total,0500506,citymun,466,2101,22.179914326511184,false,0500506000,City of Legazpi,direct
cic,male,0500506,citymun,231,,,false,0500506000,City of Legazpi,direct
cic,female,0500506,citymun,235,,,false,0500506000,City of Legazpi,direct
fic,total,0500507,citymun,1045,1758,59.442548350398184,false,0500507000,Libon,direct
fic,male,0500507,citymun,548,,,false,0500507000,Libon,direct
fic,female,0500507,citymun,497,,,false,0500507000,Libon,direct
cic,total,0500507,citymun,277,1118,24.776386404293383,false,0500507000,Libon,direct
cic,male,0500507,citymun,137,,,false,0500507000,Libon,direct
cic,female,0500507,citymun,140,,,false,0500507000,Libon,direct
fic,total,0500508,citymun,2138,2635,81.13851992409867,false,0500508000,City of Ligao,direct
fic,male,0500508,citymun,1109,,,false,0500508000,City of Ligao,direct
fic,female,0500508,citymun,1029,,,false,0500508000,City of Ligao,direct
cic,total,0500508,citymun,58,498,11.646586345381527,false,0500508000,City of Ligao,direct
cic,male,0500508,citymun,26,,,false,0500508000,City of Ligao,direct
cic,female,0500508,citymun,32,,,false,0500508000,City of Ligao,direct
fic,total,0500509,citymun,610,914,66.73960612691467,false,0500509000,Malilipot,direct
fic,male,0500509,citymun,330,,,false,0500509000,Malilipot,direct
fic,female,0500509,citymun,280,,,false,0500509000,Malilipot,direct
cic,total,0500509,citymun,71,446,15.919282511210762,false,0500509000,Malilipot,direct
cic,male,0500509,citymun,34,,,false,0500509000,Malilipot,direct
cic,female,0500509,citymun,37,,,false,0500509000,Malilipot,direct
fic,total,0500510,citymun,746,1033,72.21684414327201,false,0500510000,Malinao,direct
fic,male,0500510,citymun,379,,,false,0500510000,Malinao,direct
fic,female,0500510,citymun,367,,,false,0500510000,Malinao,direct
cic,total,0500510,citymun,175,666,26.276276276276278,false,0500510000,Malinao,direct
cic,male,0500510,citymun,92,,,false,0500510000,Malinao,direct
cic,female,0500510,citymun,83,,,false,0500510000,Malinao,direct
fic,total,0500511,citymun,388,644,60.24844720496895,false,0500511000,Manito,direct
fic,male,0500511,citymun,195,,,false,0500511000,Manito,direct
fic,female,0500511,citymun,193,,,false,0500511000,Manito,direct
cic,total,0500511,citymun,32,379,8.443271767810026,false,0500511000,Manito,direct
cic,male,0500511,citymun,22,,,false,0500511000,Manito,direct
cic,female,0500511,citymun,10,,,false,0500511000,Manito,direct
fic,total,0500512,citymun,856,1374,62.29985443959243,false,0500512000,Oas,direct
fic,male,0500512,citymun,464,,,false,0500512000,Oas,direct
fic,female,0500512,citymun,392,,,false,0500512000,Oas,direct
cic,total,0500512,citymun,41,648,6.327160493827161,false,0500512000,Oas,direct
cic,male,0500512,citymun,24,,,false,0500512000,Oas,direct
cic,female,0500512,citymun,17,,,false,0500512000,Oas,direct
fic,total,0500513,citymun,657,1092,60.16483516483516,false,0500513000,Pio Duran,direct
fic,male,0500513,citymun,351,,,false,0500513000,Pio Duran,direct
fic,female,0500513,citymun,306,,,false,0500513000,Pio Duran,direct
cic,total,0500513,citymun,134,545,24.587155963302752,false,0500513000,Pio Duran,direct
cic,male,0500513,citymun,67,,,false,0500513000,Pio Duran,direct
cic,female,0500513,citymun,67,,,false,0500513000,Pio Duran,direct
fic,total,0500514,citymun,1112,1789,62.15762996087199,false,0500514000,Polangui,direct
fic,male,0500514,citymun,573,,,false,0500514000,Polangui,direct
fic,female,0500514,citymun,539,,,false,0500514000,Polangui,direct
cic,total,0500514,citymun,274,867,31.603229527104958,false,0500514000,Polangui,direct
cic,male,0500514,citymun,151,,,false,0500514000,Polangui,direct
cic,female,0500514,citymun,123,,,false,0500514000,Polangui,direct
fic,total,0500515,citymun,525,881,59.59137343927355,false,0500515000,Rapu-Rapu,direct
fic,male,0500515,citymun,260,,,false,0500515000,Rapu-Rapu,direct
fic,female,0500515,citymun,265,,,false,0500515000,Rapu-Rapu,direct
cic,total,0500515,citymun,87,586,14.846416382252558,false,0500515000,Rapu-Rapu,direct
cic,male,0500515,citymun,47,,,false,0500515000,Rapu-Rapu,direct
cic,female,0500515,citymun,40,,,false,0500515000,Rapu-Rapu,direct
fic,total,0500516,citymun,462,707,65.34653465346535,false,0500516000,Santo Domingo,direct
fic,male,0500516,citymun,235,,,false,0500516000,Santo Domingo,direct
fic,female,0500516,citymun,227,,,false,0500516000,Santo Domingo,direct
cic,total,0500516,citymun,17,198,8.585858585858585,false,0500516000,Santo Domingo,direct
cic,male,0500516,citymun,9,,,false,0500516000,Santo Domingo,direct
cic,female,0500516,citymun,8,,,false,0500516000,Santo Domingo,direct
fic,total,0500517,citymun,2107,3120,67.53205128205128,false,0500517000,City of Tabaco,direct
fic,male,0500517,citymun,1093,,,false,0500517000,City of Tabaco,direct
fic,female,0500517,citymun,1014,,,false,0500517000,City of Tabaco,direct
cic,total,0500517,citymun,142,1611,8.814400993171944,false,0500517000,City of Tabaco,direct
cic,male,0500517,citymun,65,,,false,0500517000,City of Tabaco,direct
cic,female,0500517,citymun,77,,,false,0500517000,City of Tabaco,direct
fic,total,0500518,citymun,840,1285,65.36964980544747,false,0500518000,Tiwi,direct
fic,male,0500518,citymun,436,,,false,0500518000,Tiwi,direct
fic,female,0500518,citymun,404,,,false,0500518000,Tiwi,direct
cic,total,0500518,citymun,62,576,10.76388888888889,false,0500518000,Tiwi,direct
cic,male,0500518,citymun,34,,,false,0500518000,Tiwi,direct
cic,female,0500518,citymun,28,,,false,0500518000,Tiwi,direct
fic,total,05016,province,8233,16163,50.93732599146198,false,0501600000,Camarines Norte,direct
fic,male,05016,province,4118,,,false,0501600000,Camarines Norte,direct
fic,female,05016,province,4115,,,false,0501600000,Camarines Norte,direct
cic,total,05016,province,1887,10071,18.736967530533214,false,0501600000,Camarines Norte,direct
cic,male,05016,province,977,,,false,0501600000,Camarines Norte,direct
cic,female,05016,province,910,,,false,0501600000,Camarines Norte,direct
fic,total,0501601,citymun,582,1108,52.52707581227437,false,0501601000,Basud,direct
fic,male,0501601,citymun,303,,,false,0501601000,Basud,direct
fic,female,0501601,citymun,279,,,false,0501601000,Basud,direct
cic,total,0501601,citymun,144,474,30.37974683544304,false,0501601000,Basud,direct
cic,male,0501601,citymun,78,,,false,0501601000,Basud,direct
cic,female,0501601,citymun,66,,,false,0501601000,Basud,direct
fic,total,0501602,citymun,417,855,48.771929824561404,false,0501602000,Capalonga,direct
fic,male,0501602,citymun,210,,,false,0501602000,Capalonga,direct
fic,female,0501602,citymun,207,,,false,0501602000,Capalonga,direct
cic,total,0501602,citymun,87,645,13.488372093023257,false,0501602000,Capalonga,direct
cic,male,0501602,citymun,54,,,false,0501602000,Capalonga,direct
cic,female,0501602,citymun,33,,,false,0501602000,Capalonga,direct
fic,total,0501603,citymun,1322,2404,54.99168053244592,false,0501603000,Daet,direct
fic,male,0501603,citymun,649,,,false,0501603000,Daet,direct
fic,female,0501603,citymun,673,,,false,0501603000,Daet,direct
cic,total,0501603,citymun,206,1183,17.413355874894336,false,0501603000,Daet,direct
cic,male,0501603,citymun,111,,,false,0501603000,Daet,direct
cic,female,0501603,citymun,95,,,false,0501603000,Daet,direct
fic,total,0501604,citymun,188,360,52.22222222222223,false,0501604000,San Lorenzo Ruiz,direct
fic,male,0501604,citymun,95,,,false,0501604000,San Lorenzo Ruiz,direct
fic,female,0501604,citymun,93,,,false,0501604000,San Lorenzo Ruiz,direct
cic,total,0501604,citymun,61,295,20.677966101694913,false,0501604000,San Lorenzo Ruiz,direct
cic,male,0501604,citymun,22,,,false,0501604000,San Lorenzo Ruiz,direct
cic,female,0501604,citymun,39,,,false,0501604000,San Lorenzo Ruiz,direct
fic,total,0501605,citymun,873,1867,46.75950723085163,false,0501605000,Jose Panganiban,direct
fic,male,0501605,citymun,468,,,false,0501605000,Jose Panganiban,direct
fic,female,0501605,citymun,405,,,false,0501605000,Jose Panganiban,direct
cic,total,0501605,citymun,240,1386,17.316017316017316,false,0501605000,Jose Panganiban,direct
cic,male,0501605,citymun,118,,,false,0501605000,Jose Panganiban,direct
cic,female,0501605,citymun,122,,,false,0501605000,Jose Panganiban,direct
fic,total,0501606,citymun,1474,2885,51.091854419410744,false,0501606000,Labo,direct
fic,male,0501606,citymun,712,,,false,0501606000,Labo,direct
fic,female,0501606,citymun,762,,,false,0501606000,Labo,direct
cic,total,0501606,citymun,390,1999,19.50975487743872,false,0501606000,Labo,direct
cic,male,0501606,citymun,216,,,false,0501606000,Labo,direct
cic,female,0501606,citymun,174,,,false,0501606000,Labo,direct
fic,total,0501607,citymun,740,1511,48.97418927862343,false,0501607000,Mercedes,direct
fic,male,0501607,citymun,364,,,false,0501607000,Mercedes,direct
fic,female,0501607,citymun,376,,,false,0501607000,Mercedes,direct
cic,total,0501607,citymun,191,866,22.0554272517321,false,0501607000,Mercedes,direct
cic,male,0501607,citymun,107,,,false,0501607000,Mercedes,direct
cic,female,0501607,citymun,84,,,false,0501607000,Mercedes,direct
fic,total,0501608,citymun,1007,1792,56.19419642857143,false,0501608000,Paracale,direct
fic,male,0501608,citymun,506,,,false,0501608000,Paracale,direct
fic,female,0501608,citymun,501,,,false,0501608000,Paracale,direct
cic,total,0501608,citymun,163,1100,14.81818181818182,false,0501608000,Paracale,direct
cic,male,0501608,citymun,80,,,false,0501608000,Paracale,direct
cic,female,0501608,citymun,83,,,false,0501608000,Paracale,direct
fic,total,0501609,citymun,182,277,65.70397111913357,false,0501609000,San Vicente,direct
fic,male,0501609,citymun,92,,,false,0501609000,San Vicente,direct
fic,female,0501609,citymun,90,,,false,0501609000,San Vicente,direct
cic,total,0501609,citymun,15,129,11.627906976744185,false,0501609000,San Vicente,direct
cic,male,0501609,citymun,5,,,false,0501609000,San Vicente,direct
cic,female,0501609,citymun,10,,,false,0501609000,San Vicente,direct
fic,total,0501610,citymun,454,1127,40.28393966282165,false,0501610000,Santa Elena,direct
fic,male,0501610,citymun,218,,,false,0501610000,Santa Elena,direct
fic,female,0501610,citymun,236,,,false,0501610000,Santa Elena,direct
cic,total,0501610,citymun,163,695,23.453237410071942,false,0501610000,Santa Elena,direct
cic,male,0501610,citymun,79,,,false,0501610000,Santa Elena,direct
cic,female,0501610,citymun,84,,,false,0501610000,Santa Elena,direct
fic,total,0501611,citymun,338,648,52.160493827160494,false,0501611000,Talisay,direct
fic,male,0501611,citymun,176,,,false,0501611000,Talisay,direct
fic,female,0501611,citymun,162,,,false,0501611000,Talisay,direct
cic,total,0501611,citymun,57,431,13.225058004640372,false,0501611000,Talisay,direct
cic,male,0501611,citymun,32,,,false,0501611000,Talisay,direct
cic,female,0501611,citymun,25,,,false,0501611000,Talisay,direct
fic,total,0501612,citymun,656,1329,49.36042136945071,false,0501612000,Vinzons,direct
fic,male,0501612,citymun,325,,,false,0501612000,Vinzons,direct
fic,female,0501612,citymun,331,,,false,0501612000,Vinzons,direct
cic,total,0501612,citymun,170,868,19.5852534562212,false,0501612000,Vinzons,direct
cic,male,0501612,citymun,75,,,false,0501612000,Vinzons,direct
cic,female,0501612,citymun,95,,,false,0501612000,Vinzons,direct
fic,total,05017,province,24101,47677,50.5505799442079,false,0501700000,Camarines Sur,direct
fic,male,05017,province,12414,,,false,0501700000,Camarines Sur,direct
fic,female,05017,province,11687,,,false,0501700000,Camarines Sur,direct
cic,total,05017,province,5523,28856,19.139866925422787,false,0501700000,Camarines Sur,direct
cic,male,05017,province,2934,,,false,0501700000,Camarines Sur,direct
cic,female,05017,province,2589,,,false,0501700000,Camarines Sur,direct
fic,total,0501701,citymun,660,1316,50.15197568389058,false,0501701000,Baao,direct
fic,male,0501701,citymun,368,,,false,0501701000,Baao,direct
fic,female,0501701,citymun,292,,,false,0501701000,Baao,direct
cic,total,0501701,citymun,453,965,46.943005181347154,false,0501701000,Baao,direct
cic,male,0501701,citymun,216,,,false,0501701000,Baao,direct
cic,female,0501701,citymun,237,,,false,0501701000,Baao,direct
fic,total,0501702,citymun,422,879,48.009101251422074,false,0501702000,Balatan,direct
fic,male,0501702,citymun,199,,,false,0501702000,Balatan,direct
fic,female,0501702,citymun,223,,,false,0501702000,Balatan,direct
cic,total,0501702,citymun,108,608,17.763157894736842,false,0501702000,Balatan,direct
cic,male,0501702,citymun,60,,,false,0501702000,Balatan,direct
cic,female,0501702,citymun,48,,,false,0501702000,Balatan,direct
fic,total,0501703,citymun,539,1378,39.114658925979676,false,0501703000,Bato,direct
fic,male,0501703,citymun,277,,,false,0501703000,Bato,direct
fic,female,0501703,citymun,262,,,false,0501703000,Bato,direct
cic,total,0501703,citymun,377,1179,31.976251060220527,false,0501703000,Bato,direct
cic,male,0501703,citymun,188,,,false,0501703000,Bato,direct
cic,female,0501703,citymun,189,,,false,0501703000,Bato,direct
fic,total,0501704,citymun,207,440,47.04545454545455,false,0501704000,Bombon,direct
fic,male,0501704,citymun,125,,,false,0501704000,Bombon,direct
fic,female,0501704,citymun,82,,,false,0501704000,Bombon,direct
cic,total,0501704,citymun,13,181,7.18232044198895,false,0501704000,Bombon,direct
cic,male,0501704,citymun,6,,,false,0501704000,Bombon,direct
cic,female,0501704,citymun,7,,,false,0501704000,Bombon,direct
fic,total,0501705,citymun,1107,2056,53.84241245136187,false,0501705000,Buhi,direct
fic,male,0501705,citymun,568,,,false,0501705000,Buhi,direct
fic,female,0501705,citymun,539,,,false,0501705000,Buhi,direct
cic,total,0501705,citymun,196,991,19.77800201816347,false,0501705000,Buhi,direct
cic,male,0501705,citymun,100,,,false,0501705000,Buhi,direct
cic,female,0501705,citymun,96,,,false,0501705000,Buhi,direct
fic,total,0501706,citymun,921,1938,47.523219814241486,false,0501706000,Bula,direct
fic,male,0501706,citymun,488,,,false,0501706000,Bula,direct
fic,female,0501706,citymun,433,,,false,0501706000,Bula,direct
cic,total,0501706,citymun,221,1258,17.56756756756757,false,0501706000,Bula,direct
cic,male,0501706,citymun,110,,,false,0501706000,Bula,direct
cic,female,0501706,citymun,111,,,false,0501706000,Bula,direct
fic,total,0501707,citymun,211,513,41.13060428849902,false,0501707000,Cabusao,direct
fic,male,0501707,citymun,101,,,false,0501707000,Cabusao,direct
fic,female,0501707,citymun,110,,,false,0501707000,Cabusao,direct
cic,total,0501707,citymun,41,331,12.386706948640484,false,0501707000,Cabusao,direct
cic,male,0501707,citymun,24,,,false,0501707000,Cabusao,direct
cic,female,0501707,citymun,17,,,false,0501707000,Cabusao,direct
fic,total,0501708,citymun,1235,2333,52.93613373339049,false,0501708000,Calabanga,direct
fic,male,0501708,citymun,628,,,false,0501708000,Calabanga,direct
fic,female,0501708,citymun,607,,,false,0501708000,Calabanga,direct
cic,total,0501708,citymun,136,1267,10.734017363851619,false,0501708000,Calabanga,direct
cic,male,0501708,citymun,75,,,false,0501708000,Calabanga,direct
cic,female,0501708,citymun,61,,,false,0501708000,Calabanga,direct
fic,total,0501709,citymun,330,557,59.245960502692995,false,0501709000,Camaligan,direct
fic,male,0501709,citymun,163,,,false,0501709000,Camaligan,direct
fic,female,0501709,citymun,167,,,false,0501709000,Camaligan,direct
cic,total,0501709,citymun,55,270,20.37037037037037,false,0501709000,Camaligan,direct
cic,male,0501709,citymun,22,,,false,0501709000,Camaligan,direct
cic,female,0501709,citymun,33,,,false,0501709000,Camaligan,direct
fic,total,0501710,citymun,362,768,47.13541666666667,false,0501710000,Canaman,direct
fic,male,0501710,citymun,181,,,false,0501710000,Canaman,direct
fic,female,0501710,citymun,181,,,false,0501710000,Canaman,direct
cic,total,0501710,citymun,106,506,20.948616600790515,false,0501710000,Canaman,direct
cic,male,0501710,citymun,69,,,false,0501710000,Canaman,direct
cic,female,0501710,citymun,37,,,false,0501710000,Canaman,direct
fic,total,0501711,citymun,728,1404,51.85185185185185,false,0501711000,Caramoan,direct
fic,male,0501711,citymun,374,,,false,0501711000,Caramoan,direct
fic,female,0501711,citymun,354,,,false,0501711000,Caramoan,direct
cic,total,0501711,citymun,266,1014,26.232741617357004,false,0501711000,Caramoan,direct
cic,male,0501711,citymun,139,,,false,0501711000,Caramoan,direct
cic,female,0501711,citymun,127,,,false,0501711000,Caramoan,direct
fic,total,0501712,citymun,289,679,42.56259204712813,false,0501712000,Del Gallego,direct
fic,male,0501712,citymun,159,,,false,0501712000,Del Gallego,direct
fic,female,0501712,citymun,130,,,false,0501712000,Del Gallego,direct
cic,total,0501712,citymun,129,462,27.92207792207792,false,0501712000,Del Gallego,direct
cic,male,0501712,citymun,74,,,false,0501712000,Del Gallego,direct
cic,female,0501712,citymun,55,,,false,0501712000,Del Gallego,direct
fic,total,0501713,citymun,109,292,37.32876712328767,false,0501713000,Gainza,direct
fic,male,0501713,citymun,70,,,false,0501713000,Gainza,direct
fic,female,0501713,citymun,39,,,false,0501713000,Gainza,direct
cic,total,0501713,citymun,17,175,9.714285714285714,false,0501713000,Gainza,direct
cic,male,0501713,citymun,11,,,false,0501713000,Gainza,direct
cic,female,0501713,citymun,6,,,false,0501713000,Gainza,direct
fic,total,0501714,citymun,347,817,42.47246022031824,false,0501714000,Garchitorena,direct
fic,male,0501714,citymun,177,,,false,0501714000,Garchitorena,direct
fic,female,0501714,citymun,170,,,false,0501714000,Garchitorena,direct
cic,total,0501714,citymun,191,550,34.72727272727273,false,0501714000,Garchitorena,direct
cic,male,0501714,citymun,109,,,false,0501714000,Garchitorena,direct
cic,female,0501714,citymun,82,,,false,0501714000,Garchitorena,direct
fic,total,0501715,citymun,1290,1846,69.88082340195017,false,0501715000,Goa,direct
fic,male,0501715,citymun,670,,,false,0501715000,Goa,direct
fic,female,0501715,citymun,620,,,false,0501715000,Goa,direct
cic,total,0501715,citymun,44,688,6.395348837209303,false,0501715000,Goa,direct
cic,male,0501715,citymun,26,,,false,0501715000,Goa,direct
cic,female,0501715,citymun,18,,,false,0501715000,Goa,direct
fic,total,0501716,citymun,1192,2584,46.13003095975232,false,0501716000,City of Iriga,direct
fic,male,0501716,citymun,588,,,false,0501716000,City of Iriga,direct
fic,female,0501716,citymun,604,,,false,0501716000,City of Iriga,direct
cic,total,0501716,citymun,262,1382,18.958031837916064,false,0501716000,City of Iriga,direct
cic,male,0501716,citymun,137,,,false,0501716000,City of Iriga,direct
cic,female,0501716,citymun,125,,,false,0501716000,City of Iriga,direct
fic,total,0501717,citymun,928,1551,59.83236621534493,false,0501717000,Lagonoy,direct
fic,male,0501717,citymun,473,,,false,0501717000,Lagonoy,direct
fic,female,0501717,citymun,455,,,false,0501717000,Lagonoy,direct
cic,total,0501717,citymun,101,837,12.066905615292713,false,0501717000,Lagonoy,direct
cic,male,0501717,citymun,55,,,false,0501717000,Lagonoy,direct
cic,female,0501717,citymun,46,,,false,0501717000,Lagonoy,direct
fic,total,0501718,citymun,1602,2775,57.729729729729726,false,0501718000,Libmanan,direct
fic,male,0501718,citymun,818,,,false,0501718000,Libmanan,direct
fic,female,0501718,citymun,784,,,false,0501718000,Libmanan,direct
cic,total,0501718,citymun,125,1380,9.057971014492754,false,0501718000,Libmanan,direct
cic,male,0501718,citymun,79,,,false,0501718000,Libmanan,direct
cic,female,0501718,citymun,46,,,false,0501718000,Libmanan,direct
fic,total,0501719,citymun,387,829,46.682750301568156,false,0501719000,Lupi,direct
fic,male,0501719,citymun,196,,,false,0501719000,Lupi,direct
fic,female,0501719,citymun,191,,,false,0501719000,Lupi,direct
cic,total,0501719,citymun,79,510,15.490196078431373,false,0501719000,Lupi,direct
cic,male,0501719,citymun,36,,,false,0501719000,Lupi,direct
cic,female,0501719,citymun,43,,,false,0501719000,Lupi,direct
fic,total,0501720,citymun,285,608,46.875,false,0501720000,Magarao,direct
fic,male,0501720,citymun,160,,,false,0501720000,Magarao,direct
fic,female,0501720,citymun,125,,,false,0501720000,Magarao,direct
cic,total,0501720,citymun,74,347,21.32564841498559,false,0501720000,Magarao,direct
cic,male,0501720,citymun,38,,,false,0501720000,Magarao,direct
cic,female,0501720,citymun,36,,,false,0501720000,Magarao,direct
fic,total,0501721,citymun,357,852,41.901408450704224,false,0501721000,Milaor,direct
fic,male,0501721,citymun,177,,,false,0501721000,Milaor,direct
fic,female,0501721,citymun,180,,,false,0501721000,Milaor,direct
cic,total,0501721,citymun,184,568,32.3943661971831,false,0501721000,Milaor,direct
cic,male,0501721,citymun,88,,,false,0501721000,Milaor,direct
cic,female,0501721,citymun,96,,,false,0501721000,Milaor,direct
fic,total,0501722,citymun,665,1322,50.30257186081695,false,0501722000,Minalabac,direct
fic,male,0501722,citymun,372,,,false,0501722000,Minalabac,direct
fic,female,0501722,citymun,293,,,false,0501722000,Minalabac,direct
cic,total,0501722,citymun,107,772,13.860103626943005,false,0501722000,Minalabac,direct
cic,male,0501722,citymun,66,,,false,0501722000,Minalabac,direct
cic,female,0501722,citymun,41,,,false,0501722000,Minalabac,direct
fic,total,0501723,citymun,1052,2044,51.46771037181996,false,0501723000,Nabua,direct
fic,male,0501723,citymun,545,,,false,0501723000,Nabua,direct
fic,female,0501723,citymun,507,,,false,0501723000,Nabua,direct
cic,total,0501723,citymun,119,1104,10.778985507246377,false,0501723000,Nabua,direct
cic,male,0501723,citymun,59,,,false,0501723000,Nabua,direct
cic,female,0501723,citymun,60,,,false,0501723000,Nabua,direct
fic,total,0501725,citymun,628,1386,45.310245310245314,false,0501725000,Ocampo,direct
fic,male,0501725,citymun,324,,,false,0501725000,Ocampo,direct
fic,female,0501725,citymun,304,,,false,0501725000,Ocampo,direct
cic,total,0501725,citymun,198,970,20.412371134020617,false,0501725000,Ocampo,direct
cic,male,0501725,citymun,108,,,false,0501725000,Ocampo,direct
cic,female,0501725,citymun,90,,,false,0501725000,Ocampo,direct
fic,total,0501726,citymun,448,1059,42.30406043437205,false,0501726000,Pamplona,direct
fic,male,0501726,citymun,248,,,false,0501726000,Pamplona,direct
fic,female,0501726,citymun,200,,,false,0501726000,Pamplona,direct
cic,total,0501726,citymun,170,777,21.879021879021877,false,0501726000,Pamplona,direct
cic,male,0501726,citymun,105,,,false,0501726000,Pamplona,direct
cic,female,0501726,citymun,65,,,false,0501726000,Pamplona,direct
fic,total,0501727,citymun,729,1391,52.40833932422717,false,0501727000,Pasacao,direct
fic,male,0501727,citymun,380,,,false,0501727000,Pasacao,direct
fic,female,0501727,citymun,349,,,false,0501727000,Pasacao,direct
cic,total,0501727,citymun,193,914,21.11597374179431,false,0501727000,Pasacao,direct
cic,male,0501727,citymun,99,,,false,0501727000,Pasacao,direct
cic,female,0501727,citymun,94,,,false,0501727000,Pasacao,direct
fic,total,0501728,citymun,1173,2558,45.856137607505865,false,0501728000,Pili,direct
fic,male,0501728,citymun,594,,,false,0501728000,Pili,direct
fic,female,0501728,citymun,579,,,false,0501728000,Pili,direct
cic,total,0501728,citymun,399,1756,22.722095671981776,false,0501728000,Pili,direct
cic,male,0501728,citymun,206,,,false,0501728000,Pili,direct
cic,female,0501728,citymun,193,,,false,0501728000,Pili,direct
fic,total,0501729,citymun,318,574,55.400696864111495,false,0501729000,Presentacion,direct
fic,male,0501729,citymun,153,,,false,0501729000,Presentacion,direct
fic,female,0501729,citymun,165,,,false,0501729000,Presentacion,direct
cic,total,0501729,citymun,97,390,24.871794871794872,false,0501729000,Presentacion,direct
cic,male,0501729,citymun,49,,,false,0501729000,Presentacion,direct
cic,female,0501729,citymun,48,,,false,0501729000,Presentacion,direct
fic,total,0501730,citymun,862,1571,54.869509866327185,false,0501730000,Ragay,direct
fic,male,0501730,citymun,453,,,false,0501730000,Ragay,direct
fic,female,0501730,citymun,409,,,false,0501730000,Ragay,direct
cic,total,0501730,citymun,151,954,15.828092243186584,false,0501730000,Ragay,direct
cic,male,0501730,citymun,80,,,false,0501730000,Ragay,direct
cic,female,0501730,citymun,71,,,false,0501730000,Ragay,direct
fic,total,0501731,citymun,498,960,51.87500000000001,false,0501731000,Sagñay,direct
fic,male,0501731,citymun,245,,,false,0501731000,Sagñay,direct
fic,female,0501731,citymun,253,,,false,0501731000,Sagñay,direct
cic,total,0501731,citymun,100,499,20.04008016032064,false,0501731000,Sagñay,direct
cic,male,0501731,citymun,59,,,false,0501731000,Sagñay,direct
cic,female,0501731,citymun,41,,,false,0501731000,Sagñay,direct
fic,total,0501732,citymun,536,1017,52.704031465093415,false,0501732000,San Fernando,direct
fic,male,0501732,citymun,277,,,false,0501732000,San Fernando,direct
fic,female,0501732,citymun,259,,,false,0501732000,San Fernando,direct
cic,total,0501732,citymun,50,617,8.103727714748784,false,0501732000,San Fernando,direct
cic,male,0501732,citymun,23,,,false,0501732000,San Fernando,direct
cic,female,0501732,citymun,27,,,false,0501732000,San Fernando,direct
fic,total,0501733,citymun,643,1201,53.53871773522065,false,0501733000,San Jose,direct
fic,male,0501733,citymun,332,,,false,0501733000,San Jose,direct
fic,female,0501733,citymun,311,,,false,0501733000,San Jose,direct
cic,total,0501733,citymun,82,680,12.058823529411764,false,0501733000,San Jose,direct
cic,male,0501733,citymun,46,,,false,0501733000,San Jose,direct
cic,female,0501733,citymun,36,,,false,0501733000,San Jose,direct
fic,total,0501734,citymun,987,1738,56.789413118527044,false,0501734000,Sipocot,direct
fic,male,0501734,citymun,470,,,false,0501734000,Sipocot,direct
fic,female,0501734,citymun,517,,,false,0501734000,Sipocot,direct
cic,total,0501734,citymun,68,809,8.405438813349814,false,0501734000,Sipocot,direct
cic,male,0501734,citymun,38,,,false,0501734000,Sipocot,direct
cic,female,0501734,citymun,30,,,false,0501734000,Sipocot,direct
fic,total,0501735,citymun,257,489,52.556237218813905,false,0501735000,Siruma,direct
fic,male,0501735,citymun,140,,,false,0501735000,Siruma,direct
fic,female,0501735,citymun,117,,,false,0501735000,Siruma,direct
cic,total,0501735,citymun,107,359,29.805013927576603,false,0501735000,Siruma,direct
cic,male,0501735,citymun,66,,,false,0501735000,Siruma,direct
cic,female,0501735,citymun,41,,,false,0501735000,Siruma,direct
fic,total,0501736,citymun,770,1757,43.82470119521912,false,0501736000,Tigaon,direct
fic,male,0501736,citymun,396,,,false,0501736000,Tigaon,direct
fic,female,0501736,citymun,374,,,false,0501736000,Tigaon,direct
cic,total,0501736,citymun,183,1150,15.91304347826087,false,0501736000,Tigaon,direct
cic,male,0501736,citymun,97,,,false,0501736000,Tigaon,direct
cic,female,0501736,citymun,86,,,false,0501736000,Tigaon,direct
fic,total,0501737,citymun,1027,2195,46.78815489749431,false,0501737000,Tinambac,direct
fic,male,0501737,citymun,525,,,false,0501737000,Tinambac,direct
fic,female,0501737,citymun,502,,,false,0501737000,Tinambac,direct
cic,total,0501737,citymun,321,1636,19.621026894865526,false,0501737000,Tinambac,direct
cic,male,0501737,citymun,171,,,false,0501737000,Tinambac,direct
cic,female,0501737,citymun,150,,,false,0501737000,Tinambac,direct
fic,total,05020,province,3462,5886,58.81753312945973,false,0502000000,Catanduanes,direct
fic,male,05020,province,1769,,,false,0502000000,Catanduanes,direct
fic,female,05020,province,1693,,,false,0502000000,Catanduanes,direct
cic,total,05020,province,121,1965,6.1577608142493645,false,0502000000,Catanduanes,direct
cic,male,05020,province,63,,,false,0502000000,Catanduanes,direct
cic,female,05020,province,58,,,false,0502000000,Catanduanes,direct
fic,total,0502001,citymun,136,244,55.73770491803278,false,0502001000,Bagamanoc,direct
fic,male,0502001,citymun,65,,,false,0502001000,Bagamanoc,direct
fic,female,0502001,citymun,71,,,false,0502001000,Bagamanoc,direct
cic,total,0502001,citymun,0,94,0.0,false,0502001000,Bagamanoc,direct
cic,male,0502001,citymun,0,,,false,0502001000,Bagamanoc,direct
cic,female,0502001,citymun,0,,,false,0502001000,Bagamanoc,direct
fic,total,0502002,citymun,170,266,63.90977443609023,false,0502002000,Baras,direct
fic,male,0502002,citymun,100,,,false,0502002000,Baras,direct
fic,female,0502002,citymun,70,,,false,0502002000,Baras,direct
cic,total,0502002,citymun,7,65,10.76923076923077,false,0502002000,Baras,direct
cic,male,0502002,citymun,3,,,false,0502002000,Baras,direct
cic,female,0502002,citymun,4,,,false,0502002000,Baras,direct
fic,total,0502003,citymun,270,434,62.21198156682027,false,0502003000,Bato,direct
fic,male,0502003,citymun,130,,,false,0502003000,Bato,direct
fic,female,0502003,citymun,140,,,false,0502003000,Bato,direct
cic,total,0502003,citymun,4,131,3.0534351145038165,false,0502003000,Bato,direct
cic,male,0502003,citymun,1,,,false,0502003000,Bato,direct
cic,female,0502003,citymun,3,,,false,0502003000,Bato,direct
fic,total,0502004,citymun,447,833,53.66146458583433,false,0502004000,Caramoran,direct
fic,male,0502004,citymun,234,,,false,0502004000,Caramoran,direct
fic,female,0502004,citymun,213,,,false,0502004000,Caramoran,direct
cic,total,0502004,citymun,21,299,7.023411371237458,false,0502004000,Caramoran,direct
cic,male,0502004,citymun,8,,,false,0502004000,Caramoran,direct
cic,female,0502004,citymun,13,,,false,0502004000,Caramoran,direct
fic,total,0502005,citymun,114,180,63.33333333333333,false,0502005000,Gigmoto,direct
fic,male,0502005,citymun,51,,,false,0502005000,Gigmoto,direct
fic,female,0502005,citymun,63,,,false,0502005000,Gigmoto,direct
cic,total,0502005,citymun,8,70,11.428571428571429,false,0502005000,Gigmoto,direct
cic,male,0502005,citymun,6,,,false,0502005000,Gigmoto,direct
cic,female,0502005,citymun,2,,,false,0502005000,Gigmoto,direct
fic,total,0502006,citymun,325,453,71.7439293598234,false,0502006000,Pandan,direct
fic,male,0502006,citymun,171,,,false,0502006000,Pandan,direct
fic,female,0502006,citymun,154,,,false,0502006000,Pandan,direct
cic,total,0502006,citymun,3,108,2.7777777777777777,false,0502006000,Pandan,direct
cic,male,0502006,citymun,1,,,false,0502006000,Pandan,direct
cic,female,0502006,citymun,2,,,false,0502006000,Pandan,direct
fic,total,0502007,citymun,132,174,75.86206896551724,false,0502007000,Panganiban,direct
fic,male,0502007,citymun,82,,,false,0502007000,Panganiban,direct
fic,female,0502007,citymun,50,,,false,0502007000,Panganiban,direct
cic,total,0502007,citymun,1,62,1.6129032258064515,false,0502007000,Panganiban,direct
cic,male,0502007,citymun,0,,,false,0502007000,Panganiban,direct
cic,female,0502007,citymun,1,,,false,0502007000,Panganiban,direct
fic,total,0502008,citymun,449,844,53.19905213270142,false,0502008000,San Andres,direct
fic,male,0502008,citymun,222,,,false,0502008000,San Andres,direct
fic,female,0502008,citymun,227,,,false,0502008000,San Andres,direct
cic,total,0502008,citymun,50,347,14.409221902017292,false,0502008000,San Andres,direct
cic,male,0502008,citymun,28,,,false,0502008000,San Andres,direct
cic,female,0502008,citymun,22,,,false,0502008000,San Andres,direct
fic,total,0502009,citymun,198,321,61.6822429906542,false,0502009000,San Miguel,direct
fic,male,0502009,citymun,83,,,false,0502009000,San Miguel,direct
fic,female,0502009,citymun,115,,,false,0502009000,San Miguel,direct
cic,total,0502009,citymun,5,124,4.032258064516129,false,0502009000,San Miguel,direct
cic,male,0502009,citymun,4,,,false,0502009000,San Miguel,direct
cic,female,0502009,citymun,1,,,false,0502009000,San Miguel,direct
fic,total,0502010,citymun,279,503,55.46719681908549,false,0502010000,Viga,direct
fic,male,0502010,citymun,160,,,false,0502010000,Viga,direct
fic,female,0502010,citymun,119,,,false,0502010000,Viga,direct
cic,total,0502010,citymun,3,143,2.097902097902098,false,0502010000,Viga,direct
cic,male,0502010,citymun,1,,,false,0502010000,Viga,direct
cic,female,0502010,citymun,2,,,false,0502010000,Viga,direct
fic,total,0502011,citymun,942,1634,57.6499388004896,false,0502011000,Virac,direct
fic,male,0502011,citymun,471,,,false,0502011000,Virac,direct
fic,female,0502011,citymun,471,,,false,0502011000,Virac,direct
cic,total,0502011,citymun,19,522,3.6398467432950192,false,0502011000,Virac,direct
cic,male,0502011,citymun,11,,,false,0502011000,Virac,direct
cic,female,0502011,citymun,8,,,false,0502011000,Virac,direct
fic,total,05041,province,14032,24426,57.4469827233276,false,0504100000,Masbate,direct
fic,male,05041,province,7237,,,false,0504100000,Masbate,direct
fic,female,05041,province,6795,,,false,0504100000,Masbate,direct
cic,total,05041,province,2493,12457,20.012844183992936,false,0504100000,Masbate,direct
cic,male,05041,province,1287,,,false,0504100000,Masbate,direct
cic,female,05041,province,1206,,,false,0504100000,Masbate,direct
fic,total,0504101,citymun,1613,2740,58.86861313868613,false,0504101000,Aroroy,direct
fic,male,0504101,citymun,800,,,false,0504101000,Aroroy,direct
fic,female,0504101,citymun,813,,,false,0504101000,Aroroy,direct
cic,total,0504101,citymun,337,1627,20.71296865396435,false,0504101000,Aroroy,direct
cic,male,0504101,citymun,170,,,false,0504101000,Aroroy,direct
cic,female,0504101,citymun,167,,,false,0504101000,Aroroy,direct
fic,total,0504102,citymun,385,696,55.31609195402298,false,0504102000,Baleno,direct
fic,male,0504102,citymun,199,,,false,0504102000,Baleno,direct
fic,female,0504102,citymun,186,,,false,0504102000,Baleno,direct
cic,total,0504102,citymun,75,345,21.73913043478261,false,0504102000,Baleno,direct
cic,male,0504102,citymun,36,,,false,0504102000,Baleno,direct
cic,female,0504102,citymun,39,,,false,0504102000,Baleno,direct
fic,total,0504103,citymun,474,1011,46.88427299703264,false,0504103000,Balud,direct
fic,male,0504103,citymun,236,,,false,0504103000,Balud,direct
fic,female,0504103,citymun,238,,,false,0504103000,Balud,direct
cic,total,0504103,citymun,161,467,34.475374732334046,false,0504103000,Balud,direct
cic,male,0504103,citymun,83,,,false,0504103000,Balud,direct
cic,female,0504103,citymun,78,,,false,0504103000,Balud,direct
fic,total,0504104,citymun,252,356,70.78651685393258,false,0504104000,Batuan,direct
fic,male,0504104,citymun,127,,,false,0504104000,Batuan,direct
fic,female,0504104,citymun,125,,,false,0504104000,Batuan,direct
cic,total,0504104,citymun,6,120,5.0,false,0504104000,Batuan,direct
cic,male,0504104,citymun,4,,,false,0504104000,Batuan,direct
cic,female,0504104,citymun,2,,,false,0504104000,Batuan,direct
fic,total,0504105,citymun,757,1277,59.27956147220047,false,0504105000,Cataingan,direct
fic,male,0504105,citymun,405,,,false,0504105000,Cataingan,direct
fic,female,0504105,citymun,352,,,false,0504105000,Cataingan,direct
cic,total,0504105,citymun,27,641,4.212168486739469,false,0504105000,Cataingan,direct
cic,male,0504105,citymun,16,,,false,0504105000,Cataingan,direct
cic,female,0504105,citymun,11,,,false,0504105000,Cataingan,direct
fic,total,0504106,citymun,1118,1738,64.32681242807826,false,0504106000,Cawayan,direct
fic,male,0504106,citymun,586,,,false,0504106000,Cawayan,direct
fic,female,0504106,citymun,532,,,false,0504106000,Cawayan,direct
cic,total,0504106,citymun,250,839,29.797377830750893,false,0504106000,Cawayan,direct
cic,male,0504106,citymun,127,,,false,0504106000,Cawayan,direct
cic,female,0504106,citymun,123,,,false,0504106000,Cawayan,direct
fic,total,0504107,citymun,606,1041,58.21325648414985,false,0504107000,Claveria,direct
fic,male,0504107,citymun,307,,,false,0504107000,Claveria,direct
fic,female,0504107,citymun,299,,,false,0504107000,Claveria,direct
cic,total,0504107,citymun,67,402,16.666666666666664,false,0504107000,Claveria,direct
cic,male,0504107,citymun,34,,,false,0504107000,Claveria,direct
cic,female,0504107,citymun,33,,,false,0504107000,Claveria,direct
fic,total,0504108,citymun,315,588,53.57142857142857,false,0504108000,Dimasalang,direct
fic,male,0504108,citymun,160,,,false,0504108000,Dimasalang,direct
fic,female,0504108,citymun,155,,,false,0504108000,Dimasalang,direct
cic,total,0504108,citymun,63,364,17.307692307692307,false,0504108000,Dimasalang,direct
cic,male,0504108,citymun,31,,,false,0504108000,Dimasalang,direct
cic,female,0504108,citymun,32,,,false,0504108000,Dimasalang,direct
fic,total,0504109,citymun,190,398,47.73869346733669,false,0504109000,Esperanza,direct
fic,male,0504109,citymun,96,,,false,0504109000,Esperanza,direct
fic,female,0504109,citymun,94,,,false,0504109000,Esperanza,direct
cic,total,0504109,citymun,44,250,17.599999999999998,false,0504109000,Esperanza,direct
cic,male,0504109,citymun,25,,,false,0504109000,Esperanza,direct
cic,female,0504109,citymun,19,,,false,0504109000,Esperanza,direct
fic,total,0504110,citymun,882,1280,68.90625,false,0504110000,Mandaon,direct
fic,male,0504110,citymun,473,,,false,0504110000,Mandaon,direct
fic,female,0504110,citymun,409,,,false,0504110000,Mandaon,direct
cic,total,0504110,citymun,73,504,14.484126984126986,false,0504110000,Mandaon,direct
cic,male,0504110,citymun,40,,,false,0504110000,Mandaon,direct
cic,female,0504110,citymun,33,,,false,0504110000,Mandaon,direct
fic,total,0504111,citymun,2008,3190,62.94670846394984,false,0504111000,City of Masbate,direct
fic,male,0504111,citymun,1043,,,false,0504111000,City of Masbate,direct
fic,female,0504111,citymun,965,,,false,0504111000,City of Masbate,direct
cic,total,0504111,citymun,188,1285,14.63035019455253,false,0504111000,City of Masbate,direct
cic,male,0504111,citymun,114,,,false,0504111000,City of Masbate,direct
cic,female,0504111,citymun,74,,,false,0504111000,City of Masbate,direct
fic,total,0504112,citymun,1037,1682,61.652794292508915,false,0504112000,Milagros,direct
fic,male,0504112,citymun,542,,,false,0504112000,Milagros,direct
fic,female,0504112,citymun,495,,,false,0504112000,Milagros,direct
cic,total,0504112,citymun,164,959,17.10114702815433,false,0504112000,Milagros,direct
cic,male,0504112,citymun,84,,,false,0504112000,Milagros,direct
cic,female,0504112,citymun,80,,,false,0504112000,Milagros,direct
fic,total,0504113,citymun,572,1045,54.736842105263165,false,0504113000,Mobo,direct
fic,male,0504113,citymun,287,,,false,0504113000,Mobo,direct
fic,female,0504113,citymun,285,,,false,0504113000,Mobo,direct
cic,total,0504113,citymun,123,714,17.22689075630252,false,0504113000,Mobo,direct
cic,male,0504113,citymun,62,,,false,0504113000,Mobo,direct
cic,female,0504113,citymun,61,,,false,0504113000,Mobo,direct
fic,total,0504114,citymun,384,622,61.7363344051447,false,0504114000,Monreal,direct
fic,male,0504114,citymun,207,,,false,0504114000,Monreal,direct
fic,female,0504114,citymun,177,,,false,0504114000,Monreal,direct
cic,total,0504114,citymun,39,272,14.338235294117647,false,0504114000,Monreal,direct
cic,male,0504114,citymun,21,,,false,0504114000,Monreal,direct
cic,female,0504114,citymun,18,,,false,0504114000,Monreal,direct
fic,total,0504115,citymun,454,639,71.04851330203444,false,0504115000,Palanas,direct
fic,male,0504115,citymun,222,,,false,0504115000,Palanas,direct
fic,female,0504115,citymun,232,,,false,0504115000,Palanas,direct
cic,total,0504115,citymun,64,299,21.40468227424749,false,0504115000,Palanas,direct
cic,male,0504115,citymun,31,,,false,0504115000,Palanas,direct
cic,female,0504115,citymun,33,,,false,0504115000,Palanas,direct
fic,total,0504116,citymun,330,544,60.66176470588235,false,0504116000,Pio V. Corpuz,direct
fic,male,0504116,citymun,164,,,false,0504116000,Pio V. Corpuz,direct
fic,female,0504116,citymun,166,,,false,0504116000,Pio V. Corpuz,direct
cic,total,0504116,citymun,147,326,45.0920245398773,false,0504116000,Pio V. Corpuz,direct
cic,male,0504116,citymun,70,,,false,0504116000,Pio V. Corpuz,direct
cic,female,0504116,citymun,77,,,false,0504116000,Pio V. Corpuz,direct
fic,total,0504117,citymun,675,1637,41.23396456933415,false,0504117000,Placer,direct
fic,male,0504117,citymun,350,,,false,0504117000,Placer,direct
fic,female,0504117,citymun,325,,,false,0504117000,Placer,direct
cic,total,0504117,citymun,185,1035,17.874396135265698,false,0504117000,Placer,direct
cic,male,0504117,citymun,98,,,false,0504117000,Placer,direct
cic,female,0504117,citymun,87,,,false,0504117000,Placer,direct
fic,total,0504118,citymun,219,439,49.88610478359909,false,0504118000,San Fernando,direct
fic,male,0504118,citymun,108,,,false,0504118000,San Fernando,direct
fic,female,0504118,citymun,111,,,false,0504118000,San Fernando,direct
cic,total,0504118,citymun,35,165,21.21212121212121,false,0504118000,San Fernando,direct
cic,male,0504118,citymun,19,,,false,0504118000,San Fernando,direct
cic,female,0504118,citymun,16,,,false,0504118000,San Fernando,direct
fic,total,0504119,citymun,438,763,57.40498034076016,false,0504119000,San Jacinto,direct
fic,male,0504119,citymun,229,,,false,0504119000,San Jacinto,direct
fic,female,0504119,citymun,209,,,false,0504119000,San Jacinto,direct
cic,total,0504119,citymun,12,323,3.7151702786377707,false,0504119000,San Jacinto,direct
cic,male,0504119,citymun,8,,,false,0504119000,San Jacinto,direct
cic,female,0504119,citymun,4,,,false,0504119000,San Jacinto,direct
fic,total,0504120,citymun,468,1152,40.625,false,0504120000,San Pascual,direct
fic,male,0504120,citymun,254,,,false,0504120000,San Pascual,direct
fic,female,0504120,citymun,214,,,false,0504120000,San Pascual,direct
cic,total,0504120,citymun,142,526,26.996197718631176,false,0504120000,San Pascual,direct
cic,male,0504120,citymun,69,,,false,0504120000,San Pascual,direct
cic,female,0504120,citymun,73,,,false,0504120000,San Pascual,direct
fic,total,0504121,citymun,855,1588,53.841309823677584,false,0504121000,Uson,direct
fic,male,0504121,citymun,442,,,false,0504121000,Uson,direct
fic,female,0504121,citymun,413,,,false,0504121000,Uson,direct
cic,total,0504121,citymun,291,994,29.275653923541245,false,0504121000,Uson,direct
cic,male,0504121,citymun,145,,,false,0504121000,Uson,direct
cic,female,0504121,citymun,146,,,false,0504121000,Uson,direct
fic,total,05062,province,11764,19647,59.8768259785209,false,0506200000,Sorsogon,direct
fic,male,05062,province,6041,,,false,0506200000,Sorsogon,direct
fic,female,05062,province,5723,,,false,0506200000,Sorsogon,direct
cic,total,05062,province,1177,8848,13.30244122965642,false,0506200000,Sorsogon,direct
cic,male,05062,province,633,,,false,0506200000,Sorsogon,direct
cic,female,05062,province,544,,,false,0506200000,Sorsogon,direct
fic,total,0506202,citymun,260,376,69.14893617021278,false,0506202000,Barcelona,direct
fic,male,0506202,citymun,130,,,false,0506202000,Barcelona,direct
fic,female,0506202,citymun,130,,,false,0506202000,Barcelona,direct
cic,total,0506202,citymun,0,98,0.0,false,0506202000,Barcelona,direct
cic,male,0506202,citymun,0,,,false,0506202000,Barcelona,direct
cic,female,0506202,citymun,0,,,false,0506202000,Barcelona,direct
fic,total,0506203,citymun,1637,2629,62.26702168124763,false,0506203000,Bulan,direct
fic,male,0506203,citymun,822,,,false,0506203000,Bulan,direct
fic,female,0506203,citymun,815,,,false,0506203000,Bulan,direct
cic,total,0506203,citymun,68,921,7.38327904451683,false,0506203000,Bulan,direct
cic,male,0506203,citymun,39,,,false,0506203000,Bulan,direct
cic,female,0506203,citymun,29,,,false,0506203000,Bulan,direct
fic,total,0506204,citymun,279,484,57.64462809917356,false,0506204000,Bulusan,direct
fic,male,0506204,citymun,133,,,false,0506204000,Bulusan,direct
fic,female,0506204,citymun,146,,,false,0506204000,Bulusan,direct
cic,total,0506204,citymun,32,323,9.907120743034056,false,0506204000,Bulusan,direct
cic,male,0506204,citymun,22,,,false,0506204000,Bulusan,direct
cic,female,0506204,citymun,10,,,false,0506204000,Bulusan,direct
fic,total,0506205,citymun,530,907,58.43439911797134,false,0506205000,Casiguran,direct
fic,male,0506205,citymun,252,,,false,0506205000,Casiguran,direct
fic,female,0506205,citymun,278,,,false,0506205000,Casiguran,direct
cic,total,0506205,citymun,98,513,19.103313840155945,false,0506205000,Casiguran,direct
cic,male,0506205,citymun,52,,,false,0506205000,Casiguran,direct
cic,female,0506205,citymun,46,,,false,0506205000,Casiguran,direct
fic,total,0506206,citymun,1001,1467,68.23449216087253,false,0506206000,Castilla,direct
fic,male,0506206,citymun,468,,,false,0506206000,Castilla,direct
fic,female,0506206,citymun,533,,,false,0506206000,Castilla,direct
cic,total,0506206,citymun,134,763,17.562254259501966,false,0506206000,Castilla,direct
cic,male,0506206,citymun,66,,,false,0506206000,Castilla,direct
cic,female,0506206,citymun,68,,,false,0506206000,Castilla,direct
fic,total,0506207,citymun,868,1324,65.55891238670695,false,0506207000,Donsol,direct
fic,male,0506207,citymun,456,,,false,0506207000,Donsol,direct
fic,female,0506207,citymun,412,,,false,0506207000,Donsol,direct
cic,total,0506207,citymun,41,474,8.649789029535865,false,0506207000,Donsol,direct
cic,male,0506207,citymun,23,,,false,0506207000,Donsol,direct
cic,female,0506207,citymun,18,,,false,0506207000,Donsol,direct
fic,total,0506208,citymun,691,1194,57.87269681742043,false,0506208000,Gubat,direct
fic,male,0506208,citymun,381,,,false,0506208000,Gubat,direct
fic,female,0506208,citymun,310,,,false,0506208000,Gubat,direct
cic,total,0506208,citymun,20,486,4.11522633744856,false,0506208000,Gubat,direct
cic,male,0506208,citymun,14,,,false,0506208000,Gubat,direct
cic,female,0506208,citymun,6,,,false,0506208000,Gubat,direct
fic,total,0506209,citymun,891,1550,57.483870967741936,false,0506209000,Irosin,direct
fic,male,0506209,citymun,464,,,false,0506209000,Irosin,direct
fic,female,0506209,citymun,427,,,false,0506209000,Irosin,direct
cic,total,0506209,citymun,111,780,14.23076923076923,false,0506209000,Irosin,direct
cic,male,0506209,citymun,61,,,false,0506209000,Irosin,direct
cic,female,0506209,citymun,50,,,false,0506209000,Irosin,direct
fic,total,0506210,citymun,472,926,50.9719222462203,false,0506210000,Juban,direct
fic,male,0506210,citymun,239,,,false,0506210000,Juban,direct
fic,female,0506210,citymun,233,,,false,0506210000,Juban,direct
cic,total,0506210,citymun,71,520,13.653846153846153,false,0506210000,Juban,direct
cic,male,0506210,citymun,36,,,false,0506210000,Juban,direct
cic,female,0506210,citymun,35,,,false,0506210000,Juban,direct
fic,total,0506211,citymun,610,946,64.48202959830867,false,0506211000,Magallanes,direct
fic,male,0506211,citymun,310,,,false,0506211000,Magallanes,direct
fic,female,0506211,citymun,300,,,false,0506211000,Magallanes,direct
cic,total,0506211,citymun,21,321,6.5420560747663545,false,0506211000,Magallanes,direct
cic,male,0506211,citymun,10,,,false,0506211000,Magallanes,direct
cic,female,0506211,citymun,11,,,false,0506211000,Magallanes,direct
fic,total,0506212,citymun,612,984,62.19512195121951,false,0506212000,Matnog,direct
fic,male,0506212,citymun,331,,,false,0506212000,Matnog,direct
fic,female,0506212,citymun,281,,,false,0506212000,Matnog,direct
cic,total,0506212,citymun,82,418,19.617224880382775,false,0506212000,Matnog,direct
cic,male,0506212,citymun,45,,,false,0506212000,Matnog,direct
cic,female,0506212,citymun,37,,,false,0506212000,Matnog,direct
fic,total,0506213,citymun,982,1746,56.24284077892325,false,0506213000,Pilar,direct
fic,male,0506213,citymun,503,,,false,0506213000,Pilar,direct
fic,female,0506213,citymun,479,,,false,0506213000,Pilar,direct
cic,total,0506213,citymun,232,1092,21.245421245421245,false,0506213000,Pilar,direct
cic,male,0506213,citymun,117,,,false,0506213000,Pilar,direct
cic,female,0506213,citymun,115,,,false,0506213000,Pilar,direct
fic,total,0506214,citymun,291,468,62.17948717948718,false,0506214000,Prieto Diaz,direct
fic,male,0506214,citymun,156,,,false,0506214000,Prieto Diaz,direct
fic,female,0506214,citymun,135,,,false,0506214000,Prieto Diaz,direct
cic,total,0506214,citymun,29,201,14.427860696517413,false,0506214000,Prieto Diaz,direct
cic,male,0506214,citymun,19,,,false,0506214000,Prieto Diaz,direct
cic,female,0506214,citymun,10,,,false,0506214000,Prieto Diaz,direct
fic,total,0506215,citymun,220,328,67.07317073170732,false,0506215000,Santa Magdalena,direct
fic,male,0506215,citymun,127,,,false,0506215000,Santa Magdalena,direct
fic,female,0506215,citymun,93,,,false,0506215000,Santa Magdalena,direct
cic,total,0506215,citymun,10,118,8.47457627118644,false,0506215000,Santa Magdalena,direct
cic,male,0506215,citymun,7,,,false,0506215000,Santa Magdalena,direct
cic,female,0506215,citymun,3,,,false,0506215000,Santa Magdalena,direct
fic,total,0506216,citymun,2420,4318,56.04446503010653,false,0506216000,City of Sorsogon,direct
fic,male,0506216,citymun,1269,,,false,0506216000,City of Sorsogon,direct
fic,female,0506216,citymun,1151,,,false,0506216000,City of Sorsogon,direct
cic,total,0506216,citymun,228,1820,12.527472527472527,false,0506216000,City of Sorsogon,direct
cic,male,0506216,citymun,122,,,false,0506216000,City of Sorsogon,direct
cic,female,0506216,citymun,106,,,false,0506216000,City of Sorsogon,direct
fic,total,0501724,citymun,2590,4601,56.29211041078026,false,0501724000,City of Naga,direct
fic,male,0501724,citymun,1378,,,false,0501724000,City of Naga,direct
fic,female,0501724,citymun,1212,,,false,0501724000,City of Naga,direct
cic,total,0501724,citymun,341,2343,14.553990610328638,false,0501724000,City of Naga,direct
cic,male,0501724,citymun,177,,,false,0501724000,City of Naga,direct
cic,female,0501724,citymun,164,,,false,0501724000,City of Naga,direct
fic,total,06,region,60062,92499,64.93259386587962,false,0600000000,Region 6,direct
fic,male,06,region,30885,,,false,0600000000,Region 6,direct
fic,female,06,region,29177,,,false,0600000000,Region 6,direct
cic,total,06,region,1430,28634,4.994063002025563,false,0600000000,Region 6,direct
cic,male,06,region,729,,,false,0600000000,Region 6,direct
cic,female,06,region,701,,,false,0600000000,Region 6,direct
fic,total,06004,province,6400,12236,52.30467473030402,false,0600400000,Aklan,direct
fic,male,06004,province,3353,,,false,0600400000,Aklan,direct
fic,female,06004,province,3047,,,false,0600400000,Aklan,direct
cic,total,06004,province,573,4892,11.713000817661488,false,0600400000,Aklan,direct
cic,male,06004,province,303,,,false,0600400000,Aklan,direct
cic,female,06004,province,270,,,false,0600400000,Aklan,direct
fic,total,0600401,citymun,229,499,45.89178356713427,false,0600401000,Altavas,direct
fic,male,0600401,citymun,144,,,false,0600401000,Altavas,direct
fic,female,0600401,citymun,85,,,false,0600401000,Altavas,direct
cic,total,0600401,citymun,34,297,11.447811447811448,false,0600401000,Altavas,direct
cic,male,0600401,citymun,16,,,false,0600401000,Altavas,direct
cic,female,0600401,citymun,18,,,false,0600401000,Altavas,direct
fic,total,0600402,citymun,230,539,42.67161410018553,false,0600402000,Balete,direct
fic,male,0600402,citymun,116,,,false,0600402000,Balete,direct
fic,female,0600402,citymun,114,,,false,0600402000,Balete,direct
cic,total,0600402,citymun,35,200,17.5,false,0600402000,Balete,direct
cic,male,0600402,citymun,18,,,false,0600402000,Balete,direct
cic,female,0600402,citymun,17,,,false,0600402000,Balete,direct
fic,total,0600403,citymun,374,679,55.08100147275405,false,0600403000,Banga,direct
fic,male,0600403,citymun,197,,,false,0600403000,Banga,direct
fic,female,0600403,citymun,177,,,false,0600403000,Banga,direct
cic,total,0600403,citymun,43,313,13.738019169329075,false,0600403000,Banga,direct
cic,male,0600403,citymun,24,,,false,0600403000,Banga,direct
cic,female,0600403,citymun,19,,,false,0600403000,Banga,direct
fic,total,0600404,citymun,258,528,48.86363636363637,false,0600404000,Batan,direct
fic,male,0600404,citymun,138,,,false,0600404000,Batan,direct
fic,female,0600404,citymun,120,,,false,0600404000,Batan,direct
cic,total,0600404,citymun,46,237,19.40928270042194,false,0600404000,Batan,direct
cic,male,0600404,citymun,22,,,false,0600404000,Batan,direct
cic,female,0600404,citymun,24,,,false,0600404000,Batan,direct
fic,total,0600405,citymun,180,337,53.41246290801187,false,0600405000,Buruanga,direct
fic,male,0600405,citymun,93,,,false,0600405000,Buruanga,direct
fic,female,0600405,citymun,87,,,false,0600405000,Buruanga,direct
cic,total,0600405,citymun,17,124,13.709677419354838,false,0600405000,Buruanga,direct
cic,male,0600405,citymun,8,,,false,0600405000,Buruanga,direct
cic,female,0600405,citymun,9,,,false,0600405000,Buruanga,direct
fic,total,0600406,citymun,483,1090,44.31192660550459,false,0600406000,Ibajay,direct
fic,male,0600406,citymun,268,,,false,0600406000,Ibajay,direct
fic,female,0600406,citymun,215,,,false,0600406000,Ibajay,direct
cic,total,0600406,citymun,40,504,7.936507936507936,false,0600406000,Ibajay,direct
cic,male,0600406,citymun,22,,,false,0600406000,Ibajay,direct
cic,female,0600406,citymun,18,,,false,0600406000,Ibajay,direct
fic,total,0600407,citymun,1056,1770,59.66101694915255,false,0600407000,Kalibo,direct
fic,male,0600407,citymun,546,,,false,0600407000,Kalibo,direct
fic,female,0600407,citymun,510,,,false,0600407000,Kalibo,direct
cic,total,0600407,citymun,81,336,24.107142857142858,false,0600407000,Kalibo,direct
cic,male,0600407,citymun,41,,,false,0600407000,Kalibo,direct
cic,female,0600407,citymun,40,,,false,0600407000,Kalibo,direct
fic,total,0600408,citymun,123,265,46.41509433962264,false,0600408000,Lezo,direct
fic,male,0600408,citymun,56,,,false,0600408000,Lezo,direct
fic,female,0600408,citymun,67,,,false,0600408000,Lezo,direct
cic,total,0600408,citymun,28,71,39.436619718309856,false,0600408000,Lezo,direct
cic,male,0600408,citymun,11,,,false,0600408000,Lezo,direct
cic,female,0600408,citymun,17,,,false,0600408000,Lezo,direct
fic,total,0600409,citymun,175,596,29.36241610738255,false,0600409000,Libacao,direct
fic,male,0600409,citymun,93,,,false,0600409000,Libacao,direct
fic,female,0600409,citymun,82,,,false,0600409000,Libacao,direct
cic,total,0600409,citymun,68,405,16.790123456790123,false,0600409000,Libacao,direct
cic,male,0600409,citymun,39,,,false,0600409000,Libacao,direct
cic,female,0600409,citymun,29,,,false,0600409000,Libacao,direct
fic,total,0600410,citymun,206,342,60.23391812865497,false,0600410000,Madalag,direct
fic,male,0600410,citymun,102,,,false,0600410000,Madalag,direct
fic,female,0600410,citymun,104,,,false,0600410000,Madalag,direct
cic,total,0600410,citymun,3,114,2.631578947368421,false,0600410000,Madalag,direct
cic,male,0600410,citymun,1,,,false,0600410000,Madalag,direct
cic,female,0600410,citymun,2,,,false,0600410000,Madalag,direct
fic,total,0600411,citymun,514,595,86.38655462184875,false,0600411000,Makato,direct
fic,male,0600411,citymun,274,,,false,0600411000,Makato,direct
fic,female,0600411,citymun,240,,,false,0600411000,Makato,direct
cic,total,0600411,citymun,0,97,0.0,false,0600411000,Makato,direct
cic,male,0600411,citymun,0,,,false,0600411000,Makato,direct
cic,female,0600411,citymun,0,,,false,0600411000,Makato,direct
fic,total,0600412,citymun,697,1443,48.302148302148304,false,0600412000,Malay,direct
fic,male,0600412,citymun,349,,,false,0600412000,Malay,direct
fic,female,0600412,citymun,348,,,false,0600412000,Malay,direct
cic,total,0600412,citymun,90,627,14.354066985645932,false,0600412000,Malay,direct
cic,male,0600412,citymun,51,,,false,0600412000,Malay,direct
cic,female,0600412,citymun,39,,,false,0600412000,Malay,direct
fic,total,0600413,citymun,214,440,48.63636363636364,false,0600413000,Malinao,direct
fic,male,0600413,citymun,108,,,false,0600413000,Malinao,direct
fic,female,0600413,citymun,106,,,false,0600413000,Malinao,direct
cic,total,0600413,citymun,60,271,22.14022140221402,false,0600413000,Malinao,direct
cic,male,0600413,citymun,37,,,false,0600413000,Malinao,direct
cic,female,0600413,citymun,23,,,false,0600413000,Malinao,direct
fic,total,0600414,citymun,556,973,57.14285714285714,false,0600414000,Nabas,direct
fic,male,0600414,citymun,302,,,false,0600414000,Nabas,direct
fic,female,0600414,citymun,254,,,false,0600414000,Nabas,direct
cic,total,0600414,citymun,12,368,3.260869565217391,false,0600414000,Nabas,direct
cic,male,0600414,citymun,6,,,false,0600414000,Nabas,direct
cic,female,0600414,citymun,6,,,false,0600414000,Nabas,direct
fic,total,0600415,citymun,531,1036,51.254826254826256,false,0600415000,New Washington,direct
fic,male,0600415,citymun,257,,,false,0600415000,New Washington,direct
fic,female,0600415,citymun,274,,,false,0600415000,New Washington,direct
cic,total,0600415,citymun,2,434,0.4608294930875576,false,0600415000,New Washington,direct
cic,male,0600415,citymun,1,,,false,0600415000,New Washington,direct
cic,female,0600415,citymun,1,,,false,0600415000,New Washington,direct
fic,total,0600416,citymun,328,655,50.0763358778626,false,0600416000,Numancia,direct
fic,male,0600416,citymun,172,,,false,0600416000,Numancia,direct
fic,female,0600416,citymun,156,,,false,0600416000,Numancia,direct
cic,total,0600416,citymun,11,327,3.3639143730886847,false,0600416000,Numancia,direct
cic,male,0600416,citymun,5,,,false,0600416000,Numancia,direct
cic,female,0600416,citymun,6,,,false,0600416000,Numancia,direct
fic,total,0600417,citymun,246,449,54.78841870824054,false,0600417000,Tangalan,direct
fic,male,0600417,citymun,138,,,false,0600417000,Tangalan,direct
fic,female,0600417,citymun,108,,,false,0600417000,Tangalan,direct
cic,total,0600417,citymun,3,167,1.7964071856287425,false,0600417000,Tangalan,direct
cic,male,0600417,citymun,1,,,false,0600417000,Tangalan,direct
cic,female,0600417,citymun,2,,,false,0600417000,Tangalan,direct
fic,total,06006,province,8068,12896,62.5620347394541,false,0600600000,Antique,direct
fic,male,06006,province,4140,,,false,0600600000,Antique,direct
fic,female,06006,province,3928,,,false,0600600000,Antique,direct
cic,total,06006,province,237,4380,5.410958904109589,false,0600600000,Antique,direct
cic,male,06006,province,113,,,false,0600600000,Antique,direct
cic,female,06006,province,124,,,false,0600600000,Antique,direct
fic,total,0600601,citymun,204,374,54.54545454545454,false,0600601000,Anini-Y,direct
fic,male,0600601,citymun,117,,,false,0600601000,Anini-Y,direct
fic,female,0600601,citymun,87,,,false,0600601000,Anini-Y,direct
cic,total,0600601,citymun,10,163,6.134969325153374,false,0600601000,Anini-Y,direct
cic,male,0600601,citymun,3,,,false,0600601000,Anini-Y,direct
cic,female,0600601,citymun,7,,,false,0600601000,Anini-Y,direct
fic,total,0600602,citymun,291,375,77.60000000000001,false,0600602000,Barbaza,direct
fic,male,0600602,citymun,144,,,false,0600602000,Barbaza,direct
fic,female,0600602,citymun,147,,,false,0600602000,Barbaza,direct
cic,total,0600602,citymun,1,88,1.1363636363636365,false,0600602000,Barbaza,direct
cic,male,0600602,citymun,0,,,false,0600602000,Barbaza,direct
cic,female,0600602,citymun,1,,,false,0600602000,Barbaza,direct
fic,total,0600603,citymun,146,257,56.809338521400775,false,0600603000,Belison,direct
fic,male,0600603,citymun,74,,,false,0600603000,Belison,direct
fic,female,0600603,citymun,72,,,false,0600603000,Belison,direct
cic,total,0600603,citymun,4,136,2.941176470588235,false,0600603000,Belison,direct
cic,male,0600603,citymun,3,,,false,0600603000,Belison,direct
cic,female,0600603,citymun,1,,,false,0600603000,Belison,direct
fic,total,0600604,citymun,442,758,58.31134564643799,false,0600604000,Bugasong,direct
fic,male,0600604,citymun,221,,,false,0600604000,Bugasong,direct
fic,female,0600604,citymun,221,,,false,0600604000,Bugasong,direct
cic,total,0600604,citymun,17,322,5.279503105590062,false,0600604000,Bugasong,direct
cic,male,0600604,citymun,10,,,false,0600604000,Bugasong,direct
cic,female,0600604,citymun,7,,,false,0600604000,Bugasong,direct
fic,total,0600605,citymun,835,1185,70.46413502109705,false,0600605000,Caluya,direct
fic,male,0600605,citymun,407,,,false,0600605000,Caluya,direct
fic,female,0600605,citymun,428,,,false,0600605000,Caluya,direct
cic,total,0600605,citymun,24,326,7.361963190184049,false,0600605000,Caluya,direct
cic,male,0600605,citymun,12,,,false,0600605000,Caluya,direct
cic,female,0600605,citymun,12,,,false,0600605000,Caluya,direct
fic,total,0600606,citymun,566,961,58.89698231009365,false,0600606000,Culasi,direct
fic,male,0600606,citymun,287,,,false,0600606000,Culasi,direct
fic,female,0600606,citymun,279,,,false,0600606000,Culasi,direct
cic,total,0600606,citymun,38,316,12.025316455696203,false,0600606000,Culasi,direct
cic,male,0600606,citymun,14,,,false,0600606000,Culasi,direct
cic,female,0600606,citymun,24,,,false,0600606000,Culasi,direct
fic,total,0600607,citymun,318,630,50.476190476190474,false,0600607000,Tobias Fornier,direct
fic,male,0600607,citymun,171,,,false,0600607000,Tobias Fornier,direct
fic,female,0600607,citymun,147,,,false,0600607000,Tobias Fornier,direct
cic,total,0600607,citymun,7,322,2.1739130434782608,false,0600607000,Tobias Fornier,direct
cic,male,0600607,citymun,3,,,false,0600607000,Tobias Fornier,direct
cic,female,0600607,citymun,4,,,false,0600607000,Tobias Fornier,direct
fic,total,0600608,citymun,695,993,69.98992950654582,false,0600608000,Hamtic,direct
fic,male,0600608,citymun,360,,,false,0600608000,Hamtic,direct
fic,female,0600608,citymun,335,,,false,0600608000,Hamtic,direct
cic,total,0600608,citymun,18,236,7.627118644067797,false,0600608000,Hamtic,direct
cic,male,0600608,citymun,5,,,false,0600608000,Hamtic,direct
cic,female,0600608,citymun,13,,,false,0600608000,Hamtic,direct
fic,total,0600609,citymun,351,568,61.79577464788733,false,0600609000,Laua-An,direct
fic,male,0600609,citymun,176,,,false,0600609000,Laua-An,direct
fic,female,0600609,citymun,175,,,false,0600609000,Laua-An,direct
cic,total,0600609,citymun,7,183,3.825136612021858,false,0600609000,Laua-An,direct
cic,male,0600609,citymun,3,,,false,0600609000,Laua-An,direct
cic,female,0600609,citymun,4,,,false,0600609000,Laua-An,direct
fic,total,0600610,citymun,230,367,62.67029972752044,false,0600610000,Libertad,direct
fic,male,0600610,citymun,118,,,false,0600610000,Libertad,direct
fic,female,0600610,citymun,112,,,false,0600610000,Libertad,direct
cic,total,0600610,citymun,0,111,0.0,false,0600610000,Libertad,direct
cic,male,0600610,citymun,0,,,false,0600610000,Libertad,direct
cic,female,0600610,citymun,0,,,false,0600610000,Libertad,direct
fic,total,0600611,citymun,398,701,56.77603423680456,false,0600611000,Pandan,direct
fic,male,0600611,citymun,199,,,false,0600611000,Pandan,direct
fic,female,0600611,citymun,199,,,false,0600611000,Pandan,direct
cic,total,0600611,citymun,44,262,16.793893129770993,false,0600611000,Pandan,direct
cic,male,0600611,citymun,29,,,false,0600611000,Pandan,direct
cic,female,0600611,citymun,15,,,false,0600611000,Pandan,direct
fic,total,0600612,citymun,416,788,52.79187817258884,false,0600612000,Patnongon,direct
fic,male,0600612,citymun,202,,,false,0600612000,Patnongon,direct
fic,female,0600612,citymun,214,,,false,0600612000,Patnongon,direct
cic,total,0600612,citymun,17,348,4.885057471264368,false,0600612000,Patnongon,direct
cic,male,0600612,citymun,10,,,false,0600612000,Patnongon,direct
cic,female,0600612,citymun,7,,,false,0600612000,Patnongon,direct
fic,total,0600613,citymun,849,1231,68.96831844029244,false,0600613000,San Jose,direct
fic,male,0600613,citymun,445,,,false,0600613000,San Jose,direct
fic,female,0600613,citymun,404,,,false,0600613000,San Jose,direct
cic,total,0600613,citymun,2,273,0.7326007326007326,false,0600613000,San Jose,direct
cic,male,0600613,citymun,1,,,false,0600613000,San Jose,direct
cic,female,0600613,citymun,1,,,false,0600613000,San Jose,direct
fic,total,0600614,citymun,567,800,70.875,false,0600614000,San Remigio,direct
fic,male,0600614,citymun,289,,,false,0600614000,San Remigio,direct
fic,female,0600614,citymun,278,,,false,0600614000,San Remigio,direct
cic,total,0600614,citymun,16,155,10.32258064516129,false,0600614000,San Remigio,direct
cic,male,0600614,citymun,6,,,false,0600614000,San Remigio,direct
cic,female,0600614,citymun,10,,,false,0600614000,San Remigio,direct
fic,total,0600615,citymun,230,404,56.930693069306926,false,0600615000,Sebaste,direct
fic,male,0600615,citymun,112,,,false,0600615000,Sebaste,direct
fic,female,0600615,citymun,118,,,false,0600615000,Sebaste,direct
cic,total,0600615,citymun,5,187,2.6737967914438503,false,0600615000,Sebaste,direct
cic,male,0600615,citymun,3,,,false,0600615000,Sebaste,direct
cic,female,0600615,citymun,2,,,false,0600615000,Sebaste,direct
fic,total,0600616,citymun,856,1365,62.71062271062271,false,0600616000,Sibalom,direct
fic,male,0600616,citymun,449,,,false,0600616000,Sibalom,direct
fic,female,0600616,citymun,407,,,false,0600616000,Sibalom,direct
cic,total,0600616,citymun,22,489,4.4989775051124745,false,0600616000,Sibalom,direct
cic,male,0600616,citymun,8,,,false,0600616000,Sibalom,direct
cic,female,0600616,citymun,14,,,false,0600616000,Sibalom,direct
fic,total,0600617,citymun,359,668,53.74251497005989,false,0600617000,Tibiao,direct
fic,male,0600617,citymun,194,,,false,0600617000,Tibiao,direct
fic,female,0600617,citymun,165,,,false,0600617000,Tibiao,direct
cic,total,0600617,citymun,3,312,0.9615384615384616,false,0600617000,Tibiao,direct
cic,male,0600617,citymun,2,,,false,0600617000,Tibiao,direct
cic,female,0600617,citymun,1,,,false,0600617000,Tibiao,direct
fic,total,0600618,citymun,315,471,66.87898089171973,false,0600618000,Valderrama,direct
fic,male,0600618,citymun,175,,,false,0600618000,Valderrama,direct
fic,female,0600618,citymun,140,,,false,0600618000,Valderrama,direct
cic,total,0600618,citymun,2,151,1.3245033112582782,false,0600618000,Valderrama,direct
cic,male,0600618,citymun,1,,,false,0600618000,Valderrama,direct
cic,female,0600618,citymun,1,,,false,0600618000,Valderrama,direct
fic,total,06019,province,9278,15118,61.37055166027252,false,0601900000,Capiz,direct
fic,male,06019,province,4732,,,false,0601900000,Capiz,direct
fic,female,06019,province,4546,,,false,0601900000,Capiz,direct
cic,total,06019,province,306,5117,5.980066445182724,false,0601900000,Capiz,direct
cic,male,06019,province,149,,,false,0601900000,Capiz,direct
cic,female,06019,province,157,,,false,0601900000,Capiz,direct
fic,total,0601901,citymun,276,445,62.022471910112365,false,0601901000,Cuartero,direct
fic,male,0601901,citymun,150,,,false,0601901000,Cuartero,direct
fic,female,0601901,citymun,126,,,false,0601901000,Cuartero,direct
cic,total,0601901,citymun,1,175,0.5714285714285714,false,0601901000,Cuartero,direct
cic,male,0601901,citymun,0,,,false,0601901000,Cuartero,direct
cic,female,0601901,citymun,1,,,false,0601901000,Cuartero,direct
fic,total,0601902,citymun,385,541,71.1645101663586,false,0601902000,Dao,direct
fic,male,0601902,citymun,197,,,false,0601902000,Dao,direct
fic,female,0601902,citymun,188,,,false,0601902000,Dao,direct
cic,total,0601902,citymun,0,137,0.0,false,0601902000,Dao,direct
cic,male,0601902,citymun,0,,,false,0601902000,Dao,direct
cic,female,0601902,citymun,0,,,false,0601902000,Dao,direct
fic,total,0601903,citymun,233,538,43.30855018587361,false,0601903000,Dumalag,direct
fic,male,0601903,citymun,123,,,false,0601903000,Dumalag,direct
fic,female,0601903,citymun,110,,,false,0601903000,Dumalag,direct
cic,total,0601903,citymun,0,208,0.0,false,0601903000,Dumalag,direct
cic,male,0601903,citymun,0,,,false,0601903000,Dumalag,direct
cic,female,0601903,citymun,0,,,false,0601903000,Dumalag,direct
fic,total,0601904,citymun,668,891,74.97194163860831,false,0601904000,Dumarao,direct
fic,male,0601904,citymun,347,,,false,0601904000,Dumarao,direct
fic,female,0601904,citymun,321,,,false,0601904000,Dumarao,direct
cic,total,0601904,citymun,3,315,0.9523809523809524,false,0601904000,Dumarao,direct
cic,male,0601904,citymun,2,,,false,0601904000,Dumarao,direct
cic,female,0601904,citymun,1,,,false,0601904000,Dumarao,direct
fic,total,0601905,citymun,313,591,52.96108291032149,false,0601905000,Ivisan,direct
fic,male,0601905,citymun,153,,,false,0601905000,Ivisan,direct
fic,female,0601905,citymun,160,,,false,0601905000,Ivisan,direct
cic,total,0601905,citymun,2,212,0.9433962264150944,false,0601905000,Ivisan,direct
cic,male,0601905,citymun,1,,,false,0601905000,Ivisan,direct
cic,female,0601905,citymun,1,,,false,0601905000,Ivisan,direct
fic,total,0601906,citymun,382,818,46.69926650366748,false,0601906000,Jamindan,direct
fic,male,0601906,citymun,200,,,false,0601906000,Jamindan,direct
fic,female,0601906,citymun,182,,,false,0601906000,Jamindan,direct
cic,total,0601906,citymun,1,326,0.3067484662576687,false,0601906000,Jamindan,direct
cic,male,0601906,citymun,0,,,false,0601906000,Jamindan,direct
cic,female,0601906,citymun,1,,,false,0601906000,Jamindan,direct
fic,total,0601907,citymun,455,811,56.10357583230579,false,0601907000,Ma-Ayon,direct
fic,male,0601907,citymun,242,,,false,0601907000,Ma-Ayon,direct
fic,female,0601907,citymun,213,,,false,0601907000,Ma-Ayon,direct
cic,total,0601907,citymun,0,280,0.0,false,0601907000,Ma-Ayon,direct
cic,male,0601907,citymun,0,,,false,0601907000,Ma-Ayon,direct
cic,female,0601907,citymun,0,,,false,0601907000,Ma-Ayon,direct
fic,total,0601908,citymun,358,707,50.636492220650645,false,0601908000,Mambusao,direct
fic,male,0601908,citymun,170,,,false,0601908000,Mambusao,direct
fic,female,0601908,citymun,188,,,false,0601908000,Mambusao,direct
cic,total,0601908,citymun,4,329,1.21580547112462,false,0601908000,Mambusao,direct
cic,male,0601908,citymun,1,,,false,0601908000,Mambusao,direct
cic,female,0601908,citymun,3,,,false,0601908000,Mambusao,direct
fic,total,0601909,citymun,588,835,70.4191616766467,false,0601909000,Panay,direct
fic,male,0601909,citymun,299,,,false,0601909000,Panay,direct
fic,female,0601909,citymun,289,,,false,0601909000,Panay,direct
cic,total,0601909,citymun,0,279,0.0,false,0601909000,Panay,direct
cic,male,0601909,citymun,0,,,false,0601909000,Panay,direct
cic,female,0601909,citymun,0,,,false,0601909000,Panay,direct
fic,total,0601910,citymun,397,726,54.6831955922865,false,0601910000,Panitan,direct
fic,male,0601910,citymun,190,,,false,0601910000,Panitan,direct
fic,female,0601910,citymun,207,,,false,0601910000,Panitan,direct
cic,total,0601910,citymun,3,288,1.0416666666666665,false,0601910000,Panitan,direct
cic,male,0601910,citymun,2,,,false,0601910000,Panitan,direct
cic,female,0601910,citymun,1,,,false,0601910000,Panitan,direct
fic,total,0601911,citymun,548,1057,51.844843897824035,false,0601911000,Pilar,direct
fic,male,0601911,citymun,287,,,false,0601911000,Pilar,direct
fic,female,0601911,citymun,261,,,false,0601911000,Pilar,direct
cic,total,0601911,citymun,3,505,0.594059405940594,false,0601911000,Pilar,direct
cic,male,0601911,citymun,0,,,false,0601911000,Pilar,direct
cic,female,0601911,citymun,3,,,false,0601911000,Pilar,direct
fic,total,0601912,citymun,588,988,59.51417004048582,false,0601912000,Pontevedra,direct
fic,male,0601912,citymun,322,,,false,0601912000,Pontevedra,direct
fic,female,0601912,citymun,266,,,false,0601912000,Pontevedra,direct
cic,total,0601912,citymun,0,349,0.0,false,0601912000,Pontevedra,direct
cic,male,0601912,citymun,0,,,false,0601912000,Pontevedra,direct
cic,female,0601912,citymun,0,,,false,0601912000,Pontevedra,direct
fic,total,0601913,citymun,407,653,62.32771822358346,false,0601913000,President Roxas,direct
fic,male,0601913,citymun,199,,,false,0601913000,President Roxas,direct
fic,female,0601913,citymun,208,,,false,0601913000,President Roxas,direct
cic,total,0601913,citymun,7,261,2.681992337164751,false,0601913000,President Roxas,direct
cic,male,0601913,citymun,4,,,false,0601913000,President Roxas,direct
cic,female,0601913,citymun,3,,,false,0601913000,President Roxas,direct
fic,total,0601914,citymun,2373,3373,70.3528016602431,false,0601914000,City of Roxas,direct
fic,male,0601914,citymun,1176,,,false,0601914000,City of Roxas,direct
fic,female,0601914,citymun,1197,,,false,0601914000,City of Roxas,direct
cic,total,0601914,citymun,252,896,28.125,false,0601914000,City of Roxas,direct
cic,male,0601914,citymun,124,,,false,0601914000,City of Roxas,direct
cic,female,0601914,citymun,128,,,false,0601914000,City of Roxas,direct
fic,total,0601915,citymun,402,534,75.28089887640449,false,0601915000,Sapi-An,direct
fic,male,0601915,citymun,209,,,false,0601915000,Sapi-An,direct
fic,female,0601915,citymun,193,,,false,0601915000,Sapi-An,direct
cic,total,0601915,citymun,0,43,0.0,false,0601915000,Sapi-An,direct
cic,male,0601915,citymun,0,,,false,0601915000,Sapi-An,direct
cic,female,0601915,citymun,0,,,false,0601915000,Sapi-An,direct
fic,total,0601916,citymun,373,535,69.71962616822431,false,0601916000,Sigma,direct
fic,male,0601916,citymun,185,,,false,0601916000,Sigma,direct
fic,female,0601916,citymun,188,,,false,0601916000,Sigma,direct
cic,total,0601916,citymun,0,100,0.0,false,0601916000,Sigma,direct
cic,male,0601916,citymun,0,,,false,0601916000,Sigma,direct
cic,female,0601916,citymun,0,,,false,0601916000,Sigma,direct
fic,total,0601917,citymun,532,1075,49.48837209302326,false,0601917000,Tapaz,direct
fic,male,0601917,citymun,283,,,false,0601917000,Tapaz,direct
fic,female,0601917,citymun,249,,,false,0601917000,Tapaz,direct
cic,total,0601917,citymun,30,414,7.246376811594203,false,0601917000,Tapaz,direct
cic,male,0601917,citymun,15,,,false,0601917000,Tapaz,direct
cic,female,0601917,citymun,15,,,false,0601917000,Tapaz,direct
fic,total,06030,province,27483,39077,70.33037336540676,false,0603000000,Iloilo,direct
fic,male,06030,province,14090,,,false,0603000000,Iloilo,direct
fic,female,06030,province,13393,,,false,0603000000,Iloilo,direct
cic,total,06030,province,197,10344,1.9044856921887083,false,0603000000,Iloilo,direct
cic,male,06030,province,99,,,false,0603000000,Iloilo,direct
cic,female,06030,province,98,,,false,0603000000,Iloilo,direct
fic,total,0603001,citymun,711,1155,61.55844155844156,false,0603001000,Ajuy,direct
fic,male,0603001,citymun,386,,,false,0603001000,Ajuy,direct
fic,female,0603001,citymun,325,,,false,0603001000,Ajuy,direct
cic,total,0603001,citymun,3,385,0.7792207792207793,false,0603001000,Ajuy,direct
cic,male,0603001,citymun,3,,,false,0603001000,Ajuy,direct
cic,female,0603001,citymun,0,,,false,0603001000,Ajuy,direct
fic,total,0603002,citymun,452,730,61.917808219178085,false,0603002000,Alimodian,direct
fic,male,0603002,citymun,251,,,false,0603002000,Alimodian,direct
fic,female,0603002,citymun,201,,,false,0603002000,Alimodian,direct
cic,total,0603002,citymun,9,385,2.3376623376623376,false,0603002000,Alimodian,direct
cic,male,0603002,citymun,4,,,false,0603002000,Alimodian,direct
cic,female,0603002,citymun,5,,,false,0603002000,Alimodian,direct
fic,total,0603003,citymun,339,584,58.04794520547946,false,0603003000,Anilao,direct
fic,male,0603003,citymun,173,,,false,0603003000,Anilao,direct
fic,female,0603003,citymun,166,,,false,0603003000,Anilao,direct
cic,total,0603003,citymun,0,199,0.0,false,0603003000,Anilao,direct
cic,male,0603003,citymun,0,,,false,0603003000,Anilao,direct
cic,female,0603003,citymun,0,,,false,0603003000,Anilao,direct
fic,total,0603004,citymun,200,463,43.196544276457885,false,0603004000,Badiangan,direct
fic,male,0603004,citymun,101,,,false,0603004000,Badiangan,direct
fic,female,0603004,citymun,99,,,false,0603004000,Badiangan,direct
cic,total,0603004,citymun,1,221,0.4524886877828055,false,0603004000,Badiangan,direct
cic,male,0603004,citymun,1,,,false,0603004000,Badiangan,direct
cic,female,0603004,citymun,0,,,false,0603004000,Badiangan,direct
fic,total,0603005,citymun,449,689,65.16690856313497,false,0603005000,Balasan,direct
fic,male,0603005,citymun,233,,,false,0603005000,Balasan,direct
fic,female,0603005,citymun,216,,,false,0603005000,Balasan,direct
cic,total,0603005,citymun,0,202,0.0,false,0603005000,Balasan,direct
cic,male,0603005,citymun,0,,,false,0603005000,Balasan,direct
cic,female,0603005,citymun,0,,,false,0603005000,Balasan,direct
fic,total,0603006,citymun,476,647,73.57032457496136,false,0603006000,Banate,direct
fic,male,0603006,citymun,231,,,false,0603006000,Banate,direct
fic,female,0603006,citymun,245,,,false,0603006000,Banate,direct
cic,total,0603006,citymun,0,169,0.0,false,0603006000,Banate,direct
cic,male,0603006,citymun,0,,,false,0603006000,Banate,direct
cic,female,0603006,citymun,0,,,false,0603006000,Banate,direct
fic,total,0603007,citymun,1116,1125,99.2,false,0603007000,Barotac Nuevo,direct
fic,male,0603007,citymun,572,,,false,0603007000,Barotac Nuevo,direct
fic,female,0603007,citymun,544,,,false,0603007000,Barotac Nuevo,direct
cic,total,0603007,citymun,0,31,0.0,false,0603007000,Barotac Nuevo,direct
cic,male,0603007,citymun,0,,,false,0603007000,Barotac Nuevo,direct
cic,female,0603007,citymun,0,,,false,0603007000,Barotac Nuevo,direct
fic,total,0603008,citymun,594,1058,56.14366729678639,false,0603008000,Barotac Viejo,direct
fic,male,0603008,citymun,275,,,false,0603008000,Barotac Viejo,direct
fic,female,0603008,citymun,319,,,false,0603008000,Barotac Viejo,direct
cic,total,0603008,citymun,0,348,0.0,false,0603008000,Barotac Viejo,direct
cic,male,0603008,citymun,0,,,false,0603008000,Barotac Viejo,direct
cic,female,0603008,citymun,0,,,false,0603008000,Barotac Viejo,direct
fic,total,0603009,citymun,280,361,77.5623268698061,false,0603009000,Batad,direct
fic,male,0603009,citymun,154,,,false,0603009000,Batad,direct
fic,female,0603009,citymun,126,,,false,0603009000,Batad,direct
cic,total,0603009,citymun,0,52,0.0,false,0603009000,Batad,direct
cic,male,0603009,citymun,0,,,false,0603009000,Batad,direct
cic,female,0603009,citymun,0,,,false,0603009000,Batad,direct
fic,total,0603010,citymun,148,295,50.16949152542372,false,0603010000,Bingawan,direct
fic,male,0603010,citymun,71,,,false,0603010000,Bingawan,direct
fic,female,0603010,citymun,77,,,false,0603010000,Bingawan,direct
cic,total,0603010,citymun,9,138,6.521739130434782,false,0603010000,Bingawan,direct
cic,male,0603010,citymun,4,,,false,0603010000,Bingawan,direct
cic,female,0603010,citymun,5,,,false,0603010000,Bingawan,direct
fic,total,0603012,citymun,992,1047,94.7468958930277,false,0603012000,Cabatuan,direct
fic,male,0603012,citymun,500,,,false,0603012000,Cabatuan,direct
fic,female,0603012,citymun,492,,,false,0603012000,Cabatuan,direct
cic,total,0603012,citymun,0,14,0.0,false,0603012000,Cabatuan,direct
cic,male,0603012,citymun,0,,,false,0603012000,Cabatuan,direct
cic,female,0603012,citymun,0,,,false,0603012000,Cabatuan,direct
fic,total,0603013,citymun,785,1227,63.97718011409943,false,0603013000,Calinog,direct
fic,male,0603013,citymun,386,,,false,0603013000,Calinog,direct
fic,female,0603013,citymun,399,,,false,0603013000,Calinog,direct
cic,total,0603013,citymun,4,423,0.9456264775413712,false,0603013000,Calinog,direct
cic,male,0603013,citymun,2,,,false,0603013000,Calinog,direct
cic,female,0603013,citymun,2,,,false,0603013000,Calinog,direct
fic,total,0603014,citymun,929,1639,56.680902989627825,false,0603014000,Carles,direct
fic,male,0603014,citymun,475,,,false,0603014000,Carles,direct
fic,female,0603014,citymun,454,,,false,0603014000,Carles,direct
cic,total,0603014,citymun,73,446,16.367713004484305,false,0603014000,Carles,direct
cic,male,0603014,citymun,35,,,false,0603014000,Carles,direct
cic,female,0603014,citymun,38,,,false,0603014000,Carles,direct
fic,total,0603015,citymun,530,971,54.58290422245108,false,0603015000,Concepcion,direct
fic,male,0603015,citymun,289,,,false,0603015000,Concepcion,direct
fic,female,0603015,citymun,241,,,false,0603015000,Concepcion,direct
cic,total,0603015,citymun,22,395,5.5696202531645564,false,0603015000,Concepcion,direct
cic,male,0603015,citymun,9,,,false,0603015000,Concepcion,direct
cic,female,0603015,citymun,13,,,false,0603015000,Concepcion,direct
fic,total,0603016,citymun,467,737,63.36499321573948,false,0603016000,Dingle,direct
fic,male,0603016,citymun,238,,,false,0603016000,Dingle,direct
fic,female,0603016,citymun,229,,,false,0603016000,Dingle,direct
cic,total,0603016,citymun,3,267,1.1235955056179776,false,0603016000,Dingle,direct
cic,male,0603016,citymun,1,,,false,0603016000,Dingle,direct
cic,female,0603016,citymun,2,,,false,0603016000,Dingle,direct
fic,total,0603017,citymun,375,525,71.42857142857143,false,0603017000,Dueñas,direct
fic,male,0603017,citymun,196,,,false,0603017000,Dueñas,direct
fic,female,0603017,citymun,179,,,false,0603017000,Dueñas,direct
cic,total,0603017,citymun,0,124,0.0,false,0603017000,Dueñas,direct
cic,male,0603017,citymun,0,,,false,0603017000,Dueñas,direct
cic,female,0603017,citymun,0,,,false,0603017000,Dueñas,direct
fic,total,0603018,citymun,715,1337,53.477935676888556,false,0603018000,Dumangas,direct
fic,male,0603018,citymun,366,,,false,0603018000,Dumangas,direct
fic,female,0603018,citymun,349,,,false,0603018000,Dumangas,direct
cic,total,0603018,citymun,3,415,0.7228915662650602,false,0603018000,Dumangas,direct
cic,male,0603018,citymun,1,,,false,0603018000,Dumangas,direct
cic,female,0603018,citymun,2,,,false,0603018000,Dumangas,direct
fic,total,0603019,citymun,619,1203,51.4546965918537,false,0603019000,Estancia,direct
fic,male,0603019,citymun,336,,,false,0603019000,Estancia,direct
fic,female,0603019,citymun,283,,,false,0603019000,Estancia,direct
cic,total,0603019,citymun,11,671,1.639344262295082,false,0603019000,Estancia,direct
cic,male,0603019,citymun,8,,,false,0603019000,Estancia,direct
cic,female,0603019,citymun,3,,,false,0603019000,Estancia,direct
fic,total,0603020,citymun,431,559,77.10196779964222,false,0603020000,Guimbal,direct
fic,male,0603020,citymun,235,,,false,0603020000,Guimbal,direct
fic,female,0603020,citymun,196,,,false,0603020000,Guimbal,direct
cic,total,0603020,citymun,1,122,0.819672131147541,false,0603020000,Guimbal,direct
cic,male,0603020,citymun,0,,,false,0603020000,Guimbal,direct
cic,female,0603020,citymun,1,,,false,0603020000,Guimbal,direct
fic,total,0603021,citymun,304,508,59.84251968503938,false,0603021000,Igbaras,direct
fic,male,0603021,citymun,161,,,false,0603021000,Igbaras,direct
fic,female,0603021,citymun,143,,,false,0603021000,Igbaras,direct
cic,total,0603021,citymun,1,156,0.641025641025641,false,0603021000,Igbaras,direct
cic,male,0603021,citymun,1,,,false,0603021000,Igbaras,direct
cic,female,0603021,citymun,0,,,false,0603021000,Igbaras,direct
fic,total,0603023,citymun,858,1294,66.30602782071098,false,0603023000,Janiuay,direct
fic,male,0603023,citymun,460,,,false,0603023000,Janiuay,direct
fic,female,0603023,citymun,398,,,false,0603023000,Janiuay,direct
cic,total,0603023,citymun,0,503,0.0,false,0603023000,Janiuay,direct
cic,male,0603023,citymun,0,,,false,0603023000,Janiuay,direct
cic,female,0603023,citymun,0,,,false,0603023000,Janiuay,direct
fic,total,0603025,citymun,927,1657,55.944477972238985,false,0603025000,Lambunao,direct
fic,male,0603025,citymun,490,,,false,0603025000,Lambunao,direct
fic,female,0603025,citymun,437,,,false,0603025000,Lambunao,direct
cic,total,0603025,citymun,2,527,0.3795066413662239,false,0603025000,Lambunao,direct
cic,male,0603025,citymun,1,,,false,0603025000,Lambunao,direct
cic,female,0603025,citymun,1,,,false,0603025000,Lambunao,direct
fic,total,0603026,citymun,404,641,63.026521060842434,false,0603026000,Leganes,direct
fic,male,0603026,citymun,200,,,false,0603026000,Leganes,direct
fic,female,0603026,citymun,204,,,false,0603026000,Leganes,direct
cic,total,0603026,citymun,2,189,1.0582010582010581,false,0603026000,Leganes,direct
cic,male,0603026,citymun,1,,,false,0603026000,Leganes,direct
cic,female,0603026,citymun,1,,,false,0603026000,Leganes,direct
fic,total,0603027,citymun,398,595,66.890756302521,false,0603027000,Lemery,direct
fic,male,0603027,citymun,213,,,false,0603027000,Lemery,direct
fic,female,0603027,citymun,185,,,false,0603027000,Lemery,direct
cic,total,0603027,citymun,1,195,0.5128205128205128,false,0603027000,Lemery,direct
cic,male,0603027,citymun,0,,,false,0603027000,Lemery,direct
cic,female,0603027,citymun,1,,,false,0603027000,Lemery,direct
fic,total,0603028,citymun,608,866,70.20785219399538,false,0603028000,Leon,direct
fic,male,0603028,citymun,262,,,false,0603028000,Leon,direct
fic,female,0603028,citymun,346,,,false,0603028000,Leon,direct
cic,total,0603028,citymun,2,388,0.5154639175257731,false,0603028000,Leon,direct
cic,male,0603028,citymun,0,,,false,0603028000,Leon,direct
cic,female,0603028,citymun,2,,,false,0603028000,Leon,direct
fic,total,0603029,citymun,470,826,56.90072639225182,false,0603029000,Maasin,direct
fic,male,0603029,citymun,239,,,false,0603029000,Maasin,direct
fic,female,0603029,citymun,231,,,false,0603029000,Maasin,direct
cic,total,0603029,citymun,13,350,3.7142857142857144,false,0603029000,Maasin,direct
cic,male,0603029,citymun,8,,,false,0603029000,Maasin,direct
cic,female,0603029,citymun,5,,,false,0603029000,Maasin,direct
fic,total,0603030,citymun,1303,1267,102.84135753749013,true,0603030000,Miagao,direct
fic,male,0603030,citymun,638,,,false,0603030000,Miagao,direct
fic,female,0603030,citymun,665,,,false,0603030000,Miagao,direct
cic,total,0603030,citymun,0,57,0.0,false,0603030000,Miagao,direct
cic,male,0603030,citymun,0,,,false,0603030000,Miagao,direct
cic,female,0603030,citymun,0,,,false,0603030000,Miagao,direct
fic,total,0603031,citymun,278,370,75.13513513513513,false,0603031000,Mina,direct
fic,male,0603031,citymun,149,,,false,0603031000,Mina,direct
fic,female,0603031,citymun,129,,,false,0603031000,Mina,direct
cic,total,0603031,citymun,0,100,0.0,false,0603031000,Mina,direct
cic,male,0603031,citymun,0,,,false,0603031000,Mina,direct
cic,female,0603031,citymun,0,,,false,0603031000,Mina,direct
fic,total,0603032,citymun,178,380,46.8421052631579,false,0603032000,New Lucena,direct
fic,male,0603032,citymun,99,,,false,0603032000,New Lucena,direct
fic,female,0603032,citymun,79,,,false,0603032000,New Lucena,direct
cic,total,0603032,citymun,2,150,1.3333333333333335,false,0603032000,New Lucena,direct
cic,male,0603032,citymun,2,,,false,0603032000,New Lucena,direct
cic,female,0603032,citymun,0,,,false,0603032000,New Lucena,direct
fic,total,0603034,citymun,1366,1749,78.10177244139508,false,0603034000,Oton,direct
fic,male,0603034,citymun,712,,,false,0603034000,Oton,direct
fic,female,0603034,citymun,654,,,false,0603034000,Oton,direct
cic,total,0603034,citymun,0,378,0.0,false,0603034000,Oton,direct
cic,male,0603034,citymun,0,,,false,0603034000,Oton,direct
cic,female,0603034,citymun,0,,,false,0603034000,Oton,direct
fic,total,0603035,citymun,1095,1871,58.52485301977553,false,0603035000,City of Passi,direct
fic,male,0603035,citymun,571,,,false,0603035000,City of Passi,direct
fic,female,0603035,citymun,524,,,false,0603035000,City of Passi,direct
cic,total,0603035,citymun,6,649,0.9244992295839755,false,0603035000,City of Passi,direct
cic,male,0603035,citymun,1,,,false,0603035000,City of Passi,direct
cic,female,0603035,citymun,5,,,false,0603035000,City of Passi,direct
fic,total,0603036,citymun,1164,1262,92.23454833597464,false,0603036000,Pavia,direct
fic,male,0603036,citymun,597,,,false,0603036000,Pavia,direct
fic,female,0603036,citymun,567,,,false,0603036000,Pavia,direct
cic,total,0603036,citymun,0,100,0.0,false,0603036000,Pavia,direct
cic,male,0603036,citymun,0,,,false,0603036000,Pavia,direct
cic,female,0603036,citymun,0,,,false,0603036000,Pavia,direct
fic,total,0603037,citymun,1254,1459,85.94928032899246,false,0603037000,Pototan,direct
fic,male,0603037,citymun,615,,,false,0603037000,Pototan,direct
fic,female,0603037,citymun,639,,,false,0603037000,Pototan,direct
cic,total,0603037,citymun,0,292,0.0,false,0603037000,Pototan,direct
cic,male,0603037,citymun,0,,,false,0603037000,Pototan,direct
cic,female,0603037,citymun,0,,,false,0603037000,Pototan,direct
fic,total,0603038,citymun,546,869,62.83084004602992,false,0603038000,San Dionisio,direct
fic,male,0603038,citymun,292,,,false,0603038000,San Dionisio,direct
fic,female,0603038,citymun,254,,,false,0603038000,San Dionisio,direct
cic,total,0603038,citymun,0,208,0.0,false,0603038000,San Dionisio,direct
cic,male,0603038,citymun,0,,,false,0603038000,San Dionisio,direct
cic,female,0603038,citymun,0,,,false,0603038000,San Dionisio,direct
fic,total,0603039,citymun,833,791,105.30973451327435,true,0603039000,San Enrique,direct
fic,male,0603039,citymun,397,,,false,0603039000,San Enrique,direct
fic,female,0603039,citymun,436,,,false,0603039000,San Enrique,direct
cic,total,0603039,citymun,0,-43,0.0,false,0603039000,San Enrique,direct
cic,male,0603039,citymun,0,,,false,0603039000,San Enrique,direct
cic,female,0603039,citymun,0,,,false,0603039000,San Enrique,direct
fic,total,0603040,citymun,578,822,70.31630170316302,false,0603040000,San Joaquin,direct
fic,male,0603040,citymun,307,,,false,0603040000,San Joaquin,direct
fic,female,0603040,citymun,271,,,false,0603040000,San Joaquin,direct
cic,total,0603040,citymun,1,131,0.7633587786259541,false,0603040000,San Joaquin,direct
cic,male,0603040,citymun,1,,,false,0603040000,San Joaquin,direct
cic,female,0603040,citymun,0,,,false,0603040000,San Joaquin,direct
fic,total,0603041,citymun,288,529,54.44234404536862,false,0603041000,San Miguel,direct
fic,male,0603041,citymun,152,,,false,0603041000,San Miguel,direct
fic,female,0603041,citymun,136,,,false,0603041000,San Miguel,direct
cic,total,0603041,citymun,11,216,5.092592592592593,false,0603041000,San Miguel,direct
cic,male,0603041,citymun,7,,,false,0603041000,San Miguel,direct
cic,female,0603041,citymun,4,,,false,0603041000,San Miguel,direct
fic,total,0603042,citymun,192,379,50.65963060686016,false,0603042000,San Rafael,direct
fic,male,0603042,citymun,102,,,false,0603042000,San Rafael,direct
fic,female,0603042,citymun,90,,,false,0603042000,San Rafael,direct
cic,total,0603042,citymun,0,156,0.0,false,0603042000,San Rafael,direct
cic,male,0603042,citymun,0,,,false,0603042000,San Rafael,direct
cic,female,0603042,citymun,0,,,false,0603042000,San Rafael,direct
fic,total,0603043,citymun,877,1249,70.21617293835068,false,0603043000,Santa Barbara,direct
fic,male,0603043,citymun,437,,,false,0603043000,Santa Barbara,direct
fic,female,0603043,citymun,440,,,false,0603043000,Santa Barbara,direct
cic,total,0603043,citymun,17,128,13.28125,false,0603043000,Santa Barbara,direct
cic,male,0603043,citymun,9,,,false,0603043000,Santa Barbara,direct
cic,female,0603043,citymun,8,,,false,0603043000,Santa Barbara,direct
fic,total,0603044,citymun,1141,1185,96.28691983122363,false,0603044000,Sara,direct
fic,male,0603044,citymun,583,,,false,0603044000,Sara,direct
fic,female,0603044,citymun,558,,,false,0603044000,Sara,direct
cic,total,0603044,citymun,0,177,0.0,false,0603044000,Sara,direct
cic,male,0603044,citymun,0,,,false,0603044000,Sara,direct
cic,female,0603044,citymun,0,,,false,0603044000,Sara,direct
fic,total,0603045,citymun,1224,1250,97.92,false,0603045000,Tigbauan,direct
fic,male,0603045,citymun,667,,,false,0603045000,Tigbauan,direct
fic,female,0603045,citymun,557,,,false,0603045000,Tigbauan,direct
cic,total,0603045,citymun,0,45,0.0,false,0603045000,Tigbauan,direct
cic,male,0603045,citymun,0,,,false,0603045000,Tigbauan,direct
cic,female,0603045,citymun,0,,,false,0603045000,Tigbauan,direct
fic,total,0603046,citymun,215,406,52.95566502463054,false,0603046000,Tubungan,direct
fic,male,0603046,citymun,104,,,false,0603046000,Tubungan,direct
fic,female,0603046,citymun,111,,,false,0603046000,Tubungan,direct
cic,total,0603046,citymun,0,143,0.0,false,0603046000,Tubungan,direct
cic,male,0603046,citymun,0,,,false,0603046000,Tubungan,direct
cic,female,0603046,citymun,0,,,false,0603046000,Tubungan,direct
fic,total,0603047,citymun,374,500,74.8,false,0603047000,Zarraga,direct
fic,male,0603047,citymun,175,,,false,0603047000,Zarraga,direct
fic,female,0603047,citymun,199,,,false,0603047000,Zarraga,direct
cic,total,0603047,citymun,0,142,0.0,false,0603047000,Zarraga,direct
cic,male,0603047,citymun,0,,,false,0603047000,Zarraga,direct
cic,female,0603047,citymun,0,,,false,0603047000,Zarraga,direct
fic,total,06079,province,2469,3663,67.4037674037674,false,0607900000,Guimaras,direct
fic,male,06079,province,1273,,,false,0607900000,Guimaras,direct
fic,female,06079,province,1196,,,false,0607900000,Guimaras,direct
cic,total,06079,province,36,1190,3.0252100840336134,false,0607900000,Guimaras,direct
cic,male,06079,province,17,,,false,0607900000,Guimaras,direct
cic,female,06079,province,19,,,false,0607900000,Guimaras,direct
fic,total,0607901,citymun,568,792,71.71717171717171,false,0607901000,Buenavista,direct
fic,male,0607901,citymun,293,,,false,0607901000,Buenavista,direct
fic,female,0607901,citymun,275,,,false,0607901000,Buenavista,direct
cic,total,0607901,citymun,14,194,7.216494845360824,false,0607901000,Buenavista,direct
cic,male,0607901,citymun,7,,,false,0607901000,Buenavista,direct
cic,female,0607901,citymun,7,,,false,0607901000,Buenavista,direct
fic,total,0607902,citymun,577,860,67.09302325581396,false,0607902000,Jordan,direct
fic,male,0607902,citymun,295,,,false,0607902000,Jordan,direct
fic,female,0607902,citymun,282,,,false,0607902000,Jordan,direct
cic,total,0607902,citymun,6,301,1.9933554817275747,false,0607902000,Jordan,direct
cic,male,0607902,citymun,3,,,false,0607902000,Jordan,direct
cic,female,0607902,citymun,3,,,false,0607902000,Jordan,direct
fic,total,0607903,citymun,642,797,80.55207026348809,false,0607903000,Nueva Valencia,direct
fic,male,0607903,citymun,337,,,false,0607903000,Nueva Valencia,direct
fic,female,0607903,citymun,305,,,false,0607903000,Nueva Valencia,direct
cic,total,0607903,citymun,1,233,0.4291845493562232,false,0607903000,Nueva Valencia,direct
cic,male,0607903,citymun,0,,,false,0607903000,Nueva Valencia,direct
cic,female,0607903,citymun,1,,,false,0607903000,Nueva Valencia,direct
fic,total,0607904,citymun,392,730,53.6986301369863,false,0607904000,San Lorenzo,direct
fic,male,0607904,citymun,205,,,false,0607904000,San Lorenzo,direct
fic,female,0607904,citymun,187,,,false,0607904000,San Lorenzo,direct
cic,total,0607904,citymun,12,309,3.8834951456310676,false,0607904000,San Lorenzo,direct
cic,male,0607904,citymun,6,,,false,0607904000,San Lorenzo,direct
cic,female,0607904,citymun,6,,,false,0607904000,San Lorenzo,direct
fic,total,0607905,citymun,290,484,59.917355371900825,false,0607905000,Sibunag,direct
fic,male,0607905,citymun,143,,,false,0607905000,Sibunag,direct
fic,female,0607905,citymun,147,,,false,0607905000,Sibunag,direct
cic,total,0607905,citymun,3,153,1.9607843137254901,false,0607905000,Sibunag,direct
cic,male,0607905,citymun,1,,,false,0607905000,Sibunag,direct
cic,female,0607905,citymun,2,,,false,0607905000,Sibunag,direct
fic,total,06310,province,6364,9509,66.9260700389105,false,0631000000,City of Iloilo,direct
fic,male,06310,province,3297,,,false,0631000000,City of Iloilo,direct
fic,female,06310,province,3067,,,false,0631000000,City of Iloilo,direct
cic,total,06310,province,81,2711,2.987827369974179,false,0631000000,City of Iloilo,direct
cic,male,06310,province,48,,,false,0631000000,City of Iloilo,direct
cic,female,06310,province,33,,,false,0631000000,City of Iloilo,direct
fic,total,07,region,88166,148019,59.56397489511481,false,0700000000,Region 7,direct
fic,male,07,region,45180,,,false,0700000000,Region 7,direct
fic,female,07,region,42986,,,false,0700000000,Region 7,direct
cic,total,07,region,7491,54456,13.75605993829881,false,0700000000,Region 7,direct
cic,male,07,region,3936,,,false,0700000000,Region 7,direct
cic,female,07,region,3555,,,false,0700000000,Region 7,direct
fic,total,07012,province,14864,28418,52.304877190513054,false,701200000,Bohol,direct
fic,male,07012,province,7681,,,false,701200000,Bohol,direct
fic,female,07012,province,7183,,,false,701200000,Bohol,direct
cic,total,07012,province,1980,13230,14.965986394557824,false,701200000,Bohol,direct
cic,male,07012,province,1035,,,false,701200000,Bohol,direct
cic,female,07012,province,945,,,false,701200000,Bohol,direct
fic,total,0701201,citymun,77,152,50.6578947368421,false,07012010000,Alburquerque,shift_repair
fic,male,0701201,citymun,41,,,false,07012010000,Alburquerque,shift_repair
fic,female,0701201,citymun,36,,,false,07012010000,Alburquerque,shift_repair
cic,total,0701201,citymun,35,71,49.29577464788733,false,07012010000,Alburquerque,shift_repair
cic,male,0701201,citymun,14,,,false,07012010000,Alburquerque,shift_repair
cic,female,0701201,citymun,21,,,false,07012010000,Alburquerque,shift_repair
fic,total,0701202,citymun,250,541,46.21072088724584,false,0701202000,Alicia,direct
fic,male,0701202,citymun,128,,,false,0701202000,Alicia,direct
fic,female,0701202,citymun,122,,,false,0701202000,Alicia,direct
cic,total,0701202,citymun,10,266,3.7593984962406015,false,0701202000,Alicia,direct
cic,male,0701202,citymun,2,,,false,0701202000,Alicia,direct
cic,female,0701202,citymun,8,,,false,0701202000,Alicia,direct
fic,total,0701203,citymun,221,309,71.52103559870551,false,0701203000,Anda,direct
fic,male,0701203,citymun,111,,,false,0701203000,Anda,direct
fic,female,0701203,citymun,110,,,false,0701203000,Anda,direct
cic,total,0701203,citymun,5,85,5.88235294117647,false,0701203000,Anda,direct
cic,male,0701203,citymun,0,,,false,0701203000,Anda,direct
cic,female,0701203,citymun,5,,,false,0701203000,Anda,direct
fic,total,0701204,citymun,125,245,51.02040816326531,false,0701204000,Antequera,direct
fic,male,0701204,citymun,65,,,false,0701204000,Antequera,direct
fic,female,0701204,citymun,60,,,false,0701204000,Antequera,direct
cic,total,0701204,citymun,4,86,4.651162790697675,false,0701204000,Antequera,direct
cic,male,0701204,citymun,3,,,false,0701204000,Antequera,direct
cic,female,0701204,citymun,1,,,false,0701204000,Antequera,direct
fic,total,0701205,citymun,192,416,46.15384615384615,false,0701205000,Baclayon,direct
fic,male,0701205,citymun,92,,,false,0701205000,Baclayon,direct
fic,female,0701205,citymun,100,,,false,0701205000,Baclayon,direct
cic,total,0701205,citymun,17,228,7.456140350877193,false,0701205000,Baclayon,direct
cic,male,0701205,citymun,13,,,false,0701205000,Baclayon,direct
cic,female,0701205,citymun,4,,,false,0701205000,Baclayon,direct
fic,total,0701206,citymun,197,333,59.15915915915916,false,0701206000,Balilihan,direct
fic,male,0701206,citymun,109,,,false,0701206000,Balilihan,direct
fic,female,0701206,citymun,88,,,false,0701206000,Balilihan,direct
cic,total,0701206,citymun,27,149,18.120805369127517,false,0701206000,Balilihan,direct
cic,male,0701206,citymun,14,,,false,0701206000,Balilihan,direct
cic,female,0701206,citymun,13,,,false,0701206000,Balilihan,direct
fic,total,0701207,citymun,149,270,55.18518518518518,false,0701207000,Batuan,direct
fic,male,0701207,citymun,75,,,false,0701207000,Batuan,direct
fic,female,0701207,citymun,74,,,false,0701207000,Batuan,direct
cic,total,0701207,citymun,4,92,4.3478260869565215,false,0701207000,Batuan,direct
cic,male,0701207,citymun,2,,,false,0701207000,Batuan,direct
cic,female,0701207,citymun,2,,,false,0701207000,Batuan,direct
fic,total,0701208,citymun,144,359,40.11142061281337,false,0701208000,Bilar,direct
fic,male,0701208,citymun,65,,,false,0701208000,Bilar,direct
fic,female,0701208,citymun,79,,,false,0701208000,Bilar,direct
cic,total,0701208,citymun,47,185,25.405405405405407,false,0701208000,Bilar,direct
cic,male,0701208,citymun,21,,,false,0701208000,Bilar,direct
cic,female,0701208,citymun,26,,,false,0701208000,Bilar,direct
fic,total,0701209,citymun,408,663,61.53846153846154,false,0701209000,Buenavista,direct
fic,male,0701209,citymun,228,,,false,0701209000,Buenavista,direct
fic,female,0701209,citymun,180,,,false,0701209000,Buenavista,direct
cic,total,0701209,citymun,46,260,17.692307692307693,false,0701209000,Buenavista,direct
cic,male,0701209,citymun,29,,,false,0701209000,Buenavista,direct
cic,female,0701209,citymun,17,,,false,0701209000,Buenavista,direct
fic,total,0701210,citymun,327,642,50.93457943925234,false,0701210000,Calape,direct
fic,male,0701210,citymun,181,,,false,0701210000,Calape,direct
fic,female,0701210,citymun,146,,,false,0701210000,Calape,direct
cic,total,0701210,citymun,36,304,11.842105263157894,false,0701210000,Calape,direct
cic,male,0701210,citymun,17,,,false,0701210000,Calape,direct
cic,female,0701210,citymun,19,,,false,0701210000,Calape,direct
fic,total,0701211,citymun,330,630,52.38095238095239,false,0701211000,Candijay,direct
fic,male,0701211,citymun,162,,,false,0701211000,Candijay,direct
fic,female,0701211,citymun,168,,,false,0701211000,Candijay,direct
cic,total,0701211,citymun,46,293,15.699658703071673,false,0701211000,Candijay,direct
cic,male,0701211,citymun,28,,,false,0701211000,Candijay,direct
cic,female,0701211,citymun,18,,,false,0701211000,Candijay,direct
fic,total,0701212,citymun,526,1121,46.92239072256913,false,0701212000,Carmen,direct
fic,male,0701212,citymun,256,,,false,0701212000,Carmen,direct
fic,female,0701212,citymun,270,,,false,0701212000,Carmen,direct
cic,total,0701212,citymun,83,601,13.810316139767053,false,0701212000,Carmen,direct
cic,male,0701212,citymun,39,,,false,0701212000,Carmen,direct
cic,female,0701212,citymun,44,,,false,0701212000,Carmen,direct
fic,total,0701213,citymun,221,482,45.850622406639005,false,0701213000,Catigbian,direct
fic,male,0701213,citymun,111,,,false,0701213000,Catigbian,direct
fic,female,0701213,citymun,110,,,false,0701213000,Catigbian,direct
cic,total,0701213,citymun,47,267,17.60299625468165,false,0701213000,Catigbian,direct
cic,male,0701213,citymun,27,,,false,0701213000,Catigbian,direct
cic,female,0701213,citymun,20,,,false,0701213000,Catigbian,direct
fic,total,0701214,citymun,184,400,46.0,false,0701214000,Clarin,direct
fic,male,0701214,citymun,98,,,false,0701214000,Clarin,direct
fic,female,0701214,citymun,86,,,false,0701214000,Clarin,direct
cic,total,0701214,citymun,53,196,27.040816326530614,false,0701214000,Clarin,direct
cic,male,0701214,citymun,35,,,false,0701214000,Clarin,direct
cic,female,0701214,citymun,18,,,false,0701214000,Clarin,direct
fic,total,0701215,citymun,85,154,55.1948051948052,false,0701215000,Corella,direct
fic,male,0701215,citymun,41,,,false,0701215000,Corella,direct
fic,female,0701215,citymun,44,,,false,0701215000,Corella,direct
cic,total,0701215,citymun,15,54,27.77777777777778,false,0701215000,Corella,direct
cic,male,0701215,citymun,11,,,false,0701215000,Corella,direct
cic,female,0701215,citymun,4,,,false,0701215000,Corella,direct
fic,total,0701216,citymun,142,317,44.79495268138801,false,0701216000,Cortes,direct
fic,male,0701216,citymun,71,,,false,0701216000,Cortes,direct
fic,female,0701216,citymun,71,,,false,0701216000,Cortes,direct
cic,total,0701216,citymun,41,179,22.905027932960895,false,0701216000,Cortes,direct
cic,male,0701216,citymun,22,,,false,0701216000,Cortes,direct
cic,female,0701216,citymun,19,,,false,0701216000,Cortes,direct
fic,total,0701217,citymun,190,419,45.346062052505964,false,0701217000,Dagohoy,direct
fic,male,0701217,citymun,104,,,false,0701217000,Dagohoy,direct
fic,female,0701217,citymun,86,,,false,0701217000,Dagohoy,direct
cic,total,0701217,citymun,25,193,12.953367875647666,false,0701217000,Dagohoy,direct
cic,male,0701217,citymun,14,,,false,0701217000,Dagohoy,direct
cic,female,0701217,citymun,11,,,false,0701217000,Dagohoy,direct
fic,total,0701218,citymun,273,481,56.75675675675676,false,0701218000,Danao,direct
fic,male,0701218,citymun,141,,,false,0701218000,Danao,direct
fic,female,0701218,citymun,132,,,false,0701218000,Danao,direct
cic,total,0701218,citymun,9,241,3.7344398340248963,false,0701218000,Danao,direct
cic,male,0701218,citymun,8,,,false,0701218000,Danao,direct
cic,female,0701218,citymun,1,,,false,0701218000,Danao,direct
fic,total,0701219,citymun,645,1054,61.195445920303605,false,0701219000,Dauis,direct
fic,male,0701219,citymun,341,,,false,0701219000,Dauis,direct
fic,female,0701219,citymun,304,,,false,0701219000,Dauis,direct
cic,total,0701219,citymun,34,450,7.555555555555555,false,0701219000,Dauis,direct
cic,male,0701219,citymun,23,,,false,0701219000,Dauis,direct
cic,female,0701219,citymun,11,,,false,0701219000,Dauis,direct
fic,total,0701220,citymun,106,254,41.732283464566926,false,0701220000,Dimiao,direct
fic,male,0701220,citymun,52,,,false,0701220000,Dimiao,direct
fic,female,0701220,citymun,54,,,false,0701220000,Dimiao,direct
cic,total,0701220,citymun,0,137,0.0,false,0701220000,Dimiao,direct
cic,male,0701220,citymun,0,,,false,0701220000,Dimiao,direct
cic,female,0701220,citymun,0,,,false,0701220000,Dimiao,direct
fic,total,0701221,citymun,199,323,61.60990712074303,false,0701221000,Duero,direct
fic,male,0701221,citymun,95,,,false,0701221000,Duero,direct
fic,female,0701221,citymun,104,,,false,0701221000,Duero,direct
cic,total,0701221,citymun,35,154,22.727272727272727,false,0701221000,Duero,direct
cic,male,0701221,citymun,15,,,false,0701221000,Duero,direct
cic,female,0701221,citymun,20,,,false,0701221000,Duero,direct
fic,total,0701222,citymun,201,408,49.26470588235294,false,0701222000,Garcia Hernandez,direct
fic,male,0701222,citymun,96,,,false,0701222000,Garcia Hernandez,direct
fic,female,0701222,citymun,105,,,false,0701222000,Garcia Hernandez,direct
cic,total,0701222,citymun,32,206,15.53398058252427,false,0701222000,Garcia Hernandez,direct
cic,male,0701222,citymun,17,,,false,0701222000,Garcia Hernandez,direct
cic,female,0701222,citymun,15,,,false,0701222000,Garcia Hernandez,direct
fic,total,0701223,citymun,374,671,55.73770491803278,false,0701223000,Guindulman,direct
fic,male,0701223,citymun,185,,,false,0701223000,Guindulman,direct
fic,female,0701223,citymun,189,,,false,0701223000,Guindulman,direct
cic,total,0701223,citymun,18,341,5.278592375366569,false,0701223000,Guindulman,direct
cic,male,0701223,citymun,9,,,false,0701223000,Guindulman,direct
cic,female,0701223,citymun,9,,,false,0701223000,Guindulman,direct
fic,total,0701224,citymun,480,990,48.484848484848484,false,0701224000,Inabanga,direct
fic,male,0701224,citymun,257,,,false,0701224000,Inabanga,direct
fic,female,0701224,citymun,223,,,false,0701224000,Inabanga,direct
cic,total,0701224,citymun,45,419,10.739856801909307,false,0701224000,Inabanga,direct
cic,male,0701224,citymun,21,,,false,0701224000,Inabanga,direct
cic,female,0701224,citymun,24,,,false,0701224000,Inabanga,direct
fic,total,0701225,citymun,296,640,46.25,false,0701225000,Jagna,direct
fic,male,0701225,citymun,167,,,false,0701225000,Jagna,direct
fic,female,0701225,citymun,129,,,false,0701225000,Jagna,direct
cic,total,0701225,citymun,52,300,17.333333333333336,false,0701225000,Jagna,direct
cic,male,0701225,citymun,25,,,false,0701225000,Jagna,direct
cic,female,0701225,citymun,27,,,false,0701225000,Jagna,direct
fic,total,0701226,citymun,355,936,37.927350427350426,false,0701226000,Getafe,direct
fic,male,0701226,citymun,187,,,false,0701226000,Getafe,direct
fic,female,0701226,citymun,168,,,false,0701226000,Getafe,direct
cic,total,0701226,citymun,123,578,21.280276816608996,false,0701226000,Getafe,direct
cic,male,0701226,citymun,57,,,false,0701226000,Getafe,direct
cic,female,0701226,citymun,66,,,false,0701226000,Getafe,direct
fic,total,0701227,citymun,77,193,39.89637305699482,false,0701227000,Lila,direct
fic,male,0701227,citymun,41,,,false,0701227000,Lila,direct
fic,female,0701227,citymun,36,,,false,0701227000,Lila,direct
cic,total,0701227,citymun,4,131,3.0534351145038165,false,0701227000,Lila,direct
cic,male,0701227,citymun,3,,,false,0701227000,Lila,direct
cic,female,0701227,citymun,1,,,false,0701227000,Lila,direct
fic,total,0701228,citymun,185,290,63.793103448275865,false,0701228000,Loay,direct
fic,male,0701228,citymun,95,,,false,0701228000,Loay,direct
fic,female,0701228,citymun,90,,,false,0701228000,Loay,direct
cic,total,0701228,citymun,17,132,12.878787878787879,false,0701228000,Loay,direct
cic,male,0701228,citymun,9,,,false,0701228000,Loay,direct
cic,female,0701228,citymun,8,,,false,0701228000,Loay,direct
fic,total,0701229,citymun,181,293,61.774744027303754,false,0701229000,Loboc,direct
fic,male,0701229,citymun,90,,,false,0701229000,Loboc,direct
fic,female,0701229,citymun,91,,,false,0701229000,Loboc,direct
cic,total,0701229,citymun,19,120,15.833333333333332,false,0701229000,Loboc,direct
cic,male,0701229,citymun,10,,,false,0701229000,Loboc,direct
cic,female,0701229,citymun,9,,,false,0701229000,Loboc,direct
fic,total,0701230,citymun,401,730,54.93150684931507,false,0701230000,Loon,direct
fic,male,0701230,citymun,231,,,false,0701230000,Loon,direct
fic,female,0701230,citymun,170,,,false,0701230000,Loon,direct
cic,total,0701230,citymun,22,291,7.560137457044673,false,0701230000,Loon,direct
cic,male,0701230,citymun,13,,,false,0701230000,Loon,direct
cic,female,0701230,citymun,9,,,false,0701230000,Loon,direct
fic,total,0701231,citymun,331,600,55.166666666666664,false,0701231000,Mabini,direct
fic,male,0701231,citymun,199,,,false,0701231000,Mabini,direct
fic,female,0701231,citymun,132,,,false,0701231000,Mabini,direct
cic,total,0701231,citymun,37,275,13.454545454545455,false,0701231000,Mabini,direct
cic,male,0701231,citymun,15,,,false,0701231000,Mabini,direct
cic,female,0701231,citymun,22,,,false,0701231000,Mabini,direct
fic,total,0701232,citymun,203,373,54.42359249329759,false,0701232000,Maribojoc,direct
fic,male,0701232,citymun,108,,,false,0701232000,Maribojoc,direct
fic,female,0701232,citymun,95,,,false,0701232000,Maribojoc,direct
cic,total,0701232,citymun,0,143,0.0,false,0701232000,Maribojoc,direct
cic,male,0701232,citymun,0,,,false,0701232000,Maribojoc,direct
cic,female,0701232,citymun,0,,,false,0701232000,Maribojoc,direct
fic,total,0701233,citymun,496,888,55.85585585585585,false,0701233000,Panglao,direct
fic,male,0701233,citymun,251,,,false,0701233000,Panglao,direct
fic,female,0701233,citymun,245,,,false,0701233000,Panglao,direct
cic,total,0701233,citymun,98,489,20.040899795501023,false,0701233000,Panglao,direct
cic,male,0701233,citymun,50,,,false,0701233000,Panglao,direct
cic,female,0701233,citymun,48,,,false,0701233000,Panglao,direct
fic,total,0701234,citymun,276,599,46.07679465776294,false,0701234000,Pilar,direct
fic,male,0701234,citymun,145,,,false,0701234000,Pilar,direct
fic,female,0701234,citymun,131,,,false,0701234000,Pilar,direct
cic,total,0701234,citymun,64,293,21.843003412969285,false,0701234000,Pilar,direct
cic,male,0701234,citymun,35,,,false,0701234000,Pilar,direct
cic,female,0701234,citymun,29,,,false,0701234000,Pilar,direct
fic,total,0701235,citymun,232,544,42.64705882352941,false,0701235000,President Carlos P. Garcia,direct
fic,male,0701235,citymun,130,,,false,0701235000,President Carlos P. Garcia,direct
fic,female,0701235,citymun,102,,,false,0701235000,President Carlos P. Garcia,direct
cic,total,0701235,citymun,39,271,14.391143911439114,false,0701235000,President Carlos P. Garcia,direct
cic,male,0701235,citymun,30,,,false,0701235000,President Carlos P. Garcia,direct
cic,female,0701235,citymun,9,,,false,0701235000,President Carlos P. Garcia,direct
fic,total,0701236,citymun,231,551,41.92377495462795,false,0701236000,Sagbayan,direct
fic,male,0701236,citymun,120,,,false,0701236000,Sagbayan,direct
fic,female,0701236,citymun,111,,,false,0701236000,Sagbayan,direct
cic,total,0701236,citymun,68,313,21.72523961661342,false,0701236000,Sagbayan,direct
cic,male,0701236,citymun,30,,,false,0701236000,Sagbayan,direct
cic,female,0701236,citymun,38,,,false,0701236000,Sagbayan,direct
fic,total,0701237,citymun,102,182,56.043956043956044,false,0701237000,San Isidro,direct
fic,male,0701237,citymun,52,,,false,0701237000,San Isidro,direct
fic,female,0701237,citymun,50,,,false,0701237000,San Isidro,direct
cic,total,0701237,citymun,7,92,7.608695652173914,false,0701237000,San Isidro,direct
cic,male,0701237,citymun,5,,,false,0701237000,San Isidro,direct
cic,female,0701237,citymun,2,,,false,0701237000,San Isidro,direct
fic,total,0701238,citymun,222,604,36.75496688741722,false,0701238000,San Miguel,direct
fic,male,0701238,citymun,105,,,false,0701238000,San Miguel,direct
fic,female,0701238,citymun,117,,,false,0701238000,San Miguel,direct
cic,total,0701238,citymun,125,336,37.202380952380956,false,0701238000,San Miguel,direct
cic,male,0701238,citymun,65,,,false,0701238000,San Miguel,direct
cic,female,0701238,citymun,60,,,false,0701238000,San Miguel,direct
fic,total,0701239,citymun,106,190,55.78947368421052,false,0701239000,Sevilla,direct
fic,male,0701239,citymun,39,,,false,0701239000,Sevilla,direct
fic,female,0701239,citymun,67,,,false,0701239000,Sevilla,direct
cic,total,0701239,citymun,1,89,1.1235955056179776,false,0701239000,Sevilla,direct
cic,male,0701239,citymun,1,,,false,0701239000,Sevilla,direct
cic,female,0701239,citymun,0,,,false,0701239000,Sevilla,direct
fic,total,0701240,citymun,297,549,54.09836065573771,false,0701240000,Sierra Bullones,direct
fic,male,0701240,citymun,148,,,false,0701240000,Sierra Bullones,direct
fic,female,0701240,citymun,149,,,false,0701240000,Sierra Bullones,direct
cic,total,0701240,citymun,28,253,11.067193675889328,false,0701240000,Sierra Bullones,direct
cic,male,0701240,citymun,13,,,false,0701240000,Sierra Bullones,direct
cic,female,0701240,citymun,15,,,false,0701240000,Sierra Bullones,direct
fic,total,0701241,citymun,61,84,72.61904761904762,false,0701241000,Sikatuna,direct
fic,male,0701241,citymun,40,,,false,0701241000,Sikatuna,direct
fic,female,0701241,citymun,21,,,false,0701241000,Sikatuna,direct
cic,total,0701241,citymun,0,-1,0.0,false,0701241000,Sikatuna,direct
cic,male,0701241,citymun,0,,,false,0701241000,Sikatuna,direct
cic,female,0701241,citymun,0,,,false,0701241000,Sikatuna,direct
fic,total,0701242,citymun,1535,1871,82.04168893639765,false,0701242000,City of Tagbilaran,direct
fic,male,0701242,citymun,754,,,false,0701242000,City of Tagbilaran,direct
fic,female,0701242,citymun,781,,,false,0701242000,City of Tagbilaran,direct
cic,total,0701242,citymun,18,325,5.538461538461538,false,0701242000,City of Tagbilaran,direct
cic,male,0701242,citymun,10,,,false,0701242000,City of Tagbilaran,direct
cic,female,0701242,citymun,8,,,false,0701242000,City of Tagbilaran,direct
fic,total,0701243,citymun,925,1741,53.13038483630098,false,0701243000,Talibon,direct
fic,male,0701243,citymun,493,,,false,0701243000,Talibon,direct
fic,female,0701243,citymun,432,,,false,0701243000,Talibon,direct
cic,total,0701243,citymun,137,735,18.639455782312925,false,0701243000,Talibon,direct
cic,male,0701243,citymun,64,,,false,0701243000,Talibon,direct
cic,female,0701243,citymun,73,,,false,0701243000,Talibon,direct
fic,total,0701244,citymun,383,808,47.400990099009896,false,0701244000,Trinidad,direct
fic,male,0701244,citymun,200,,,false,0701244000,Trinidad,direct
fic,female,0701244,citymun,183,,,false,0701244000,Trinidad,direct
cic,total,0701244,citymun,23,404,5.693069306930694,false,0701244000,Trinidad,direct
cic,male,0701244,citymun,13,,,false,0701244000,Trinidad,direct
cic,female,0701244,citymun,10,,,false,0701244000,Trinidad,direct
fic,total,0701245,citymun,552,909,60.726072607260726,false,0701245000,Tubigon,direct
fic,male,0701245,citymun,261,,,false,0701245000,Tubigon,direct
fic,female,0701245,citymun,291,,,false,0701245000,Tubigon,direct
cic,total,0701245,citymun,10,276,3.6231884057971016,false,0701245000,Tubigon,direct
cic,male,0701245,citymun,5,,,false,0701245000,Tubigon,direct
cic,female,0701245,citymun,5,,,false,0701245000,Tubigon,direct
fic,total,0701246,citymun,860,2162,39.77798334875116,false,0701246000,Ubay,direct
fic,male,0701246,citymun,458,,,false,0701246000,Ubay,direct
fic,female,0701246,citymun,402,,,false,0701246000,Ubay,direct
cic,total,0701246,citymun,315,1423,22.13633169360506,false,0701246000,Ubay,direct
cic,male,0701246,citymun,168,,,false,0701246000,Ubay,direct
cic,female,0701246,citymun,147,,,false,0701246000,Ubay,direct
fic,total,0701247,citymun,199,468,42.52136752136752,false,0701247000,Valencia,direct
fic,male,0701247,citymun,101,,,false,0701247000,Valencia,direct
fic,female,0701247,citymun,98,,,false,0701247000,Valencia,direct
cic,total,0701247,citymun,36,236,15.254237288135593,false,0701247000,Valencia,direct
cic,male,0701247,citymun,18,,,false,0701247000,Valencia,direct
cic,female,0701247,citymun,18,,,false,0701247000,Valencia,direct
fic,total,0701248,citymun,312,579,53.8860103626943,false,0701248000,Bien Unido,direct
fic,male,0701248,citymun,161,,,false,0701248000,Bien Unido,direct
fic,female,0701248,citymun,151,,,false,0701248000,Bien Unido,direct
cic,total,0701248,citymun,23,269,8.550185873605948,false,0701248000,Bien Unido,direct
cic,male,0701248,citymun,12,,,false,0701248000,Bien Unido,direct
cic,female,0701248,citymun,11,,,false,0701248000,Bien Unido,direct
fic,total,07022,province,44674,79137,56.45147023516181,false,0702200000,Cebu,direct
fic,male,07022,province,22910,,,false,0702200000,Cebu,direct
fic,female,07022,province,21764,,,false,0702200000,Cebu,direct
cic,total,07022,province,4318,31740,13.604284814114681,false,0702200000,Cebu,direct
cic,male,07022,province,2267,,,false,0702200000,Cebu,direct
cic,female,07022,province,2051,,,false,0702200000,Cebu,direct
fic,total,0702201,citymun,140,406,34.48275862068966,false,0702201000,Alcantara,direct
fic,male,0702201,citymun,75,,,false,0702201000,Alcantara,direct
fic,female,0702201,citymun,65,,,false,0702201000,Alcantara,direct
cic,total,0702201,citymun,40,230,17.391304347826086,false,0702201000,Alcantara,direct
cic,male,0702201,citymun,18,,,false,0702201000,Alcantara,direct
cic,female,0702201,citymun,22,,,false,0702201000,Alcantara,direct
fic,total,0702202,citymun,208,392,53.06122448979592,false,0702202000,Alcoy,direct
fic,male,0702202,citymun,114,,,false,0702202000,Alcoy,direct
fic,female,0702202,citymun,94,,,false,0702202000,Alcoy,direct
cic,total,0702202,citymun,49,175,28.000000000000004,false,0702202000,Alcoy,direct
cic,male,0702202,citymun,25,,,false,0702202000,Alcoy,direct
cic,female,0702202,citymun,24,,,false,0702202000,Alcoy,direct
fic,total,0702203,citymun,331,584,56.678082191780824,false,0702203000,Alegria,direct
fic,male,0702203,citymun,176,,,false,0702203000,Alegria,direct
fic,female,0702203,citymun,155,,,false,0702203000,Alegria,direct
cic,total,0702203,citymun,1,247,0.4048582995951417,false,0702203000,Alegria,direct
cic,male,0702203,citymun,0,,,false,0702203000,Alegria,direct
cic,female,0702203,citymun,1,,,false,0702203000,Alegria,direct
fic,total,0702204,citymun,438,821,53.349573690621185,false,0702204000,Aloguinsan,direct
fic,male,0702204,citymun,223,,,false,0702204000,Aloguinsan,direct
fic,female,0702204,citymun,215,,,false,0702204000,Aloguinsan,direct
cic,total,0702204,citymun,61,281,21.70818505338078,false,0702204000,Aloguinsan,direct
cic,male,0702204,citymun,31,,,false,0702204000,Aloguinsan,direct
cic,female,0702204,citymun,30,,,false,0702204000,Aloguinsan,direct
fic,total,0702205,citymun,822,1630,50.42944785276073,false,0702205000,Argao,direct
fic,male,0702205,citymun,423,,,false,0702205000,Argao,direct
fic,female,0702205,citymun,399,,,false,0702205000,Argao,direct
cic,total,0702205,citymun,174,765,22.745098039215687,false,0702205000,Argao,direct
cic,male,0702205,citymun,91,,,false,0702205000,Argao,direct
cic,female,0702205,citymun,83,,,false,0702205000,Argao,direct
fic,total,0702206,citymun,704,1325,53.132075471698116,false,0702206000,Asturias,direct
fic,male,0702206,citymun,353,,,false,0702206000,Asturias,direct
fic,female,0702206,citymun,351,,,false,0702206000,Asturias,direct
cic,total,0702206,citymun,46,568,8.098591549295776,false,0702206000,Asturias,direct
cic,male,0702206,citymun,33,,,false,0702206000,Asturias,direct
cic,female,0702206,citymun,13,,,false,0702206000,Asturias,direct
fic,total,0702207,citymun,624,1066,58.536585365853654,false,0702207000,Badian,direct
fic,male,0702207,citymun,305,,,false,0702207000,Badian,direct
fic,female,0702207,citymun,319,,,false,0702207000,Badian,direct
cic,total,0702207,citymun,0,463,0.0,false,0702207000,Badian,direct
cic,male,0702207,citymun,0,,,false,0702207000,Badian,direct
cic,female,0702207,citymun,0,,,false,0702207000,Badian,direct
fic,total,0702208,citymun,1282,2255,56.851441241685144,false,0702208000,Balamban,direct
fic,male,0702208,citymun,651,,,false,0702208000,Balamban,direct
fic,female,0702208,citymun,631,,,false,0702208000,Balamban,direct
cic,total,0702208,citymun,154,1017,15.142576204523106,false,0702208000,Balamban,direct
cic,male,0702208,citymun,87,,,false,0702208000,Balamban,direct
cic,female,0702208,citymun,67,,,false,0702208000,Balamban,direct
fic,total,0702209,citymun,948,1758,53.92491467576792,false,0702209000,Bantayan,direct
fic,male,0702209,citymun,482,,,false,0702209000,Bantayan,direct
fic,female,0702209,citymun,466,,,false,0702209000,Bantayan,direct
cic,total,0702209,citymun,31,690,4.492753623188406,false,0702209000,Bantayan,direct
cic,male,0702209,citymun,16,,,false,0702209000,Bantayan,direct
cic,female,0702209,citymun,15,,,false,0702209000,Bantayan,direct
fic,total,0702210,citymun,991,1908,51.93920335429769,false,0702210000,Barili,direct
fic,male,0702210,citymun,507,,,false,0702210000,Barili,direct
fic,female,0702210,citymun,484,,,false,0702210000,Barili,direct
cic,total,0702210,citymun,178,1072,16.6044776119403,false,0702210000,Barili,direct
cic,male,0702210,citymun,95,,,false,0702210000,Barili,direct
cic,female,0702210,citymun,83,,,false,0702210000,Barili,direct
fic,total,0702211,citymun,1390,2212,62.83905967450272,false,0702211000,City of Bogo,direct
fic,male,0702211,citymun,728,,,false,0702211000,City of Bogo,direct
fic,female,0702211,citymun,662,,,false,0702211000,City of Bogo,direct
cic,total,0702211,citymun,103,907,11.356119073869902,false,0702211000,City of Bogo,direct
cic,male,0702211,citymun,52,,,false,0702211000,City of Bogo,direct
cic,female,0702211,citymun,51,,,false,0702211000,City of Bogo,direct
fic,total,0702212,citymun,192,304,63.1578947368421,false,0702212000,Boljoon,direct
fic,male,0702212,citymun,98,,,false,0702212000,Boljoon,direct
fic,female,0702212,citymun,94,,,false,0702212000,Boljoon,direct
cic,total,0702212,citymun,5,99,5.05050505050505,false,0702212000,Boljoon,direct
cic,male,0702212,citymun,1,,,false,0702212000,Boljoon,direct
cic,female,0702212,citymun,4,,,false,0702212000,Boljoon,direct
fic,total,0702213,citymun,575,938,61.30063965884861,false,0702213000,Borbon,direct
fic,male,0702213,citymun,317,,,false,0702213000,Borbon,direct
fic,female,0702213,citymun,258,,,false,0702213000,Borbon,direct
cic,total,0702213,citymun,2,145,1.3793103448275863,false,0702213000,Borbon,direct
cic,male,0702213,citymun,2,,,false,0702213000,Borbon,direct
cic,female,0702213,citymun,0,,,false,0702213000,Borbon,direct
fic,total,0702214,citymun,1809,3484,51.92307692307693,false,0702214000,City of Carcar,direct
fic,male,0702214,citymun,888,,,false,0702214000,City of Carcar,direct
fic,female,0702214,citymun,921,,,false,0702214000,City of Carcar,direct
cic,total,0702214,citymun,256,1550,16.516129032258064,false,0702214000,City of Carcar,direct
cic,male,0702214,citymun,129,,,false,0702214000,City of Carcar,direct
cic,female,0702214,citymun,127,,,false,0702214000,City of Carcar,direct
fic,total,0702215,citymun,704,1473,47.79361846571623,false,0702215000,Carmen,direct
fic,male,0702215,citymun,394,,,false,0702215000,Carmen,direct
fic,female,0702215,citymun,310,,,false,0702215000,Carmen,direct
cic,total,0702215,citymun,137,577,23.743500866551127,false,0702215000,Carmen,direct
cic,male,0702215,citymun,57,,,false,0702215000,Carmen,direct
cic,female,0702215,citymun,80,,,false,0702215000,Carmen,direct
fic,total,0702216,citymun,423,767,55.14993481095176,false,0702216000,Catmon,direct
fic,male,0702216,citymun,214,,,false,0702216000,Catmon,direct
fic,female,0702216,citymun,209,,,false,0702216000,Catmon,direct
cic,total,0702216,citymun,27,362,7.458563535911603,false,0702216000,Catmon,direct
cic,male,0702216,citymun,14,,,false,0702216000,Catmon,direct
cic,female,0702216,citymun,13,,,false,0702216000,Catmon,direct
fic,total,0702218,citymun,1204,1365,88.2051282051282,false,0702218000,Compostela,direct
fic,male,0702218,citymun,641,,,false,0702218000,Compostela,direct
fic,female,0702218,citymun,563,,,false,0702218000,Compostela,direct
cic,total,0702218,citymun,81,59,137.28813559322032,true,0702218000,Compostela,direct
cic,male,0702218,citymun,43,,,false,0702218000,Compostela,direct
cic,female,0702218,citymun,38,,,false,0702218000,Compostela,direct
fic,total,0702219,citymun,1997,3808,52.4422268907563,false,0702219000,Consolacion,direct
fic,male,0702219,citymun,1039,,,false,0702219000,Consolacion,direct
fic,female,0702219,citymun,958,,,false,0702219000,Consolacion,direct
cic,total,0702219,citymun,287,1938,14.80908152734778,false,0702219000,Consolacion,direct
cic,male,0702219,citymun,146,,,false,0702219000,Consolacion,direct
cic,female,0702219,citymun,141,,,false,0702219000,Consolacion,direct
fic,total,0702220,citymun,1089,1830,59.50819672131148,false,0702220000,Cordova,direct
fic,male,0702220,citymun,555,,,false,0702220000,Cordova,direct
fic,female,0702220,citymun,534,,,false,0702220000,Cordova,direct
cic,total,0702220,citymun,0,606,0.0,false,0702220000,Cordova,direct
cic,male,0702220,citymun,0,,,false,0702220000,Cordova,direct
cic,female,0702220,citymun,0,,,false,0702220000,Cordova,direct
fic,total,0702221,citymun,1430,2076,68.88246628131022,false,0702221000,Daanbantayan,direct
fic,male,0702221,citymun,694,,,false,0702221000,Daanbantayan,direct
fic,female,0702221,citymun,736,,,false,0702221000,Daanbantayan,direct
cic,total,0702221,citymun,32,640,5.0,false,0702221000,Daanbantayan,direct
cic,male,0702221,citymun,12,,,false,0702221000,Daanbantayan,direct
cic,female,0702221,citymun,20,,,false,0702221000,Daanbantayan,direct
fic,total,0702222,citymun,750,1493,50.234427327528465,false,0702222000,Dalaguete,direct
fic,male,0702222,citymun,373,,,false,0702222000,Dalaguete,direct
fic,female,0702222,citymun,377,,,false,0702222000,Dalaguete,direct
cic,total,0702222,citymun,121,701,17.261055634807416,false,0702222000,Dalaguete,direct
cic,male,0702222,citymun,65,,,false,0702222000,Dalaguete,direct
cic,female,0702222,citymun,56,,,false,0702222000,Dalaguete,direct
fic,total,0702223,citymun,2180,4007,54.404791614674316,false,0702223000,Danao City,direct
fic,male,0702223,citymun,1125,,,false,0702223000,Danao City,direct
fic,female,0702223,citymun,1055,,,false,0702223000,Danao City,direct
cic,total,0702223,citymun,182,1536,11.848958333333332,false,0702223000,Danao City,direct
cic,male,0702223,citymun,92,,,false,0702223000,Danao City,direct
cic,female,0702223,citymun,90,,,false,0702223000,Danao City,direct
fic,total,0702224,citymun,650,1364,47.65395894428153,false,0702224000,Dumanjug,direct
fic,male,0702224,citymun,354,,,false,0702224000,Dumanjug,direct
fic,female,0702224,citymun,296,,,false,0702224000,Dumanjug,direct
cic,total,0702224,citymun,143,694,20.605187319884728,false,0702224000,Dumanjug,direct
cic,male,0702224,citymun,75,,,false,0702224000,Dumanjug,direct
cic,female,0702224,citymun,68,,,false,0702224000,Dumanjug,direct
fic,total,0702225,citymun,91,316,28.79746835443038,false,0702225000,Ginatilan,direct
fic,male,0702225,citymun,44,,,false,0702225000,Ginatilan,direct
fic,female,0702225,citymun,47,,,false,0702225000,Ginatilan,direct
cic,total,0702225,citymun,77,213,36.15023474178404,false,0702225000,Ginatilan,direct
cic,male,0702225,citymun,40,,,false,0702225000,Ginatilan,direct
cic,female,0702225,citymun,37,,,false,0702225000,Ginatilan,direct
fic,total,0702227,citymun,1781,3440,51.77325581395349,false,0702227000,Liloan,direct
fic,male,0702227,citymun,897,,,false,0702227000,Liloan,direct
fic,female,0702227,citymun,884,,,false,0702227000,Liloan,direct
cic,total,0702227,citymun,293,1761,16.638273708120384,false,0702227000,Liloan,direct
cic,male,0702227,citymun,173,,,false,0702227000,Liloan,direct
cic,female,0702227,citymun,120,,,false,0702227000,Liloan,direct
fic,total,0702228,citymun,441,874,50.45766590389016,false,0702228000,Madridejos,direct
fic,male,0702228,citymun,219,,,false,0702228000,Madridejos,direct
fic,female,0702228,citymun,222,,,false,0702228000,Madridejos,direct
cic,total,0702228,citymun,103,422,24.407582938388625,false,0702228000,Madridejos,direct
cic,male,0702228,citymun,58,,,false,0702228000,Madridejos,direct
cic,female,0702228,citymun,45,,,false,0702228000,Madridejos,direct
fic,total,0702229,citymun,284,381,74.54068241469817,false,0702229000,Malabuyoc,direct
fic,male,0702229,citymun,160,,,false,0702229000,Malabuyoc,direct
fic,female,0702229,citymun,124,,,false,0702229000,Malabuyoc,direct
cic,total,0702229,citymun,14,117,11.965811965811966,false,0702229000,Malabuyoc,direct
cic,male,0702229,citymun,6,,,false,0702229000,Malabuyoc,direct
cic,female,0702229,citymun,8,,,false,0702229000,Malabuyoc,direct
fic,total,0702231,citymun,895,1504,59.50797872340425,false,0702231000,Medellin,direct
fic,male,0702231,citymun,473,,,false,0702231000,Medellin,direct
fic,female,0702231,citymun,422,,,false,0702231000,Medellin,direct
cic,total,0702231,citymun,10,631,1.5847860538827259,false,0702231000,Medellin,direct
cic,male,0702231,citymun,6,,,false,0702231000,Medellin,direct
cic,female,0702231,citymun,4,,,false,0702231000,Medellin,direct
fic,total,0702232,citymun,3132,3335,93.91304347826087,false,0702232000,Minglanilla,direct
fic,male,0702232,citymun,1559,,,false,0702232000,Minglanilla,direct
fic,female,0702232,citymun,1573,,,false,0702232000,Minglanilla,direct
cic,total,0702232,citymun,4,291,1.3745704467353952,false,0702232000,Minglanilla,direct
cic,male,0702232,citymun,3,,,false,0702232000,Minglanilla,direct
cic,female,0702232,citymun,1,,,false,0702232000,Minglanilla,direct
fic,total,0702233,citymun,372,889,41.84476940382452,false,0702233000,Moalboal,direct
fic,male,0702233,citymun,191,,,false,0702233000,Moalboal,direct
fic,female,0702233,citymun,181,,,false,0702233000,Moalboal,direct
cic,total,0702233,citymun,53,486,10.905349794238683,false,0702233000,Moalboal,direct
cic,male,0702233,citymun,26,,,false,0702233000,Moalboal,direct
cic,female,0702233,citymun,27,,,false,0702233000,Moalboal,direct
fic,total,0702234,citymun,1975,3532,55.91732729331823,false,0702234000,City of Naga,direct
fic,male,0702234,citymun,1017,,,false,0702234000,City of Naga,direct
fic,female,0702234,citymun,958,,,false,0702234000,City of Naga,direct
cic,total,0702234,citymun,224,1674,13.381123058542412,false,0702234000,City of Naga,direct
cic,male,0702234,citymun,130,,,false,0702234000,City of Naga,direct
cic,female,0702234,citymun,94,,,false,0702234000,City of Naga,direct
fic,total,0702235,citymun,308,637,48.35164835164835,false,0702235000,Oslob,direct
fic,male,0702235,citymun,153,,,false,0702235000,Oslob,direct
fic,female,0702235,citymun,155,,,false,0702235000,Oslob,direct
cic,total,0702235,citymun,13,329,3.951367781155015,false,0702235000,Oslob,direct
cic,male,0702235,citymun,11,,,false,0702235000,Oslob,direct
cic,female,0702235,citymun,2,,,false,0702235000,Oslob,direct
fic,total,0702236,citymun,83,198,41.91919191919192,false,0702236000,Pilar,direct
fic,male,0702236,citymun,49,,,false,0702236000,Pilar,direct
fic,female,0702236,citymun,34,,,false,0702236000,Pilar,direct
cic,total,0702236,citymun,31,111,27.927927927927925,false,0702236000,Pilar,direct
cic,male,0702236,citymun,15,,,false,0702236000,Pilar,direct
cic,female,0702236,citymun,16,,,false,0702236000,Pilar,direct
fic,total,0702237,citymun,1129,1832,61.62663755458515,false,0702237000,Pinamungajan,direct
fic,male,0702237,citymun,583,,,false,0702237000,Pinamungajan,direct
fic,female,0702237,citymun,546,,,false,0702237000,Pinamungajan,direct
cic,total,0702237,citymun,53,647,8.191653786707882,false,0702237000,Pinamungajan,direct
cic,male,0702237,citymun,24,,,false,0702237000,Pinamungajan,direct
cic,female,0702237,citymun,29,,,false,0702237000,Pinamungajan,direct
fic,total,0702238,citymun,295,501,58.88223552894212,false,0702238000,Poro,direct
fic,male,0702238,citymun,158,,,false,0702238000,Poro,direct
fic,female,0702238,citymun,137,,,false,0702238000,Poro,direct
cic,total,0702238,citymun,21,178,11.797752808988763,false,0702238000,Poro,direct
cic,male,0702238,citymun,12,,,false,0702238000,Poro,direct
cic,female,0702238,citymun,9,,,false,0702238000,Poro,direct
fic,total,0702239,citymun,236,403,58.56079404466501,false,0702239000,Ronda,direct
fic,male,0702239,citymun,126,,,false,0702239000,Ronda,direct
fic,female,0702239,citymun,110,,,false,0702239000,Ronda,direct
cic,total,0702239,citymun,22,199,11.055276381909549,false,0702239000,Ronda,direct
cic,male,0702239,citymun,11,,,false,0702239000,Ronda,direct
cic,female,0702239,citymun,11,,,false,0702239000,Ronda,direct
fic,total,0702240,citymun,180,415,43.373493975903614,false,0702240000,Samboan,direct
fic,male,0702240,citymun,91,,,false,0702240000,Samboan,direct
fic,female,0702240,citymun,89,,,false,0702240000,Samboan,direct
cic,total,0702240,citymun,55,260,21.153846153846153,false,0702240000,Samboan,direct
cic,male,0702240,citymun,38,,,false,0702240000,Samboan,direct
cic,female,0702240,citymun,17,,,false,0702240000,Samboan,direct
fic,total,0702241,citymun,948,1812,52.317880794701985,false,0702241000,San Fernando,direct
fic,male,0702241,citymun,476,,,false,0702241000,San Fernando,direct
fic,female,0702241,citymun,472,,,false,0702241000,San Fernando,direct
cic,total,0702241,citymun,139,822,16.909975669099754,false,0702241000,San Fernando,direct
cic,male,0702241,citymun,68,,,false,0702241000,San Fernando,direct
cic,female,0702241,citymun,71,,,false,0702241000,San Fernando,direct
fic,total,0702242,citymun,704,1557,45.21515735388568,false,0702242000,San Francisco,direct
fic,male,0702242,citymun,352,,,false,0702242000,San Francisco,direct
fic,female,0702242,citymun,352,,,false,0702242000,San Francisco,direct
cic,total,0702242,citymun,166,924,17.965367965367964,false,0702242000,San Francisco,direct
cic,male,0702242,citymun,84,,,false,0702242000,San Francisco,direct
cic,female,0702242,citymun,82,,,false,0702242000,San Francisco,direct
fic,total,0702243,citymun,1037,1400,74.07142857142858,false,0702243000,San Remigio,direct
fic,male,0702243,citymun,556,,,false,0702243000,San Remigio,direct
fic,female,0702243,citymun,481,,,false,0702243000,San Remigio,direct
cic,total,0702243,citymun,6,342,1.7543859649122806,false,0702243000,San Remigio,direct
cic,male,0702243,citymun,4,,,false,0702243000,San Remigio,direct
cic,female,0702243,citymun,2,,,false,0702243000,San Remigio,direct
fic,total,0702244,citymun,430,830,51.80722891566265,false,0702244000,Santa Fe,direct
fic,male,0702244,citymun,231,,,false,0702244000,Santa Fe,direct
fic,female,0702244,citymun,199,,,false,0702244000,Santa Fe,direct
cic,total,0702244,citymun,66,376,17.5531914893617,false,0702244000,Santa Fe,direct
cic,male,0702244,citymun,34,,,false,0702244000,Santa Fe,direct
cic,female,0702244,citymun,32,,,false,0702244000,Santa Fe,direct
fic,total,0702245,citymun,213,427,49.88290398126464,false,0702245000,Santander,direct
fic,male,0702245,citymun,119,,,false,0702245000,Santander,direct
fic,female,0702245,citymun,94,,,false,0702245000,Santander,direct
cic,total,0702245,citymun,16,212,7.547169811320755,false,0702245000,Santander,direct
cic,male,0702245,citymun,5,,,false,0702245000,Santander,direct
cic,female,0702245,citymun,11,,,false,0702245000,Santander,direct
fic,total,0702246,citymun,818,1226,66.721044045677,false,0702246000,Sibonga,direct
fic,male,0702246,citymun,428,,,false,0702246000,Sibonga,direct
fic,female,0702246,citymun,390,,,false,0702246000,Sibonga,direct
cic,total,0702246,citymun,21,368,5.706521739130435,false,0702246000,Sibonga,direct
cic,male,0702246,citymun,10,,,false,0702246000,Sibonga,direct
cic,female,0702246,citymun,11,,,false,0702246000,Sibonga,direct
fic,total,0702247,citymun,528,959,55.05735140771637,false,0702247000,Sogod,direct
fic,male,0702247,citymun,287,,,false,0702247000,Sogod,direct
fic,female,0702247,citymun,241,,,false,0702247000,Sogod,direct
cic,total,0702247,citymun,3,429,0.6993006993006993,false,0702247000,Sogod,direct
cic,male,0702247,citymun,1,,,false,0702247000,Sogod,direct
cic,female,0702247,citymun,2,,,false,0702247000,Sogod,direct
fic,total,0702248,citymun,392,1070,36.63551401869159,false,0702248000,Tabogon,direct
fic,male,0702248,citymun,193,,,false,0702248000,Tabogon,direct
fic,female,0702248,citymun,199,,,false,0702248000,Tabogon,direct
cic,total,0702248,citymun,100,593,16.863406408094438,false,0702248000,Tabogon,direct
cic,male,0702248,citymun,58,,,false,0702248000,Tabogon,direct
cic,female,0702248,citymun,42,,,false,0702248000,Tabogon,direct
fic,total,0702249,citymun,512,684,74.85380116959064,false,0702249000,Tabuelan,direct
fic,male,0702249,citymun,247,,,false,0702249000,Tabuelan,direct
fic,female,0702249,citymun,265,,,false,0702249000,Tabuelan,direct
cic,total,0702249,citymun,24,203,11.822660098522167,false,0702249000,Tabuelan,direct
cic,male,0702249,citymun,11,,,false,0702249000,Tabuelan,direct
cic,female,0702249,citymun,13,,,false,0702249000,Tabuelan,direct
fic,total,0702250,citymun,3766,6041,62.34067207415991,false,0702250000,City of Talisay,direct
fic,male,0702250,citymun,1883,,,false,0702250000,City of Talisay,direct
fic,female,0702250,citymun,1883,,,false,0702250000,City of Talisay,direct
cic,total,0702250,citymun,348,1009,34.489593657086225,false,0702250000,City of Talisay,direct
cic,male,0702250,citymun,173,,,false,0702250000,City of Talisay,direct
cic,female,0702250,citymun,175,,,false,0702250000,City of Talisay,direct
fic,total,0702251,citymun,2393,5834,41.01816935207405,false,0702251000,City of Toledo,direct
fic,male,0702251,citymun,1260,,,false,0702251000,City of Toledo,direct
fic,female,0702251,citymun,1133,,,false,0702251000,City of Toledo,direct
cic,total,0702251,citymun,251,3071,8.173233474438293,false,0702251000,City of Toledo,direct
cic,male,0702251,citymun,127,,,false,0702251000,City of Toledo,direct
cic,female,0702251,citymun,124,,,false,0702251000,City of Toledo,direct
fic,total,0702252,citymun,772,1539,50.162443144899285,false,0702252000,Tuburan,direct
fic,male,0702252,citymun,389,,,false,0702252000,Tuburan,direct
fic,female,0702252,citymun,383,,,false,0702252000,Tuburan,direct
cic,total,0702252,citymun,70,596,11.74496644295302,false,0702252000,Tuburan,direct
cic,male,0702252,citymun,39,,,false,0702252000,Tuburan,direct
cic,female,0702252,citymun,31,,,false,0702252000,Tuburan,direct
fic,total,0702253,citymun,78,235,33.191489361702125,false,0702253000,Tudela,direct
fic,male,0702253,citymun,40,,,false,0702253000,Tudela,direct
fic,female,0702253,citymun,38,,,false,0702253000,Tudela,direct
cic,total,0702253,citymun,25,154,16.233766233766232,false,0702253000,Tudela,direct
cic,male,0702253,citymun,16,,,false,0702253000,Tudela,direct
cic,female,0702253,citymun,9,,,false,0702253000,Tudela,direct
fic,total,07306,province,12062,21163,56.995700042527055,false,0730600000,City of Cebu,direct
fic,male,07306,province,6210,,,false,0730600000,City of Cebu,direct
fic,female,07306,province,5852,,,false,0730600000,City of Cebu,direct
cic,total,07306,province,897,7386,12.144597887896019,false,0730600000,City of Cebu,direct
cic,male,07306,province,469,,,false,0730600000,City of Cebu,direct
cic,female,07306,province,428,,,false,0730600000,City of Cebu,direct
fic,total,07311,province,10275,11745,87.48403575989782,false,0731100000,City of Lapu-Lapu,direct
fic,male,07311,province,5144,,,false,0731100000,City of Lapu-Lapu,direct
fic,female,07311,province,5131,,,false,0731100000,City of Lapu-Lapu,direct
cic,total,07311,province,144,1599,9.00562851782364,false,0731100000,City of Lapu-Lapu,direct
cic,male,07311,province,79,,,false,0731100000,City of Lapu-Lapu,direct
cic,female,07311,province,65,,,false,0731100000,City of Lapu-Lapu,direct
fic,total,07313,province,6291,7556,83.25833774483854,false,0731300000,City of Mandaue,direct
fic,male,07313,province,3235,,,false,0731300000,City of Mandaue,direct
fic,female,07313,province,3056,,,false,0731300000,City of Mandaue,direct
cic,total,07313,province,152,501,30.33932135728543,false,0731300000,City of Mandaue,direct
cic,male,07313,province,86,,,false,0731300000,City of Mandaue,direct
cic,female,07313,province,66,,,false,0731300000,City of Mandaue,direct
fic,total,08,region,50981,101678,50.139656562874954,false,0800000000,Region 8,direct
fic,male,08,region,26339,,,false,0800000000,Region 8,direct
fic,female,08,region,24642,,,false,0800000000,Region 8,direct
cic,total,08,region,10902,53013,20.56476713259012,false,0800000000,Region 8,direct
cic,male,08,region,5719,,,false,0800000000,Region 8,direct
cic,female,08,region,5183,,,false,0800000000,Region 8,direct
fic,total,08026,province,5145,10364,49.64299498263219,false,0802600000,Eastern Samar,direct
fic,male,08026,province,2716,,,false,0802600000,Eastern Samar,direct
fic,female,08026,province,2429,,,false,0802600000,Eastern Samar,direct
cic,total,08026,province,1375,5096,26.981946624803765,false,0802600000,Eastern Samar,direct
cic,male,08026,province,727,,,false,0802600000,Eastern Samar,direct
cic,female,08026,province,648,,,false,0802600000,Eastern Samar,direct
fic,total,0802601,citymun,209,334,62.5748502994012,false,0802601000,Arteche,direct
fic,male,0802601,citymun,119,,,false,0802601000,Arteche,direct
fic,female,0802601,citymun,90,,,false,0802601000,Arteche,direct
cic,total,0802601,citymun,75,142,52.816901408450704,false,0802601000,Arteche,direct
cic,male,0802601,citymun,38,,,false,0802601000,Arteche,direct
cic,female,0802601,citymun,37,,,false,0802601000,Arteche,direct
fic,total,0802602,citymun,172,312,55.12820512820513,false,0802602000,Balangiga,direct
fic,male,0802602,citymun,94,,,false,0802602000,Balangiga,direct
fic,female,0802602,citymun,78,,,false,0802602000,Balangiga,direct
cic,total,0802602,citymun,35,101,34.65346534653465,false,0802602000,Balangiga,direct
cic,male,0802602,citymun,18,,,false,0802602000,Balangiga,direct
cic,female,0802602,citymun,17,,,false,0802602000,Balangiga,direct
fic,total,0802603,citymun,113,214,52.80373831775701,false,0802603000,Balangkayan,direct
fic,male,0802603,citymun,59,,,false,0802603000,Balangkayan,direct
fic,female,0802603,citymun,54,,,false,0802603000,Balangkayan,direct
cic,total,0802603,citymun,40,98,40.816326530612244,false,0802603000,Balangkayan,direct
cic,male,0802603,citymun,20,,,false,0802603000,Balangkayan,direct
cic,female,0802603,citymun,20,,,false,0802603000,Balangkayan,direct
fic,total,0802604,citymun,758,1508,50.265251989389924,false,0802604000,City of Borongan,direct
fic,male,0802604,citymun,370,,,false,0802604000,City of Borongan,direct
fic,female,0802604,citymun,388,,,false,0802604000,City of Borongan,direct
cic,total,0802604,citymun,174,586,29.692832764505116,false,0802604000,City of Borongan,direct
cic,male,0802604,citymun,92,,,false,0802604000,City of Borongan,direct
cic,female,0802604,citymun,82,,,false,0802604000,City of Borongan,direct
fic,total,0802605,citymun,293,563,52.04262877442274,false,0802605000,Can-Avid,direct
fic,male,0802605,citymun,138,,,false,0802605000,Can-Avid,direct
fic,female,0802605,citymun,155,,,false,0802605000,Can-Avid,direct
cic,total,0802605,citymun,68,262,25.954198473282442,false,0802605000,Can-Avid,direct
cic,male,0802605,citymun,25,,,false,0802605000,Can-Avid,direct
cic,female,0802605,citymun,43,,,false,0802605000,Can-Avid,direct
fic,total,0802606,citymun,407,1203,33.83208645054032,false,0802606000,Dolores,direct
fic,male,0802606,citymun,212,,,false,0802606000,Dolores,direct
fic,female,0802606,citymun,195,,,false,0802606000,Dolores,direct
cic,total,0802606,citymun,201,709,28.34978843441467,false,0802606000,Dolores,direct
cic,male,0802606,citymun,108,,,false,0802606000,Dolores,direct
cic,female,0802606,citymun,93,,,false,0802606000,Dolores,direct
fic,total,0802607,citymun,162,326,49.693251533742334,false,0802607000,General Macarthur,direct
fic,male,0802607,citymun,90,,,false,0802607000,General Macarthur,direct
fic,female,0802607,citymun,72,,,false,0802607000,General Macarthur,direct
cic,total,0802607,citymun,56,158,35.44303797468354,false,0802607000,General Macarthur,direct
cic,male,0802607,citymun,26,,,false,0802607000,General Macarthur,direct
cic,female,0802607,citymun,30,,,false,0802607000,General Macarthur,direct
fic,total,0802608,citymun,140,278,50.35971223021583,false,0802608000,Giporlos,direct
fic,male,0802608,citymun,77,,,false,0802608000,Giporlos,direct
fic,female,0802608,citymun,63,,,false,0802608000,Giporlos,direct
cic,total,0802608,citymun,40,165,24.242424242424242,false,0802608000,Giporlos,direct
cic,male,0802608,citymun,21,,,false,0802608000,Giporlos,direct
cic,female,0802608,citymun,19,,,false,0802608000,Giporlos,direct
fic,total,0802609,citymun,526,1142,46.05954465849387,false,0802609000,Guiuan,direct
fic,male,0802609,citymun,277,,,false,0802609000,Guiuan,direct
fic,female,0802609,citymun,249,,,false,0802609000,Guiuan,direct
cic,total,0802609,citymun,147,551,26.678765880217785,false,0802609000,Guiuan,direct
cic,male,0802609,citymun,78,,,false,0802609000,Guiuan,direct
cic,female,0802609,citymun,69,,,false,0802609000,Guiuan,direct
fic,total,0802610,citymun,103,132,78.03030303030303,false,0802610000,Hernani,direct
fic,male,0802610,citymun,48,,,false,0802610000,Hernani,direct
fic,female,0802610,citymun,55,,,false,0802610000,Hernani,direct
cic,total,0802610,citymun,5,38,13.157894736842104,false,0802610000,Hernani,direct
cic,male,0802610,citymun,4,,,false,0802610000,Hernani,direct
cic,female,0802610,citymun,1,,,false,0802610000,Hernani,direct
fic,total,0802611,citymun,92,201,45.77114427860697,false,0802611000,Jipapad,direct
fic,male,0802611,citymun,45,,,false,0802611000,Jipapad,direct
fic,female,0802611,citymun,47,,,false,0802611000,Jipapad,direct
cic,total,0802611,citymun,69,118,58.47457627118644,false,0802611000,Jipapad,direct
cic,male,0802611,citymun,44,,,false,0802611000,Jipapad,direct
cic,female,0802611,citymun,25,,,false,0802611000,Jipapad,direct
fic,total,0802612,citymun,169,276,61.23188405797102,false,0802612000,Lawaan,direct
fic,male,0802612,citymun,89,,,false,0802612000,Lawaan,direct
fic,female,0802612,citymun,80,,,false,0802612000,Lawaan,direct
cic,total,0802612,citymun,0,86,0.0,false,0802612000,Lawaan,direct
cic,male,0802612,citymun,0,,,false,0802612000,Lawaan,direct
cic,female,0802612,citymun,0,,,false,0802612000,Lawaan,direct
fic,total,0802613,citymun,188,397,47.3551637279597,false,0802613000,Llorente,direct
fic,male,0802613,citymun,96,,,false,0802613000,Llorente,direct
fic,female,0802613,citymun,92,,,false,0802613000,Llorente,direct
cic,total,0802613,citymun,11,231,4.761904761904762,false,0802613000,Llorente,direct
cic,male,0802613,citymun,4,,,false,0802613000,Llorente,direct
cic,female,0802613,citymun,7,,,false,0802613000,Llorente,direct
fic,total,0802614,citymun,89,159,55.9748427672956,false,0802614000,Maslog,direct
fic,male,0802614,citymun,54,,,false,0802614000,Maslog,direct
fic,female,0802614,citymun,35,,,false,0802614000,Maslog,direct
cic,total,0802614,citymun,5,80,6.25,false,0802614000,Maslog,direct
cic,male,0802614,citymun,4,,,false,0802614000,Maslog,direct
cic,female,0802614,citymun,1,,,false,0802614000,Maslog,direct
fic,total,0802615,citymun,220,377,58.355437665782496,false,0802615000,Maydolong,direct
fic,male,0802615,citymun,124,,,false,0802615000,Maydolong,direct
fic,female,0802615,citymun,96,,,false,0802615000,Maydolong,direct
cic,total,0802615,citymun,77,260,29.615384615384617,false,0802615000,Maydolong,direct
cic,male,0802615,citymun,39,,,false,0802615000,Maydolong,direct
cic,female,0802615,citymun,38,,,false,0802615000,Maydolong,direct
fic,total,0802616,citymun,48,104,46.15384615384615,false,0802616000,Mercedes,direct
fic,male,0802616,citymun,24,,,false,0802616000,Mercedes,direct
fic,female,0802616,citymun,24,,,false,0802616000,Mercedes,direct
cic,total,0802616,citymun,19,41,46.34146341463415,false,0802616000,Mercedes,direct
cic,male,0802616,citymun,13,,,false,0802616000,Mercedes,direct
cic,female,0802616,citymun,6,,,false,0802616000,Mercedes,direct
fic,total,0802617,citymun,355,811,43.77311960542541,false,0802617000,Oras,direct
fic,male,0802617,citymun,198,,,false,0802617000,Oras,direct
fic,female,0802617,citymun,157,,,false,0802617000,Oras,direct
cic,total,0802617,citymun,158,465,33.97849462365591,false,0802617000,Oras,direct
cic,male,0802617,citymun,86,,,false,0802617000,Oras,direct
cic,female,0802617,citymun,72,,,false,0802617000,Oras,direct
fic,total,0802618,citymun,184,271,67.89667896678966,false,0802618000,Quinapondan,direct
fic,male,0802618,citymun,100,,,false,0802618000,Quinapondan,direct
fic,female,0802618,citymun,84,,,false,0802618000,Quinapondan,direct
cic,total,0802618,citymun,14,112,12.5,false,0802618000,Quinapondan,direct
cic,male,0802618,citymun,8,,,false,0802618000,Quinapondan,direct
cic,female,0802618,citymun,6,,,false,0802618000,Quinapondan,direct
fic,total,0802619,citymun,252,403,62.531017369727046,false,0802619000,Salcedo,direct
fic,male,0802619,citymun,138,,,false,0802619000,Salcedo,direct
fic,female,0802619,citymun,114,,,false,0802619000,Salcedo,direct
cic,total,0802619,citymun,7,221,3.167420814479638,false,0802619000,Salcedo,direct
cic,male,0802619,citymun,4,,,false,0802619000,Salcedo,direct
cic,female,0802619,citymun,3,,,false,0802619000,Salcedo,direct
fic,total,0802620,citymun,141,278,50.719424460431654,false,0802620000,San Julian,direct
fic,male,0802620,citymun,80,,,false,0802620000,San Julian,direct
fic,female,0802620,citymun,61,,,false,0802620000,San Julian,direct
cic,total,0802620,citymun,49,156,31.41025641025641,false,0802620000,San Julian,direct
cic,male,0802620,citymun,28,,,false,0802620000,San Julian,direct
cic,female,0802620,citymun,21,,,false,0802620000,San Julian,direct
fic,total,0802621,citymun,177,350,50.57142857142857,false,0802621000,San Policarpo,direct
fic,male,0802621,citymun,88,,,false,0802621000,San Policarpo,direct
fic,female,0802621,citymun,89,,,false,0802621000,San Policarpo,direct
cic,total,0802621,citymun,47,188,25.0,false,0802621000,San Policarpo,direct
cic,male,0802621,citymun,26,,,false,0802621000,San Policarpo,direct
cic,female,0802621,citymun,21,,,false,0802621000,San Policarpo,direct
fic,total,0802622,citymun,145,298,48.65771812080537,false,0802622000,Sulat,direct
fic,male,0802622,citymun,85,,,false,0802622000,Sulat,direct
fic,female,0802622,citymun,60,,,false,0802622000,Sulat,direct
cic,total,0802622,citymun,16,116,13.793103448275861,false,0802622000,Sulat,direct
cic,male,0802622,citymun,11,,,false,0802622000,Sulat,direct
cic,female,0802622,citymun,5,,,false,0802622000,Sulat,direct
fic,total,0802623,citymun,202,427,47.306791569086656,false,0802623000,Taft,direct
fic,male,0802623,citymun,111,,,false,0802623000,Taft,direct
fic,female,0802623,citymun,91,,,false,0802623000,Taft,direct
cic,total,0802623,citymun,62,212,29.245283018867923,false,0802623000,Taft,direct
cic,male,0802623,citymun,30,,,false,0802623000,Taft,direct
cic,female,0802623,citymun,32,,,false,0802623000,Taft,direct
fic,total,08037,province,15958,34367,46.43407920388745,false,0803700000,Leyte,direct
fic,male,08037,province,8174,,,false,0803700000,Leyte,direct
fic,female,08037,province,7784,,,false,0803700000,Leyte,direct
cic,total,08037,province,4068,18158,22.403348386386167,false,0803700000,Leyte,direct
cic,male,08037,province,2165,,,false,0803700000,Leyte,direct
cic,female,08037,province,1903,,,false,0803700000,Leyte,direct
fic,total,0803701,citymun,530,1278,41.47104851330204,false,0803701000,Abuyog,direct
fic,male,0803701,citymun,266,,,false,0803701000,Abuyog,direct
fic,female,0803701,citymun,264,,,false,0803701000,Abuyog,direct
cic,total,0803701,citymun,108,751,14.380825565912117,false,0803701000,Abuyog,direct
cic,male,0803701,citymun,56,,,false,0803701000,Abuyog,direct
cic,female,0803701,citymun,52,,,false,0803701000,Abuyog,direct
fic,total,0803702,citymun,696,1303,53.41519570222564,false,0803702000,Alangalang,direct
fic,male,0803702,citymun,332,,,false,0803702000,Alangalang,direct
fic,female,0803702,citymun,364,,,false,0803702000,Alangalang,direct
cic,total,0803702,citymun,210,502,41.832669322709165,false,0803702000,Alangalang,direct
cic,male,0803702,citymun,112,,,false,0803702000,Alangalang,direct
cic,female,0803702,citymun,98,,,false,0803702000,Alangalang,direct
fic,total,0803703,citymun,452,1179,38.33757421543681,false,0803703000,Albuera,direct
fic,male,0803703,citymun,229,,,false,0803703000,Albuera,direct
fic,female,0803703,citymun,223,,,false,0803703000,Albuera,direct
cic,total,0803703,citymun,405,586,69.11262798634812,false,0803703000,Albuera,direct
cic,male,0803703,citymun,195,,,false,0803703000,Albuera,direct
cic,female,0803703,citymun,210,,,false,0803703000,Albuera,direct
fic,total,0803705,citymun,348,644,54.037267080745345,false,0803705000,Babatngon,direct
fic,male,0803705,citymun,184,,,false,0803705000,Babatngon,direct
fic,female,0803705,citymun,164,,,false,0803705000,Babatngon,direct
cic,total,0803705,citymun,81,379,21.372031662269126,false,0803705000,Babatngon,direct
cic,male,0803705,citymun,46,,,false,0803705000,Babatngon,direct
cic,female,0803705,citymun,35,,,false,0803705000,Babatngon,direct
fic,total,0803706,citymun,428,724,59.11602209944752,false,0803706000,Barugo,direct
fic,male,0803706,citymun,219,,,false,0803706000,Barugo,direct
fic,female,0803706,citymun,209,,,false,0803706000,Barugo,direct
cic,total,0803706,citymun,70,280,25.0,false,0803706000,Barugo,direct
cic,male,0803706,citymun,39,,,false,0803706000,Barugo,direct
cic,female,0803706,citymun,31,,,false,0803706000,Barugo,direct
fic,total,0803707,citymun,406,926,43.84449244060475,false,0803707000,Bato,direct
fic,male,0803707,citymun,210,,,false,0803707000,Bato,direct
fic,female,0803707,citymun,196,,,false,0803707000,Bato,direct
cic,total,0803707,citymun,131,668,19.610778443113773,false,0803707000,Bato,direct
cic,male,0803707,citymun,66,,,false,0803707000,Bato,direct
cic,female,0803707,citymun,65,,,false,0803707000,Bato,direct
fic,total,0803708,citymun,1277,2223,57.44489428699955,false,0803708000,City of Baybay,direct
fic,male,0803708,citymun,642,,,false,0803708000,City of Baybay,direct
fic,female,0803708,citymun,635,,,false,0803708000,City of Baybay,direct
cic,total,0803708,citymun,138,927,14.886731391585762,false,0803708000,City of Baybay,direct
cic,male,0803708,citymun,78,,,false,0803708000,City of Baybay,direct
cic,female,0803708,citymun,60,,,false,0803708000,City of Baybay,direct
fic,total,0803710,citymun,641,1223,52.41210139002453,false,0803710000,Burauen,direct
fic,male,0803710,citymun,335,,,false,0803710000,Burauen,direct
fic,female,0803710,citymun,306,,,false,0803710000,Burauen,direct
cic,total,0803710,citymun,194,604,32.11920529801324,false,0803710000,Burauen,direct
cic,male,0803710,citymun,91,,,false,0803710000,Burauen,direct
cic,female,0803710,citymun,103,,,false,0803710000,Burauen,direct
fic,total,0803713,citymun,270,557,48.473967684021545,false,0803713000,Calubian,direct
fic,male,0803713,citymun,152,,,false,0803713000,Calubian,direct
fic,female,0803713,citymun,118,,,false,0803713000,Calubian,direct
cic,total,0803713,citymun,69,242,28.512396694214875,false,0803713000,Calubian,direct
cic,male,0803713,citymun,38,,,false,0803713000,Calubian,direct
cic,female,0803713,citymun,31,,,false,0803713000,Calubian,direct
fic,total,0803714,citymun,347,898,38.641425389755014,false,0803714000,Capoocan,direct
fic,male,0803714,citymun,170,,,false,0803714000,Capoocan,direct
fic,female,0803714,citymun,177,,,false,0803714000,Capoocan,direct
cic,total,0803714,citymun,107,520,20.576923076923077,false,0803714000,Capoocan,direct
cic,male,0803714,citymun,61,,,false,0803714000,Capoocan,direct
cic,female,0803714,citymun,46,,,false,0803714000,Capoocan,direct
fic,total,0803715,citymun,596,1179,50.551314673452076,false,0803715000,Carigara,direct
fic,male,0803715,citymun,283,,,false,0803715000,Carigara,direct
fic,female,0803715,citymun,313,,,false,0803715000,Carigara,direct
cic,total,0803715,citymun,38,506,7.5098814229249005,false,0803715000,Carigara,direct
cic,male,0803715,citymun,19,,,false,0803715000,Carigara,direct
cic,female,0803715,citymun,19,,,false,0803715000,Carigara,direct
fic,total,0803717,citymun,286,770,37.142857142857146,false,0803717000,Dagami,direct
fic,male,0803717,citymun,169,,,false,0803717000,Dagami,direct
fic,female,0803717,citymun,117,,,false,0803717000,Dagami,direct
cic,total,0803717,citymun,148,489,30.265848670756647,false,0803717000,Dagami,direct
cic,male,0803717,citymun,79,,,false,0803717000,Dagami,direct
cic,female,0803717,citymun,69,,,false,0803717000,Dagami,direct
fic,total,0803718,citymun,526,1063,49.48259642521167,false,0803718000,Dulag,direct
fic,male,0803718,citymun,259,,,false,0803718000,Dulag,direct
fic,female,0803718,citymun,267,,,false,0803718000,Dulag,direct
cic,total,0803718,citymun,96,522,18.39080459770115,false,0803718000,Dulag,direct
cic,male,0803718,citymun,52,,,false,0803718000,Dulag,direct
cic,female,0803718,citymun,44,,,false,0803718000,Dulag,direct
fic,total,0803719,citymun,600,1403,42.765502494654314,false,0803719000,Hilongos,direct
fic,male,0803719,citymun,307,,,false,0803719000,Hilongos,direct
fic,female,0803719,citymun,293,,,false,0803719000,Hilongos,direct
cic,total,0803719,citymun,116,759,15.2832674571805,false,0803719000,Hilongos,direct
cic,male,0803719,citymun,61,,,false,0803719000,Hilongos,direct
cic,female,0803719,citymun,55,,,false,0803719000,Hilongos,direct
fic,total,0803720,citymun,183,388,47.16494845360825,false,0803720000,Hindang,direct
fic,male,0803720,citymun,106,,,false,0803720000,Hindang,direct
fic,female,0803720,citymun,77,,,false,0803720000,Hindang,direct
cic,total,0803720,citymun,7,156,4.487179487179487,false,0803720000,Hindang,direct
cic,male,0803720,citymun,4,,,false,0803720000,Hindang,direct
cic,female,0803720,citymun,3,,,false,0803720000,Hindang,direct
fic,total,0803721,citymun,165,395,41.77215189873418,false,0803721000,Inopacan,direct
fic,male,0803721,citymun,91,,,false,0803721000,Inopacan,direct
fic,female,0803721,citymun,74,,,false,0803721000,Inopacan,direct
cic,total,0803721,citymun,90,205,43.90243902439025,false,0803721000,Inopacan,direct
cic,male,0803721,citymun,47,,,false,0803721000,Inopacan,direct
cic,female,0803721,citymun,43,,,false,0803721000,Inopacan,direct
fic,total,0803722,citymun,341,1040,32.78846153846154,false,0803722000,Isabel,direct
fic,male,0803722,citymun,194,,,false,0803722000,Isabel,direct
fic,female,0803722,citymun,147,,,false,0803722000,Isabel,direct
cic,total,0803722,citymun,97,555,17.47747747747748,false,0803722000,Isabel,direct
cic,male,0803722,citymun,55,,,false,0803722000,Isabel,direct
cic,female,0803722,citymun,42,,,false,0803722000,Isabel,direct
fic,total,0803723,citymun,446,997,44.73420260782347,false,0803723000,Jaro,direct
fic,male,0803723,citymun,213,,,false,0803723000,Jaro,direct
fic,female,0803723,citymun,233,,,false,0803723000,Jaro,direct
cic,total,0803723,citymun,201,431,46.635730858468676,false,0803723000,Jaro,direct
cic,male,0803723,citymun,110,,,false,0803723000,Jaro,direct
cic,female,0803723,citymun,91,,,false,0803723000,Jaro,direct
fic,total,0803724,citymun,293,546,53.663003663003664,false,0803724000,Javier,direct
fic,male,0803724,citymun,160,,,false,0803724000,Javier,direct
fic,female,0803724,citymun,133,,,false,0803724000,Javier,direct
cic,total,0803724,citymun,20,247,8.097165991902834,false,0803724000,Javier,direct
cic,male,0803724,citymun,7,,,false,0803724000,Javier,direct
cic,female,0803724,citymun,13,,,false,0803724000,Javier,direct
fic,total,0803725,citymun,220,297,74.07407407407408,false,0803725000,Julita,direct
fic,male,0803725,citymun,120,,,false,0803725000,Julita,direct
fic,female,0803725,citymun,100,,,false,0803725000,Julita,direct
cic,total,0803725,citymun,25,163,15.337423312883436,false,0803725000,Julita,direct
cic,male,0803725,citymun,13,,,false,0803725000,Julita,direct
cic,female,0803725,citymun,12,,,false,0803725000,Julita,direct
fic,total,0803726,citymun,730,1563,46.70505438259757,false,0803726000,Kananga,direct
fic,male,0803726,citymun,358,,,false,0803726000,Kananga,direct
fic,female,0803726,citymun,372,,,false,0803726000,Kananga,direct
cic,total,0803726,citymun,206,975,21.128205128205128,false,0803726000,Kananga,direct
cic,male,0803726,citymun,117,,,false,0803726000,Kananga,direct
cic,female,0803726,citymun,89,,,false,0803726000,Kananga,direct
fic,total,0803728,citymun,163,351,46.438746438746435,false,0803728000,La Paz,direct
fic,male,0803728,citymun,90,,,false,0803728000,La Paz,direct
fic,female,0803728,citymun,73,,,false,0803728000,La Paz,direct
cic,total,0803728,citymun,35,200,17.5,false,0803728000,La Paz,direct
cic,male,0803728,citymun,17,,,false,0803728000,La Paz,direct
cic,female,0803728,citymun,18,,,false,0803728000,La Paz,direct
fic,total,0803729,citymun,586,1029,56.948493683187564,false,0803729000,Leyte,direct
fic,male,0803729,citymun,312,,,false,0803729000,Leyte,direct
fic,female,0803729,citymun,274,,,false,0803729000,Leyte,direct
cic,total,0803729,citymun,24,388,6.185567010309279,false,0803729000,Leyte,direct
cic,male,0803729,citymun,22,,,false,0803729000,Leyte,direct
cic,female,0803729,citymun,2,,,false,0803729000,Leyte,direct
fic,total,0803730,citymun,217,455,47.69230769230769,false,0803730000,Macarthur,direct
fic,male,0803730,citymun,106,,,false,0803730000,Macarthur,direct
fic,female,0803730,citymun,111,,,false,0803730000,Macarthur,direct
cic,total,0803730,citymun,71,215,33.02325581395349,false,0803730000,Macarthur,direct
cic,male,0803730,citymun,41,,,false,0803730000,Macarthur,direct
cic,female,0803730,citymun,30,,,false,0803730000,Macarthur,direct
fic,total,0803731,citymun,223,589,37.86078098471987,false,0803731000,Mahaplag,direct
fic,male,0803731,citymun,116,,,false,0803731000,Mahaplag,direct
fic,female,0803731,citymun,107,,,false,0803731000,Mahaplag,direct
cic,total,0803731,citymun,72,419,17.18377088305489,false,0803731000,Mahaplag,direct
cic,male,0803731,citymun,36,,,false,0803731000,Mahaplag,direct
cic,female,0803731,citymun,36,,,false,0803731000,Mahaplag,direct
fic,total,0803733,citymun,248,374,66.31016042780749,false,0803733000,Matag-Ob,direct
fic,male,0803733,citymun,128,,,false,0803733000,Matag-Ob,direct
fic,female,0803733,citymun,120,,,false,0803733000,Matag-Ob,direct
cic,total,0803733,citymun,39,142,27.464788732394368,false,0803733000,Matag-Ob,direct
cic,male,0803733,citymun,23,,,false,0803733000,Matag-Ob,direct
cic,female,0803733,citymun,16,,,false,0803733000,Matag-Ob,direct
fic,total,0803734,citymun,308,629,48.966613672496024,false,0803734000,Matalom,direct
fic,male,0803734,citymun,156,,,false,0803734000,Matalom,direct
fic,female,0803734,citymun,152,,,false,0803734000,Matalom,direct
cic,total,0803734,citymun,10,291,3.436426116838488,false,0803734000,Matalom,direct
cic,male,0803734,citymun,7,,,false,0803734000,Matalom,direct
cic,female,0803734,citymun,3,,,false,0803734000,Matalom,direct
fic,total,0803735,citymun,255,436,58.48623853211009,false,0803735000,Mayorga,direct
fic,male,0803735,citymun,140,,,false,0803735000,Mayorga,direct
fic,female,0803735,citymun,115,,,false,0803735000,Mayorga,direct
cic,total,0803735,citymun,0,184,0.0,false,0803735000,Mayorga,direct
cic,male,0803735,citymun,0,,,false,0803735000,Mayorga,direct
cic,female,0803735,citymun,0,,,false,0803735000,Mayorga,direct
fic,total,0803736,citymun,323,718,44.986072423398326,false,0803736000,Merida,direct
fic,male,0803736,citymun,178,,,false,0803736000,Merida,direct
fic,female,0803736,citymun,145,,,false,0803736000,Merida,direct
cic,total,0803736,citymun,104,511,20.352250489236788,false,0803736000,Merida,direct
cic,male,0803736,citymun,54,,,false,0803736000,Merida,direct
cic,female,0803736,citymun,50,,,false,0803736000,Merida,direct
fic,total,0803739,citymun,735,1947,37.750385208012325,false,0803739000,Palo,direct
fic,male,0803739,citymun,358,,,false,0803739000,Palo,direct
fic,female,0803739,citymun,377,,,false,0803739000,Palo,direct
cic,total,0803739,citymun,186,1124,16.548042704626333,false,0803739000,Palo,direct
cic,male,0803739,citymun,105,,,false,0803739000,Palo,direct
cic,female,0803739,citymun,81,,,false,0803739000,Palo,direct
fic,total,0803740,citymun,386,1138,33.91915641476274,false,0803740000,Palompon,direct
fic,male,0803740,citymun,191,,,false,0803740000,Palompon,direct
fic,female,0803740,citymun,195,,,false,0803740000,Palompon,direct
cic,total,0803740,citymun,160,677,23.63367799113737,false,0803740000,Palompon,direct
cic,male,0803740,citymun,82,,,false,0803740000,Palompon,direct
cic,female,0803740,citymun,78,,,false,0803740000,Palompon,direct
fic,total,0803741,citymun,203,408,49.754901960784316,false,0803741000,Pastrana,direct
fic,male,0803741,citymun,98,,,false,0803741000,Pastrana,direct
fic,female,0803741,citymun,105,,,false,0803741000,Pastrana,direct
cic,total,0803741,citymun,56,156,35.8974358974359,false,0803741000,Pastrana,direct
cic,male,0803741,citymun,33,,,false,0803741000,Pastrana,direct
cic,female,0803741,citymun,23,,,false,0803741000,Pastrana,direct
fic,total,0803742,citymun,260,723,35.9612724757953,false,0803742000,San Isidro,direct
fic,male,0803742,citymun,133,,,false,0803742000,San Isidro,direct
fic,female,0803742,citymun,127,,,false,0803742000,San Isidro,direct
cic,total,0803742,citymun,90,491,18.329938900203665,false,0803742000,San Isidro,direct
cic,male,0803742,citymun,42,,,false,0803742000,San Isidro,direct
cic,female,0803742,citymun,48,,,false,0803742000,San Isidro,direct
fic,total,0803743,citymun,196,433,45.26558891454965,false,0803743000,San Miguel,direct
fic,male,0803743,citymun,110,,,false,0803743000,San Miguel,direct
fic,female,0803743,citymun,86,,,false,0803743000,San Miguel,direct
cic,total,0803743,citymun,109,265,41.132075471698116,false,0803743000,San Miguel,direct
cic,male,0803743,citymun,55,,,false,0803743000,San Miguel,direct
cic,female,0803743,citymun,54,,,false,0803743000,San Miguel,direct
fic,total,0803744,citymun,278,515,53.980582524271846,false,0803744000,Santa Fe,direct
fic,male,0803744,citymun,135,,,false,0803744000,Santa Fe,direct
fic,female,0803744,citymun,143,,,false,0803744000,Santa Fe,direct
cic,total,0803744,citymun,33,318,10.377358490566039,false,0803744000,Santa Fe,direct
cic,male,0803744,citymun,15,,,false,0803744000,Santa Fe,direct
cic,female,0803744,citymun,18,,,false,0803744000,Santa Fe,direct
fic,total,0803745,citymun,268,780,34.35897435897436,false,0803745000,Tabango,direct
fic,male,0803745,citymun,138,,,false,0803745000,Tabango,direct
fic,female,0803745,citymun,130,,,false,0803745000,Tabango,direct
cic,total,0803745,citymun,176,513,34.30799220272904,false,0803745000,Tabango,direct
cic,male,0803745,citymun,104,,,false,0803745000,Tabango,direct
cic,female,0803745,citymun,72,,,false,0803745000,Tabango,direct
fic,total,0803746,citymun,186,256,72.65625,false,0803746000,Tabontabon,direct
fic,male,0803746,citymun,85,,,false,0803746000,Tabontabon,direct
fic,female,0803746,citymun,101,,,false,0803746000,Tabontabon,direct
cic,total,0803746,citymun,11,95,11.578947368421053,false,0803746000,Tabontabon,direct
cic,male,0803746,citymun,3,,,false,0803746000,Tabontabon,direct
cic,female,0803746,citymun,8,,,false,0803746000,Tabontabon,direct
fic,total,0803748,citymun,621,1369,45.36157779401023,false,0803748000,Tanauan,direct
fic,male,0803748,citymun,316,,,false,0803748000,Tanauan,direct
fic,female,0803748,citymun,305,,,false,0803748000,Tanauan,direct
cic,total,0803748,citymun,160,750,21.333333333333336,false,0803748000,Tanauan,direct
cic,male,0803748,citymun,77,,,false,0803748000,Tanauan,direct
cic,female,0803748,citymun,83,,,false,0803748000,Tanauan,direct
fic,total,0803749,citymun,185,526,35.17110266159696,false,0803749000,Tolosa,direct
fic,male,0803749,citymun,90,,,false,0803749000,Tolosa,direct
fic,female,0803749,citymun,95,,,false,0803749000,Tolosa,direct
cic,total,0803749,citymun,84,328,25.609756097560975,false,0803749000,Tolosa,direct
cic,male,0803749,citymun,43,,,false,0803749000,Tolosa,direct
cic,female,0803749,citymun,41,,,false,0803749000,Tolosa,direct
fic,total,0803750,citymun,80,140,57.14285714285714,false,0803750000,Tunga,direct
fic,male,0803750,citymun,43,,,false,0803750000,Tunga,direct
fic,female,0803750,citymun,37,,,false,0803750000,Tunga,direct
cic,total,0803750,citymun,14,48,29.166666666666668,false,0803750000,Tunga,direct
cic,male,0803750,citymun,10,,,false,0803750000,Tunga,direct
cic,female,0803750,citymun,4,,,false,0803750000,Tunga,direct
fic,total,0803751,citymun,456,955,47.748691099476446,false,0803751000,Villaba,direct
fic,male,0803751,citymun,252,,,false,0803751000,Villaba,direct
fic,female,0803751,citymun,204,,,false,0803751000,Villaba,direct
cic,total,0803751,citymun,77,576,13.368055555555555,false,0803751000,Villaba,direct
cic,male,0803751,citymun,50,,,false,0803751000,Villaba,direct
cic,female,0803751,citymun,27,,,false,0803751000,Villaba,direct
fic,total,08048,province,7436,15211,48.8856748405759,false,0804800000,Northern Samar,direct
fic,male,08048,province,3792,,,false,0804800000,Northern Samar,direct
fic,female,08048,province,3644,,,false,0804800000,Northern Samar,direct
cic,total,08048,province,1724,8570,20.11668611435239,false,0804800000,Northern Samar,direct
cic,male,08048,province,872,,,false,0804800000,Northern Samar,direct
cic,female,08048,province,852,,,false,0804800000,Northern Samar,direct
fic,total,0804801,citymun,291,568,51.232394366197184,false,0804801000,Allen,direct
fic,male,0804801,citymun,150,,,false,0804801000,Allen,direct
fic,female,0804801,citymun,141,,,false,0804801000,Allen,direct
cic,total,0804801,citymun,82,249,32.93172690763052,false,0804801000,Allen,direct
cic,male,0804801,citymun,50,,,false,0804801000,Allen,direct
cic,female,0804801,citymun,32,,,false,0804801000,Allen,direct
fic,total,0804802,citymun,142,297,47.81144781144781,false,0804802000,Biri,direct
fic,male,0804802,citymun,80,,,false,0804802000,Biri,direct
fic,female,0804802,citymun,62,,,false,0804802000,Biri,direct
cic,total,0804802,citymun,9,144,6.25,false,0804802000,Biri,direct
cic,male,0804802,citymun,4,,,false,0804802000,Biri,direct
cic,female,0804802,citymun,5,,,false,0804802000,Biri,direct
fic,total,0804803,citymun,406,611,66.44844517184943,false,0804803000,Bobon,direct
fic,male,0804803,citymun,207,,,false,0804803000,Bobon,direct
fic,female,0804803,citymun,199,,,false,0804803000,Bobon,direct
cic,total,0804803,citymun,66,168,39.285714285714285,false,0804803000,Bobon,direct
cic,male,0804803,citymun,27,,,false,0804803000,Bobon,direct
cic,female,0804803,citymun,39,,,false,0804803000,Bobon,direct
fic,total,0804804,citymun,159,264,60.22727272727273,false,0804804000,Capul,direct
fic,male,0804804,citymun,84,,,false,0804804000,Capul,direct
fic,female,0804804,citymun,75,,,false,0804804000,Capul,direct
cic,total,0804804,citymun,3,86,3.488372093023256,false,0804804000,Capul,direct
cic,male,0804804,citymun,3,,,false,0804804000,Capul,direct
cic,female,0804804,citymun,0,,,false,0804804000,Capul,direct
fic,total,0804805,citymun,904,2427,37.247630819942316,false,0804805000,Catarman,direct
fic,male,0804805,citymun,463,,,false,0804805000,Catarman,direct
fic,female,0804805,citymun,441,,,false,0804805000,Catarman,direct
cic,total,0804805,citymun,486,1749,27.787307032590054,false,0804805000,Catarman,direct
cic,male,0804805,citymun,244,,,false,0804805000,Catarman,direct
cic,female,0804805,citymun,242,,,false,0804805000,Catarman,direct
fic,total,0804806,citymun,312,709,44.00564174894217,false,0804806000,Catubig,direct
fic,male,0804806,citymun,154,,,false,0804806000,Catubig,direct
fic,female,0804806,citymun,158,,,false,0804806000,Catubig,direct
cic,total,0804806,citymun,99,464,21.336206896551722,false,0804806000,Catubig,direct
cic,male,0804806,citymun,39,,,false,0804806000,Catubig,direct
cic,female,0804806,citymun,60,,,false,0804806000,Catubig,direct
fic,total,0804807,citymun,279,415,67.2289156626506,false,0804807000,Gamay,direct
fic,male,0804807,citymun,135,,,false,0804807000,Gamay,direct
fic,female,0804807,citymun,144,,,false,0804807000,Gamay,direct
cic,total,0804807,citymun,42,174,24.137931034482758,false,0804807000,Gamay,direct
cic,male,0804807,citymun,18,,,false,0804807000,Gamay,direct
cic,female,0804807,citymun,24,,,false,0804807000,Gamay,direct
fic,total,0804808,citymun,768,1353,56.76274944567628,false,0804808000,Laoang,direct
fic,male,0804808,citymun,351,,,false,0804808000,Laoang,direct
fic,female,0804808,citymun,417,,,false,0804808000,Laoang,direct
cic,total,0804808,citymun,163,820,19.878048780487806,false,0804808000,Laoang,direct
cic,male,0804808,citymun,62,,,false,0804808000,Laoang,direct
cic,female,0804808,citymun,101,,,false,0804808000,Laoang,direct
fic,total,0804809,citymun,197,330,59.696969696969695,false,0804809000,Lapinig,direct
fic,male,0804809,citymun,99,,,false,0804809000,Lapinig,direct
fic,female,0804809,citymun,98,,,false,0804809000,Lapinig,direct
cic,total,0804809,citymun,0,204,0.0,false,0804809000,Lapinig,direct
cic,male,0804809,citymun,0,,,false,0804809000,Lapinig,direct
cic,female,0804809,citymun,0,,,false,0804809000,Lapinig,direct
fic,total,0804810,citymun,343,945,36.2962962962963,false,0804810000,Las Navas,direct
fic,male,0804810,citymun,174,,,false,0804810000,Las Navas,direct
fic,female,0804810,citymun,169,,,false,0804810000,Las Navas,direct
cic,total,0804810,citymun,118,645,18.294573643410853,false,0804810000,Las Navas,direct
cic,male,0804810,citymun,63,,,false,0804810000,Las Navas,direct
cic,female,0804810,citymun,55,,,false,0804810000,Las Navas,direct
fic,total,0804811,citymun,371,668,55.53892215568862,false,0804811000,Lavezares,direct
fic,male,0804811,citymun,188,,,false,0804811000,Lavezares,direct
fic,female,0804811,citymun,183,,,false,0804811000,Lavezares,direct
cic,total,0804811,citymun,69,380,18.157894736842106,false,0804811000,Lavezares,direct
cic,male,0804811,citymun,42,,,false,0804811000,Lavezares,direct
cic,female,0804811,citymun,27,,,false,0804811000,Lavezares,direct
fic,total,0804812,citymun,199,336,59.226190476190474,false,0804812000,Mapanas,direct
fic,male,0804812,citymun,106,,,false,0804812000,Mapanas,direct
fic,female,0804812,citymun,93,,,false,0804812000,Mapanas,direct
cic,total,0804812,citymun,52,141,36.87943262411347,false,0804812000,Mapanas,direct
cic,male,0804812,citymun,28,,,false,0804812000,Mapanas,direct
cic,female,0804812,citymun,24,,,false,0804812000,Mapanas,direct
fic,total,0804813,citymun,575,1097,52.41567912488605,false,0804813000,Mondragon,direct
fic,male,0804813,citymun,315,,,false,0804813000,Mondragon,direct
fic,female,0804813,citymun,260,,,false,0804813000,Mondragon,direct
cic,total,0804813,citymun,57,430,13.25581395348837,false,0804813000,Mondragon,direct
cic,male,0804813,citymun,39,,,false,0804813000,Mondragon,direct
cic,female,0804813,citymun,18,,,false,0804813000,Mondragon,direct
fic,total,0804814,citymun,425,782,54.347826086956516,false,0804814000,Palapag,direct
fic,male,0804814,citymun,220,,,false,0804814000,Palapag,direct
fic,female,0804814,citymun,205,,,false,0804814000,Palapag,direct
cic,total,0804814,citymun,33,426,7.746478873239436,false,0804814000,Palapag,direct
cic,male,0804814,citymun,15,,,false,0804814000,Palapag,direct
cic,female,0804814,citymun,18,,,false,0804814000,Palapag,direct
fic,total,0804815,citymun,336,765,43.92156862745098,false,0804815000,Pambujan,direct
fic,male,0804815,citymun,174,,,false,0804815000,Pambujan,direct
fic,female,0804815,citymun,162,,,false,0804815000,Pambujan,direct
cic,total,0804815,citymun,144,482,29.87551867219917,false,0804815000,Pambujan,direct
cic,male,0804815,citymun,78,,,false,0804815000,Pambujan,direct
cic,female,0804815,citymun,66,,,false,0804815000,Pambujan,direct
fic,total,0804816,citymun,174,281,61.92170818505338,false,0804816000,Rosario,direct
fic,male,0804816,citymun,91,,,false,0804816000,Rosario,direct
fic,female,0804816,citymun,83,,,false,0804816000,Rosario,direct
cic,total,0804816,citymun,9,137,6.569343065693431,false,0804816000,Rosario,direct
cic,male,0804816,citymun,2,,,false,0804816000,Rosario,direct
cic,female,0804816,citymun,7,,,false,0804816000,Rosario,direct
fic,total,0804817,citymun,95,181,52.48618784530387,false,0804817000,San Antonio,direct
fic,male,0804817,citymun,50,,,false,0804817000,San Antonio,direct
fic,female,0804817,citymun,45,,,false,0804817000,San Antonio,direct
cic,total,0804817,citymun,5,69,7.246376811594203,false,0804817000,San Antonio,direct
cic,male,0804817,citymun,3,,,false,0804817000,San Antonio,direct
cic,female,0804817,citymun,2,,,false,0804817000,San Antonio,direct
fic,total,0804818,citymun,374,684,54.67836257309941,false,0804818000,San Isidro,direct
fic,male,0804818,citymun,196,,,false,0804818000,San Isidro,direct
fic,female,0804818,citymun,178,,,false,0804818000,San Isidro,direct
cic,total,0804818,citymun,68,306,22.22222222222222,false,0804818000,San Isidro,direct
cic,male,0804818,citymun,38,,,false,0804818000,San Isidro,direct
cic,female,0804818,citymun,30,,,false,0804818000,San Isidro,direct
fic,total,0804819,citymun,264,435,60.689655172413794,false,0804819000,San Jose,direct
fic,male,0804819,citymun,125,,,false,0804819000,San Jose,direct
fic,female,0804819,citymun,139,,,false,0804819000,San Jose,direct
cic,total,0804819,citymun,13,150,8.666666666666668,false,0804819000,San Jose,direct
cic,male,0804819,citymun,9,,,false,0804819000,San Jose,direct
cic,female,0804819,citymun,4,,,false,0804819000,San Jose,direct
fic,total,0804820,citymun,350,862,40.60324825986079,false,0804820000,San Roque,direct
fic,male,0804820,citymun,180,,,false,0804820000,San Roque,direct
fic,female,0804820,citymun,170,,,false,0804820000,San Roque,direct
cic,total,0804820,citymun,70,625,11.200000000000001,false,0804820000,San Roque,direct
cic,male,0804820,citymun,34,,,false,0804820000,San Roque,direct
cic,female,0804820,citymun,36,,,false,0804820000,San Roque,direct
fic,total,0804821,citymun,40,149,26.845637583892618,false,0804821000,San Vicente,direct
fic,male,0804821,citymun,20,,,false,0804821000,San Vicente,direct
fic,female,0804821,citymun,20,,,false,0804821000,San Vicente,direct
cic,total,0804821,citymun,12,79,15.18987341772152,false,0804821000,San Vicente,direct
cic,male,0804821,citymun,5,,,false,0804821000,San Vicente,direct
cic,female,0804821,citymun,7,,,false,0804821000,San Vicente,direct
fic,total,0804822,citymun,85,336,25.297619047619047,false,0804822000,Silvino Lobos,direct
fic,male,0804822,citymun,44,,,false,0804822000,Silvino Lobos,direct
fic,female,0804822,citymun,41,,,false,0804822000,Silvino Lobos,direct
cic,total,0804822,citymun,38,202,18.81188118811881,false,0804822000,Silvino Lobos,direct
cic,male,0804822,citymun,21,,,false,0804822000,Silvino Lobos,direct
cic,female,0804822,citymun,17,,,false,0804822000,Silvino Lobos,direct
fic,total,0804823,citymun,168,335,50.14925373134328,false,0804823000,Victoria,direct
fic,male,0804823,citymun,97,,,false,0804823000,Victoria,direct
fic,female,0804823,citymun,71,,,false,0804823000,Victoria,direct
cic,total,0804823,citymun,22,212,10.377358490566039,false,0804823000,Victoria,direct
cic,male,0804823,citymun,13,,,false,0804823000,Victoria,direct
cic,female,0804823,citymun,9,,,false,0804823000,Victoria,direct
fic,total,0804824,citymun,179,381,46.981627296587924,false,0804824000,Lope De Vega,direct
fic,male,0804824,citymun,89,,,false,0804824000,Lope De Vega,direct
fic,female,0804824,citymun,90,,,false,0804824000,Lope De Vega,direct
cic,total,0804824,citymun,64,228,28.07017543859649,false,0804824000,Lope De Vega,direct
cic,male,0804824,citymun,35,,,false,0804824000,Lope De Vega,direct
cic,female,0804824,citymun,29,,,false,0804824000,Lope De Vega,direct
fic,total,08060,province,8765,18286,47.932844799300014,false,0806000000,Samar,direct
fic,male,08060,province,4572,,,false,0806000000,Samar,direct
fic,female,08060,province,4193,,,false,0806000000,Samar,direct
cic,total,08060,province,2740,11206,24.451186864179903,false,0806000000,Samar,direct
cic,male,08060,province,1437,,,false,0806000000,Samar,direct
cic,female,08060,province,1303,,,false,0806000000,Samar,direct
fic,total,0806001,citymun,64,145,44.13793103448276,false,0806001000,Almagro,direct
fic,male,0806001,citymun,34,,,false,0806001000,Almagro,direct
fic,female,0806001,citymun,30,,,false,0806001000,Almagro,direct
cic,total,0806001,citymun,13,101,12.871287128712872,false,0806001000,Almagro,direct
cic,male,0806001,citymun,8,,,false,0806001000,Almagro,direct
cic,female,0806001,citymun,5,,,false,0806001000,Almagro,direct
fic,total,0806002,citymun,811,1308,62.00305810397554,false,0806002000,Basey,direct
fic,male,0806002,citymun,417,,,false,0806002000,Basey,direct
fic,female,0806002,citymun,394,,,false,0806002000,Basey,direct
cic,total,0806002,citymun,278,838,33.17422434367542,false,0806002000,Basey,direct
cic,male,0806002,citymun,158,,,false,0806002000,Basey,direct
cic,female,0806002,citymun,120,,,false,0806002000,Basey,direct
fic,total,0806003,citymun,2130,4471,47.64034891523149,false,0806003000,City of Calbayog,direct
fic,male,0806003,citymun,1108,,,false,0806003000,City of Calbayog,direct
fic,female,0806003,citymun,1022,,,false,0806003000,City of Calbayog,direct
cic,total,0806003,citymun,703,2739,25.66630156991603,false,0806003000,City of Calbayog,direct
cic,male,0806003,citymun,357,,,false,0806003000,City of Calbayog,direct
cic,female,0806003,citymun,346,,,false,0806003000,City of Calbayog,direct
fic,total,0806004,citymun,242,496,48.79032258064516,false,0806004000,Calbiga,direct
fic,male,0806004,citymun,129,,,false,0806004000,Calbiga,direct
fic,female,0806004,citymun,113,,,false,0806004000,Calbiga,direct
cic,total,0806004,citymun,56,273,20.51282051282051,false,0806004000,Calbiga,direct
cic,male,0806004,citymun,31,,,false,0806004000,Calbiga,direct
cic,female,0806004,citymun,25,,,false,0806004000,Calbiga,direct
fic,total,0806005,citymun,1600,2653,60.3090840557859,false,0806005000,City of Catbalogan,direct
fic,male,0806005,citymun,841,,,false,0806005000,City of Catbalogan,direct
fic,female,0806005,citymun,759,,,false,0806005000,City of Catbalogan,direct
cic,total,0806005,citymun,253,1364,18.548387096774192,false,0806005000,City of Catbalogan,direct
cic,male,0806005,citymun,140,,,false,0806005000,City of Catbalogan,direct
cic,female,0806005,citymun,113,,,false,0806005000,City of Catbalogan,direct
fic,total,0806006,citymun,219,850,25.76470588235294,false,0806006000,Daram,direct
fic,male,0806006,citymun,128,,,false,0806006000,Daram,direct
fic,female,0806006,citymun,91,,,false,0806006000,Daram,direct
cic,total,0806006,citymun,247,663,37.254901960784316,false,0806006000,Daram,direct
cic,male,0806006,citymun,122,,,false,0806006000,Daram,direct
cic,female,0806006,citymun,125,,,false,0806006000,Daram,direct
fic,total,0806007,citymun,261,822,31.751824817518248,false,0806007000,Gandara,direct
fic,male,0806007,citymun,135,,,false,0806007000,Gandara,direct
fic,female,0806007,citymun,126,,,false,0806007000,Gandara,direct
cic,total,0806007,citymun,94,615,15.284552845528454,false,0806007000,Gandara,direct
cic,male,0806007,citymun,41,,,false,0806007000,Gandara,direct
cic,female,0806007,citymun,53,,,false,0806007000,Gandara,direct
fic,total,0806008,citymun,137,252,54.36507936507936,false,0806008000,Hinabangan,direct
fic,male,0806008,citymun,81,,,false,0806008000,Hinabangan,direct
fic,female,0806008,citymun,56,,,false,0806008000,Hinabangan,direct
cic,total,0806008,citymun,54,142,38.028169014084504,false,0806008000,Hinabangan,direct
cic,male,0806008,citymun,32,,,false,0806008000,Hinabangan,direct
cic,female,0806008,citymun,22,,,false,0806008000,Hinabangan,direct
fic,total,0806009,citymun,213,461,46.20390455531454,false,0806009000,Jiabong,direct
fic,male,0806009,citymun,99,,,false,0806009000,Jiabong,direct
fic,female,0806009,citymun,114,,,false,0806009000,Jiabong,direct
cic,total,0806009,citymun,51,184,27.717391304347828,false,0806009000,Jiabong,direct
cic,male,0806009,citymun,17,,,false,0806009000,Jiabong,direct
cic,female,0806009,citymun,34,,,false,0806009000,Jiabong,direct
fic,total,0806010,citymun,144,384,37.5,false,0806010000,Marabut,direct
fic,male,0806010,citymun,72,,,false,0806010000,Marabut,direct
fic,female,0806010,citymun,72,,,false,0806010000,Marabut,direct
cic,total,0806010,citymun,84,255,32.94117647058823,false,0806010000,Marabut,direct
cic,male,0806010,citymun,39,,,false,0806010000,Marabut,direct
cic,female,0806010,citymun,45,,,false,0806010000,Marabut,direct
fic,total,0806011,citymun,132,189,69.84126984126983,false,0806011000,Matuguinao,direct
fic,male,0806011,citymun,72,,,false,0806011000,Matuguinao,direct
fic,female,0806011,citymun,60,,,false,0806011000,Matuguinao,direct
cic,total,0806011,citymun,23,127,18.11023622047244,false,0806011000,Matuguinao,direct
cic,male,0806011,citymun,13,,,false,0806011000,Matuguinao,direct
cic,female,0806011,citymun,10,,,false,0806011000,Matuguinao,direct
fic,total,0806012,citymun,121,345,35.07246376811594,false,0806012000,Motiong,direct
fic,male,0806012,citymun,66,,,false,0806012000,Motiong,direct
fic,female,0806012,citymun,55,,,false,0806012000,Motiong,direct
cic,total,0806012,citymun,58,228,25.438596491228072,false,0806012000,Motiong,direct
cic,male,0806012,citymun,41,,,false,0806012000,Motiong,direct
cic,female,0806012,citymun,17,,,false,0806012000,Motiong,direct
fic,total,0806013,citymun,174,369,47.15447154471545,false,0806013000,Pinabacdao,direct
fic,male,0806013,citymun,91,,,false,0806013000,Pinabacdao,direct
fic,female,0806013,citymun,83,,,false,0806013000,Pinabacdao,direct
cic,total,0806013,citymun,91,277,32.851985559566785,false,0806013000,Pinabacdao,direct
cic,male,0806013,citymun,43,,,false,0806013000,Pinabacdao,direct
cic,female,0806013,citymun,48,,,false,0806013000,Pinabacdao,direct
fic,total,0806014,citymun,69,208,33.17307692307692,false,0806014000,San Jose De Buan,direct
fic,male,0806014,citymun,35,,,false,0806014000,San Jose De Buan,direct
fic,female,0806014,citymun,34,,,false,0806014000,San Jose De Buan,direct
cic,total,0806014,citymun,27,152,17.763157894736842,false,0806014000,San Jose De Buan,direct
cic,male,0806014,citymun,15,,,false,0806014000,San Jose De Buan,direct
cic,female,0806014,citymun,12,,,false,0806014000,San Jose De Buan,direct
fic,total,0806015,citymun,87,223,39.01345291479821,false,0806015000,San Sebastian,direct
fic,male,0806015,citymun,56,,,false,0806015000,San Sebastian,direct
fic,female,0806015,citymun,31,,,false,0806015000,San Sebastian,direct
cic,total,0806015,citymun,14,149,9.395973154362416,false,0806015000,San Sebastian,direct
cic,male,0806015,citymun,5,,,false,0806015000,San Sebastian,direct
cic,female,0806015,citymun,9,,,false,0806015000,San Sebastian,direct
fic,total,0806016,citymun,413,654,63.149847094801224,false,0806016000,Santa Margarita,direct
fic,male,0806016,citymun,231,,,false,0806016000,Santa Margarita,direct
fic,female,0806016,citymun,182,,,false,0806016000,Santa Margarita,direct
cic,total,0806016,citymun,36,328,10.975609756097562,false,0806016000,Santa Margarita,direct
cic,male,0806016,citymun,20,,,false,0806016000,Santa Margarita,direct
cic,female,0806016,citymun,16,,,false,0806016000,Santa Margarita,direct
fic,total,0806017,citymun,457,1081,42.275670675300645,false,0806017000,Santa Rita,direct
fic,male,0806017,citymun,237,,,false,0806017000,Santa Rita,direct
fic,female,0806017,citymun,220,,,false,0806017000,Santa Rita,direct
cic,total,0806017,citymun,95,558,17.025089605734767,false,0806017000,Santa Rita,direct
cic,male,0806017,citymun,53,,,false,0806017000,Santa Rita,direct
cic,female,0806017,citymun,42,,,false,0806017000,Santa Rita,direct
fic,total,0806018,citymun,87,238,36.554621848739494,false,0806018000,Santo Niño,direct
fic,male,0806018,citymun,45,,,false,0806018000,Santo Niño,direct
fic,female,0806018,citymun,42,,,false,0806018000,Santo Niño,direct
cic,total,0806018,citymun,67,154,43.506493506493506,false,0806018000,Santo Niño,direct
cic,male,0806018,citymun,29,,,false,0806018000,Santo Niño,direct
cic,female,0806018,citymun,38,,,false,0806018000,Santo Niño,direct
fic,total,0806019,citymun,91,162,56.17283950617284,false,0806019000,Talalora,direct
fic,male,0806019,citymun,34,,,false,0806019000,Talalora,direct
fic,female,0806019,citymun,57,,,false,0806019000,Talalora,direct
cic,total,0806019,citymun,27,92,29.347826086956523,false,0806019000,Talalora,direct
cic,male,0806019,citymun,17,,,false,0806019000,Talalora,direct
cic,female,0806019,citymun,10,,,false,0806019000,Talalora,direct
fic,total,0806020,citymun,227,644,35.24844720496895,false,0806020000,Tarangnan,direct
fic,male,0806020,citymun,120,,,false,0806020000,Tarangnan,direct
fic,female,0806020,citymun,107,,,false,0806020000,Tarangnan,direct
cic,total,0806020,citymun,95,476,19.95798319327731,false,0806020000,Tarangnan,direct
cic,male,0806020,citymun,53,,,false,0806020000,Tarangnan,direct
cic,female,0806020,citymun,42,,,false,0806020000,Tarangnan,direct
fic,total,0806021,citymun,255,509,50.09823182711198,false,0806021000,Villareal,direct
fic,male,0806021,citymun,132,,,false,0806021000,Villareal,direct
fic,female,0806021,citymun,123,,,false,0806021000,Villareal,direct
cic,total,0806021,citymun,107,268,39.92537313432835,false,0806021000,Villareal,direct
cic,male,0806021,citymun,63,,,false,0806021000,Villareal,direct
cic,female,0806021,citymun,44,,,false,0806021000,Villareal,direct
fic,total,0806022,citymun,342,759,45.059288537549406,false,0806022000,Paranas,direct
fic,male,0806022,citymun,182,,,false,0806022000,Paranas,direct
fic,female,0806022,citymun,160,,,false,0806022000,Paranas,direct
cic,total,0806022,citymun,72,481,14.96881496881497,false,0806022000,Paranas,direct
cic,male,0806022,citymun,41,,,false,0806022000,Paranas,direct
cic,female,0806022,citymun,31,,,false,0806022000,Paranas,direct
fic,total,0806023,citymun,153,374,40.909090909090914,false,0806023000,Zumarraga,direct
fic,male,0806023,citymun,82,,,false,0806023000,Zumarraga,direct
fic,female,0806023,citymun,71,,,false,0806023000,Zumarraga,direct
cic,total,0806023,citymun,97,273,35.53113553113553,false,0806023000,Zumarraga,direct
cic,male,0806023,citymun,48,,,false,0806023000,Zumarraga,direct
cic,female,0806023,citymun,49,,,false,0806023000,Zumarraga,direct
fic,total,0806024,citymun,100,152,65.78947368421053,false,0806024000,Tagapul-An,direct
fic,male,0806024,citymun,36,,,false,0806024000,Tagapul-An,direct
fic,female,0806024,citymun,64,,,false,0806024000,Tagapul-An,direct
cic,total,0806024,citymun,10,71,14.084507042253522,false,0806024000,Tagapul-An,direct
cic,male,0806024,citymun,10,,,false,0806024000,Tagapul-An,direct
cic,female,0806024,citymun,0,,,false,0806024000,Tagapul-An,direct
fic,total,0806025,citymun,163,400,40.75,false,0806025000,San Jorge,direct
fic,male,0806025,citymun,71,,,false,0806025000,San Jorge,direct
fic,female,0806025,citymun,92,,,false,0806025000,San Jorge,direct
cic,total,0806025,citymun,69,323,21.36222910216718,false,0806025000,San Jorge,direct
cic,male,0806025,citymun,30,,,false,0806025000,San Jorge,direct
cic,female,0806025,citymun,39,,,false,0806025000,San Jorge,direct
fic,total,0806026,citymun,73,137,53.284671532846716,false,0806026000,Pagsanghan,direct
fic,male,0806026,citymun,38,,,false,0806026000,Pagsanghan,direct
fic,female,0806026,citymun,35,,,false,0806026000,Pagsanghan,direct
cic,total,0806026,citymun,19,75,25.333333333333336,false,0806026000,Pagsanghan,direct
cic,male,0806026,citymun,11,,,false,0806026000,Pagsanghan,direct
cic,female,0806026,citymun,8,,,false,0806026000,Pagsanghan,direct
fic,total,08064,province,4253,8024,53.003489531405776,false,0806400000,Southern Leyte,direct
fic,male,08064,province,2203,,,false,0806400000,Southern Leyte,direct
fic,female,08064,province,2050,,,false,0806400000,Southern Leyte,direct
cic,total,08064,province,334,3867,8.637186449444014,false,0806400000,Southern Leyte,direct
cic,male,08064,province,184,,,false,0806400000,Southern Leyte,direct
cic,female,08064,province,150,,,false,0806400000,Southern Leyte,direct
fic,total,0806401,citymun,72,139,51.798561151079134,false,0806401000,Anahawan,direct
fic,male,0806401,citymun,40,,,false,0806401000,Anahawan,direct
fic,female,0806401,citymun,32,,,false,0806401000,Anahawan,direct
cic,total,0806401,citymun,0,64,0.0,false,0806401000,Anahawan,direct
cic,male,0806401,citymun,0,,,false,0806401000,Anahawan,direct
cic,female,0806401,citymun,0,,,false,0806401000,Anahawan,direct
fic,total,0806402,citymun,399,513,77.77777777777779,false,0806402000,Bontoc,direct
fic,male,0806402,citymun,218,,,false,0806402000,Bontoc,direct
fic,female,0806402,citymun,181,,,false,0806402000,Bontoc,direct
cic,total,0806402,citymun,7,152,4.605263157894736,false,0806402000,Bontoc,direct
cic,male,0806402,citymun,3,,,false,0806402000,Bontoc,direct
cic,female,0806402,citymun,4,,,false,0806402000,Bontoc,direct
fic,total,0806403,citymun,306,447,68.45637583892618,false,0806403000,Hinunangan,direct
fic,male,0806403,citymun,150,,,false,0806403000,Hinunangan,direct
fic,female,0806403,citymun,156,,,false,0806403000,Hinunangan,direct
cic,total,0806403,citymun,14,118,11.864406779661017,false,0806403000,Hinunangan,direct
cic,male,0806403,citymun,8,,,false,0806403000,Hinunangan,direct
cic,female,0806403,citymun,6,,,false,0806403000,Hinunangan,direct
fic,total,0806404,citymun,99,197,50.25380710659898,false,0806404000,Hinundayan,direct
fic,male,0806404,citymun,52,,,false,0806404000,Hinundayan,direct
fic,female,0806404,citymun,47,,,false,0806404000,Hinundayan,direct
cic,total,0806404,citymun,22,65,33.84615384615385,false,0806404000,Hinundayan,direct
cic,male,0806404,citymun,12,,,false,0806404000,Hinundayan,direct
cic,female,0806404,citymun,10,,,false,0806404000,Hinundayan,direct
fic,total,0806405,citymun,154,333,46.246246246246244,false,0806405000,Libagon,direct
fic,male,0806405,citymun,92,,,false,0806405000,Libagon,direct
fic,female,0806405,citymun,62,,,false,0806405000,Libagon,direct
cic,total,0806405,citymun,19,175,10.857142857142858,false,0806405000,Libagon,direct
cic,male,0806405,citymun,10,,,false,0806405000,Libagon,direct
cic,female,0806405,citymun,9,,,false,0806405000,Libagon,direct
fic,total,0806406,citymun,224,459,48.80174291938998,false,0806406000,Liloan,direct
fic,male,0806406,citymun,117,,,false,0806406000,Liloan,direct
fic,female,0806406,citymun,107,,,false,0806406000,Liloan,direct
cic,total,0806406,citymun,20,219,9.1324200913242,false,0806406000,Liloan,direct
cic,male,0806406,citymun,11,,,false,0806406000,Liloan,direct
cic,female,0806406,citymun,9,,,false,0806406000,Liloan,direct
fic,total,0806407,citymun,850,1668,50.95923261390888,false,0806407000,City of Maasin,direct
fic,male,0806407,citymun,445,,,false,0806407000,City of Maasin,direct
fic,female,0806407,citymun,405,,,false,0806407000,City of Maasin,direct
cic,total,0806407,citymun,98,917,10.687022900763358,false,0806407000,City of Maasin,direct
cic,male,0806407,citymun,54,,,false,0806407000,City of Maasin,direct
cic,female,0806407,citymun,44,,,false,0806407000,City of Maasin,direct
fic,total,0806408,citymun,228,452,50.442477876106196,false,0806408000,Macrohon,direct
fic,male,0806408,citymun,116,,,false,0806408000,Macrohon,direct
fic,female,0806408,citymun,112,,,false,0806408000,Macrohon,direct
cic,total,0806408,citymun,26,219,11.87214611872146,false,0806408000,Macrohon,direct
cic,male,0806408,citymun,15,,,false,0806408000,Macrohon,direct
cic,female,0806408,citymun,11,,,false,0806408000,Macrohon,direct
fic,total,0806409,citymun,156,450,34.66666666666667,false,0806409000,Malitbog,direct
fic,male,0806409,citymun,83,,,false,0806409000,Malitbog,direct
fic,female,0806409,citymun,73,,,false,0806409000,Malitbog,direct
cic,total,0806409,citymun,2,261,0.7662835249042145,false,0806409000,Malitbog,direct
cic,male,0806409,citymun,2,,,false,0806409000,Malitbog,direct
cic,female,0806409,citymun,0,,,false,0806409000,Malitbog,direct
fic,total,0806410,citymun,79,194,40.72164948453608,false,0806410000,Padre Burgos,direct
fic,male,0806410,citymun,40,,,false,0806410000,Padre Burgos,direct
fic,female,0806410,citymun,39,,,false,0806410000,Padre Burgos,direct
cic,total,0806410,citymun,30,127,23.62204724409449,false,0806410000,Padre Burgos,direct
cic,male,0806410,citymun,14,,,false,0806410000,Padre Burgos,direct
cic,female,0806410,citymun,16,,,false,0806410000,Padre Burgos,direct
fic,total,0806411,citymun,85,157,54.14012738853503,false,0806411000,Pintuyan,direct
fic,male,0806411,citymun,43,,,false,0806411000,Pintuyan,direct
fic,female,0806411,citymun,42,,,false,0806411000,Pintuyan,direct
cic,total,0806411,citymun,23,54,42.592592592592595,false,0806411000,Pintuyan,direct
cic,male,0806411,citymun,17,,,false,0806411000,Pintuyan,direct
cic,female,0806411,citymun,6,,,false,0806411000,Pintuyan,direct
fic,total,0806412,citymun,325,549,59.19854280510018,false,0806412000,Saint Bernard,direct
fic,male,0806412,citymun,168,,,false,0806412000,Saint Bernard,direct
fic,female,0806412,citymun,157,,,false,0806412000,Saint Bernard,direct
cic,total,0806412,citymun,7,224,3.125,false,0806412000,Saint Bernard,direct
cic,male,0806412,citymun,2,,,false,0806412000,Saint Bernard,direct
cic,female,0806412,citymun,5,,,false,0806412000,Saint Bernard,direct
fic,total,0806413,citymun,130,243,53.49794238683128,false,0806413000,San Francisco,direct
fic,male,0806413,citymun,78,,,false,0806413000,San Francisco,direct
fic,female,0806413,citymun,52,,,false,0806413000,San Francisco,direct
cic,total,0806413,citymun,15,136,11.029411764705882,false,0806413000,San Francisco,direct
cic,male,0806413,citymun,7,,,false,0806413000,San Francisco,direct
cic,female,0806413,citymun,8,,,false,0806413000,San Francisco,direct
fic,total,0806414,citymun,151,262,57.63358778625955,false,0806414000,San Juan,direct
fic,male,0806414,citymun,75,,,false,0806414000,San Juan,direct
fic,female,0806414,citymun,76,,,false,0806414000,San Juan,direct
cic,total,0806414,citymun,19,137,13.86861313868613,false,0806414000,San Juan,direct
cic,male,0806414,citymun,11,,,false,0806414000,San Juan,direct
cic,female,0806414,citymun,8,,,false,0806414000,San Juan,direct
fic,total,0806415,citymun,83,212,39.15094339622642,false,0806415000,San Ricardo,direct
fic,male,0806415,citymun,43,,,false,0806415000,San Ricardo,direct
fic,female,0806415,citymun,40,,,false,0806415000,San Ricardo,direct
cic,total,0806415,citymun,1,135,0.7407407407407408,false,0806415000,San Ricardo,direct
cic,male,0806415,citymun,0,,,false,0806415000,San Ricardo,direct
cic,female,0806415,citymun,1,,,false,0806415000,San Ricardo,direct
fic,total,0806416,citymun,182,247,73.68421052631578,false,0806416000,Silago,direct
fic,male,0806416,citymun,78,,,false,0806416000,Silago,direct
fic,female,0806416,citymun,104,,,false,0806416000,Silago,direct
cic,total,0806416,citymun,11,27,40.74074074074074,false,0806416000,Silago,direct
cic,male,0806416,citymun,5,,,false,0806416000,Silago,direct
cic,female,0806416,citymun,6,,,false,0806416000,Silago,direct
fic,total,0806417,citymun,543,1005,54.02985074626866,false,0806417000,Sogod,direct
fic,male,0806417,citymun,267,,,false,0806417000,Sogod,direct
fic,female,0806417,citymun,276,,,false,0806417000,Sogod,direct
cic,total,0806417,citymun,17,558,3.046594982078853,false,0806417000,Sogod,direct
cic,male,0806417,citymun,12,,,false,0806417000,Sogod,direct
cic,female,0806417,citymun,5,,,false,0806417000,Sogod,direct
fic,total,0806418,citymun,143,392,36.47959183673469,false,0806418000,Tomas Oppus,direct
fic,male,0806418,citymun,74,,,false,0806418000,Tomas Oppus,direct
fic,female,0806418,citymun,69,,,false,0806418000,Tomas Oppus,direct
cic,total,0806418,citymun,2,233,0.8583690987124464,false,0806418000,Tomas Oppus,direct
cic,male,0806418,citymun,0,,,false,0806418000,Tomas Oppus,direct
cic,female,0806418,citymun,2,,,false,0806418000,Tomas Oppus,direct
fic,total,0806419,citymun,44,105,41.904761904761905,false,0806419000,Limasawa,direct
fic,male,0806419,citymun,24,,,false,0806419000,Limasawa,direct
fic,female,0806419,citymun,20,,,false,0806419000,Limasawa,direct
cic,total,0806419,citymun,1,46,2.1739130434782608,false,0806419000,Limasawa,direct
cic,male,0806419,citymun,1,,,false,0806419000,Limasawa,direct
cic,female,0806419,citymun,0,,,false,0806419000,Limasawa,direct
fic,total,08078,province,2678,3679,72.79151943462897,false,0807800000,Biliran,direct
fic,male,08078,province,1408,,,false,0807800000,Biliran,direct
fic,female,08078,province,1270,,,false,0807800000,Biliran,direct
cic,total,08078,province,220,1248,17.628205128205128,false,0807800000,Biliran,direct
cic,male,08078,province,117,,,false,0807800000,Biliran,direct
cic,female,08078,province,103,,,false,0807800000,Biliran,direct
fic,total,0807801,citymun,239,316,75.63291139240506,false,0807801000,Almeria,direct
fic,male,0807801,citymun,121,,,false,0807801000,Almeria,direct
fic,female,0807801,citymun,118,,,false,0807801000,Almeria,direct
cic,total,0807801,citymun,6,94,6.382978723404255,false,0807801000,Almeria,direct
cic,male,0807801,citymun,2,,,false,0807801000,Almeria,direct
cic,female,0807801,citymun,4,,,false,0807801000,Almeria,direct
fic,total,0807802,citymun,244,400,61.0,false,0807802000,Biliran,direct
fic,male,0807802,citymun,124,,,false,0807802000,Biliran,direct
fic,female,0807802,citymun,120,,,false,0807802000,Biliran,direct
cic,total,0807802,citymun,29,208,13.942307692307693,false,0807802000,Biliran,direct
cic,male,0807802,citymun,10,,,false,0807802000,Biliran,direct
cic,female,0807802,citymun,19,,,false,0807802000,Biliran,direct
fic,total,0807803,citymun,269,471,57.11252653927813,false,0807803000,Cabucgayan,direct
fic,male,0807803,citymun,124,,,false,0807803000,Cabucgayan,direct
fic,female,0807803,citymun,145,,,false,0807803000,Cabucgayan,direct
cic,total,0807803,citymun,19,177,10.734463276836157,false,0807803000,Cabucgayan,direct
cic,male,0807803,citymun,10,,,false,0807803000,Cabucgayan,direct
cic,female,0807803,citymun,9,,,false,0807803000,Cabucgayan,direct
fic,total,0807804,citymun,379,569,66.60808435852373,false,0807804000,Caibiran,direct
fic,male,0807804,citymun,191,,,false,0807804000,Caibiran,direct
fic,female,0807804,citymun,188,,,false,0807804000,Caibiran,direct
cic,total,0807804,citymun,8,222,3.6036036036036037,false,0807804000,Caibiran,direct
cic,male,0807804,citymun,7,,,false,0807804000,Caibiran,direct
cic,female,0807804,citymun,1,,,false,0807804000,Caibiran,direct
fic,total,0807805,citymun,193,267,72.28464419475655,false,0807805000,Culaba,direct
fic,male,0807805,citymun,105,,,false,0807805000,Culaba,direct
fic,female,0807805,citymun,88,,,false,0807805000,Culaba,direct
cic,total,0807805,citymun,3,66,4.545454545454546,false,0807805000,Culaba,direct
cic,male,0807805,citymun,1,,,false,0807805000,Culaba,direct
cic,female,0807805,citymun,2,,,false,0807805000,Culaba,direct
fic,total,0807806,citymun,283,342,82.7485380116959,false,0807806000,Kawayan,direct
fic,male,0807806,citymun,161,,,false,0807806000,Kawayan,direct
fic,female,0807806,citymun,122,,,false,0807806000,Kawayan,direct
cic,total,0807806,citymun,31,99,31.313131313131315,false,0807806000,Kawayan,direct
cic,male,0807806,citymun,20,,,false,0807806000,Kawayan,direct
cic,female,0807806,citymun,11,,,false,0807806000,Kawayan,direct
fic,total,0807807,citymun,80,103,77.66990291262135,false,0807807000,Maripipi,direct
fic,male,0807807,citymun,47,,,false,0807807000,Maripipi,direct
fic,female,0807807,citymun,33,,,false,0807807000,Maripipi,direct
cic,total,0807807,citymun,7,49,14.285714285714285,false,0807807000,Maripipi,direct
cic,male,0807807,citymun,5,,,false,0807807000,Maripipi,direct
cic,female,0807807,citymun,2,,,false,0807807000,Maripipi,direct
fic,total,0807808,citymun,991,1211,81.83319570602808,false,0807808000,Naval,direct
fic,male,0807808,citymun,535,,,false,0807808000,Naval,direct
fic,female,0807808,citymun,456,,,false,0807808000,Naval,direct
cic,total,0807808,citymun,117,333,35.13513513513514,false,0807808000,Naval,direct
cic,male,0807808,citymun,62,,,false,0807808000,Naval,direct
cic,female,0807808,citymun,55,,,false,0807808000,Naval,direct
fic,total,0803738,citymun,3340,5774,57.84551437478351,false,0803738000,Ormoc City,direct
fic,male,0803738,citymun,1749,,,false,0803738000,Ormoc City,direct
fic,female,0803738,citymun,1591,,,false,0803738000,Ormoc City,direct
cic,total,0803738,citymun,71,2281,3.1126698816308638,false,0803738000,Ormoc City,direct
cic,male,0803738,citymun,35,,,false,0803738000,Ormoc City,direct
cic,female,0803738,citymun,36,,,false,0803738000,Ormoc City,direct
fic,total,08316,province,3406,5973,57.02327138791227,false,0831600000,City of Tacloban,direct
fic,male,08316,province,1725,,,false,0831600000,City of Tacloban,direct
fic,female,08316,province,1681,,,false,0831600000,City of Tacloban,direct
cic,total,08316,province,370,2587,14.302280633938924,false,0831600000,City of Tacloban,direct
cic,male,08316,province,182,,,false,0831600000,City of Tacloban,direct
cic,female,08316,province,188,,,false,0831600000,City of Tacloban,direct
fic,total,09,region,57117,92714,61.60558275988524,false,0900000000,Region 9,direct
fic,male,09,region,28951,,,false,0900000000,Region 9,direct
fic,female,09,region,28166,,,false,0900000000,Region 9,direct
cic,total,09,region,4511,33878,13.315425940138143,false,0900000000,Region 9,direct
cic,male,09,region,2407,,,false,0900000000,Region 9,direct
cic,female,09,region,2104,,,false,0900000000,Region 9,direct
fic,total,09072,province,15269,27153,56.233197068463895,false,0907200000,Zamboanga del Norte,direct
fic,male,09072,province,7753,,,false,0907200000,Zamboanga del Norte,direct
fic,female,09072,province,7516,,,false,0907200000,Zamboanga del Norte,direct
cic,total,09072,province,1453,11421,12.722178443218631,false,0907200000,Zamboanga del Norte,direct
cic,male,09072,province,799,,,false,0907200000,Zamboanga del Norte,direct
cic,female,09072,province,654,,,false,0907200000,Zamboanga del Norte,direct
fic,total,0907201,citymun,1631,1999,81.59079539769884,false,0907201000,City of Dapitan,direct
fic,male,0907201,citymun,766,,,false,0907201000,City of Dapitan,direct
fic,female,0907201,citymun,865,,,false,0907201000,City of Dapitan,direct
cic,total,0907201,citymun,51,396,12.878787878787879,false,0907201000,City of Dapitan,direct
cic,male,0907201,citymun,36,,,false,0907201000,City of Dapitan,direct
cic,female,0907201,citymun,15,,,false,0907201000,City of Dapitan,direct
fic,total,0907202,citymun,1904,3157,60.310421286031044,false,0907202000,City of Dipolog,direct
fic,male,0907202,citymun,955,,,false,0907202000,City of Dipolog,direct
fic,female,0907202,citymun,949,,,false,0907202000,City of Dipolog,direct
cic,total,0907202,citymun,191,1174,16.269165247018737,false,0907202000,City of Dipolog,direct
cic,male,0907202,citymun,101,,,false,0907202000,City of Dipolog,direct
cic,female,0907202,citymun,90,,,false,0907202000,City of Dipolog,direct
fic,total,0907203,citymun,775,1186,65.34569983136593,false,0907203000,Katipunan,direct
fic,male,0907203,citymun,424,,,false,0907203000,Katipunan,direct
fic,female,0907203,citymun,351,,,false,0907203000,Katipunan,direct
cic,total,0907203,citymun,113,517,21.8568665377176,false,0907203000,Katipunan,direct
cic,male,0907203,citymun,56,,,false,0907203000,Katipunan,direct
cic,female,0907203,citymun,57,,,false,0907203000,Katipunan,direct
fic,total,0907204,citymun,108,180,60.0,false,0907204000,La Libertad,direct
fic,male,0907204,citymun,48,,,false,0907204000,La Libertad,direct
fic,female,0907204,citymun,60,,,false,0907204000,La Libertad,direct
cic,total,0907204,citymun,17,100,17.0,false,0907204000,La Libertad,direct
cic,male,0907204,citymun,9,,,false,0907204000,La Libertad,direct
cic,female,0907204,citymun,8,,,false,0907204000,La Libertad,direct
fic,total,0907205,citymun,695,1122,61.942959001782526,false,0907205000,Labason,direct
fic,male,0907205,citymun,362,,,false,0907205000,Labason,direct
fic,female,0907205,citymun,333,,,false,0907205000,Labason,direct
cic,total,0907205,citymun,7,321,2.1806853582554515,false,0907205000,Labason,direct
cic,male,0907205,citymun,6,,,false,0907205000,Labason,direct
cic,female,0907205,citymun,1,,,false,0907205000,Labason,direct
fic,total,0907206,citymun,523,1001,52.247752247752246,false,0907206000,Liloy,direct
fic,male,0907206,citymun,285,,,false,0907206000,Liloy,direct
fic,female,0907206,citymun,238,,,false,0907206000,Liloy,direct
cic,total,0907206,citymun,44,493,8.924949290060852,false,0907206000,Liloy,direct
cic,male,0907206,citymun,21,,,false,0907206000,Liloy,direct
cic,female,0907206,citymun,23,,,false,0907206000,Liloy,direct
fic,total,0907207,citymun,485,868,55.875576036866356,false,0907207000,Manukan,direct
fic,male,0907207,citymun,245,,,false,0907207000,Manukan,direct
fic,female,0907207,citymun,240,,,false,0907207000,Manukan,direct
cic,total,0907207,citymun,62,410,15.121951219512194,false,0907207000,Manukan,direct
cic,male,0907207,citymun,34,,,false,0907207000,Manukan,direct
cic,female,0907207,citymun,28,,,false,0907207000,Manukan,direct
fic,total,0907208,citymun,154,285,54.03508771929825,false,0907208000,Mutia,direct
fic,male,0907208,citymun,76,,,false,0907208000,Mutia,direct
fic,female,0907208,citymun,78,,,false,0907208000,Mutia,direct
cic,total,0907208,citymun,9,133,6.7669172932330826,false,0907208000,Mutia,direct
cic,male,0907208,citymun,4,,,false,0907208000,Mutia,direct
cic,female,0907208,citymun,5,,,false,0907208000,Mutia,direct
fic,total,0907209,citymun,383,467,82.01284796573876,false,0907209000,Piñan,direct
fic,male,0907209,citymun,221,,,false,0907209000,Piñan,direct
fic,female,0907209,citymun,162,,,false,0907209000,Piñan,direct
cic,total,0907209,citymun,7,133,5.263157894736842,false,0907209000,Piñan,direct
cic,male,0907209,citymun,5,,,false,0907209000,Piñan,direct
cic,female,0907209,citymun,2,,,false,0907209000,Piñan,direct
fic,total,0907210,citymun,776,1087,71.38914443422263,false,0907210000,Polanco,direct
fic,male,0907210,citymun,379,,,false,0907210000,Polanco,direct
fic,female,0907210,citymun,397,,,false,0907210000,Polanco,direct
cic,total,0907210,citymun,16,189,8.465608465608465,false,0907210000,Polanco,direct
cic,male,0907210,citymun,6,,,false,0907210000,Polanco,direct
cic,female,0907210,citymun,10,,,false,0907210000,Polanco,direct
fic,total,0907211,citymun,379,941,40.27630180658874,false,0907211000,Pres. Manuel A. Roxas,direct
fic,male,0907211,citymun,170,,,false,0907211000,Pres. Manuel A. Roxas,direct
fic,female,0907211,citymun,209,,,false,0907211000,Pres. Manuel A. Roxas,direct
cic,total,0907211,citymun,114,484,23.553719008264462,false,0907211000,Pres. Manuel A. Roxas,direct
cic,male,0907211,citymun,71,,,false,0907211000,Pres. Manuel A. Roxas,direct
cic,female,0907211,citymun,43,,,false,0907211000,Pres. Manuel A. Roxas,direct
fic,total,0907212,citymun,242,332,72.89156626506023,false,0907212000,Rizal,direct
fic,male,0907212,citymun,123,,,false,0907212000,Rizal,direct
fic,female,0907212,citymun,119,,,false,0907212000,Rizal,direct
cic,total,0907212,citymun,8,75,10.666666666666668,false,0907212000,Rizal,direct
cic,male,0907212,citymun,4,,,false,0907212000,Rizal,direct
cic,female,0907212,citymun,4,,,false,0907212000,Rizal,direct
fic,total,0907213,citymun,462,918,50.326797385620914,false,0907213000,Salug,direct
fic,male,0907213,citymun,240,,,false,0907213000,Salug,direct
fic,female,0907213,citymun,222,,,false,0907213000,Salug,direct
cic,total,0907213,citymun,33,328,10.060975609756099,false,0907213000,Salug,direct
cic,male,0907213,citymun,19,,,false,0907213000,Salug,direct
cic,female,0907213,citymun,14,,,false,0907213000,Salug,direct
fic,total,0907214,citymun,375,936,40.06410256410257,false,0907214000,Sergio Osmeña Sr.,direct
fic,male,0907214,citymun,182,,,false,0907214000,Sergio Osmeña Sr.,direct
fic,female,0907214,citymun,193,,,false,0907214000,Sergio Osmeña Sr.,direct
cic,total,0907214,citymun,40,535,7.476635514018691,false,0907214000,Sergio Osmeña Sr.,direct
cic,male,0907214,citymun,24,,,false,0907214000,Sergio Osmeña Sr.,direct
cic,female,0907214,citymun,16,,,false,0907214000,Sergio Osmeña Sr.,direct
fic,total,0907215,citymun,669,1122,59.62566844919787,false,0907215000,Siayan,direct
fic,male,0907215,citymun,329,,,false,0907215000,Siayan,direct
fic,female,0907215,citymun,340,,,false,0907215000,Siayan,direct
cic,total,0907215,citymun,36,479,7.515657620041753,false,0907215000,Siayan,direct
cic,male,0907215,citymun,22,,,false,0907215000,Siayan,direct
cic,female,0907215,citymun,14,,,false,0907215000,Siayan,direct
fic,total,0907216,citymun,374,1074,34.82309124767225,false,0907216000,Sibuco,direct
fic,male,0907216,citymun,184,,,false,0907216000,Sibuco,direct
fic,female,0907216,citymun,190,,,false,0907216000,Sibuco,direct
cic,total,0907216,citymun,197,776,25.386597938144327,false,0907216000,Sibuco,direct
cic,male,0907216,citymun,106,,,false,0907216000,Sibuco,direct
cic,female,0907216,citymun,91,,,false,0907216000,Sibuco,direct
fic,total,0907217,citymun,297,381,77.95275590551181,false,0907217000,Sibutad,direct
fic,male,0907217,citymun,164,,,false,0907217000,Sibutad,direct
fic,female,0907217,citymun,133,,,false,0907217000,Sibutad,direct
cic,total,0907217,citymun,20,148,13.513513513513514,false,0907217000,Sibutad,direct
cic,male,0907217,citymun,9,,,false,0907217000,Sibutad,direct
cic,female,0907217,citymun,11,,,false,0907217000,Sibutad,direct
fic,total,0907218,citymun,1624,3021,53.757034094670644,false,0907218000,Sindangan,direct
fic,male,0907218,citymun,853,,,false,0907218000,Sindangan,direct
fic,female,0907218,citymun,771,,,false,0907218000,Sindangan,direct
cic,total,0907218,citymun,149,1375,10.836363636363638,false,0907218000,Sindangan,direct
cic,male,0907218,citymun,83,,,false,0907218000,Sindangan,direct
cic,female,0907218,citymun,66,,,false,0907218000,Sindangan,direct
fic,total,0907219,citymun,373,1338,27.877428998505234,false,0907219000,Siocon,direct
fic,male,0907219,citymun,176,,,false,0907219000,Siocon,direct
fic,female,0907219,citymun,197,,,false,0907219000,Siocon,direct
cic,total,0907219,citymun,115,863,13.32560834298957,false,0907219000,Siocon,direct
cic,male,0907219,citymun,57,,,false,0907219000,Siocon,direct
cic,female,0907219,citymun,58,,,false,0907219000,Siocon,direct
fic,total,0907220,citymun,307,864,35.532407407407405,false,0907220000,Sirawai,direct
fic,male,0907220,citymun,142,,,false,0907220000,Sirawai,direct
fic,female,0907220,citymun,165,,,false,0907220000,Sirawai,direct
cic,total,0907220,citymun,43,484,8.884297520661157,false,0907220000,Sirawai,direct
cic,male,0907220,citymun,19,,,false,0907220000,Sirawai,direct
cic,female,0907220,citymun,24,,,false,0907220000,Sirawai,direct
fic,total,0907221,citymun,296,647,45.749613601236476,false,0907221000,Tampilisan,direct
fic,male,0907221,citymun,151,,,false,0907221000,Tampilisan,direct
fic,female,0907221,citymun,145,,,false,0907221000,Tampilisan,direct
cic,total,0907221,citymun,44,392,11.224489795918368,false,0907221000,Tampilisan,direct
cic,male,0907221,citymun,29,,,false,0907221000,Tampilisan,direct
cic,female,0907221,citymun,15,,,false,0907221000,Tampilisan,direct
fic,total,0907222,citymun,439,861,50.987224157955865,false,0907222000,Jose Dalman,direct
fic,male,0907222,citymun,245,,,false,0907222000,Jose Dalman,direct
fic,female,0907222,citymun,194,,,false,0907222000,Jose Dalman,direct
cic,total,0907222,citymun,34,394,8.629441624365482,false,0907222000,Jose Dalman,direct
cic,male,0907222,citymun,18,,,false,0907222000,Jose Dalman,direct
cic,female,0907222,citymun,16,,,false,0907222000,Jose Dalman,direct
fic,total,0907223,citymun,613,929,65.9849300322928,false,0907223000,Gutalac,direct
fic,male,0907223,citymun,316,,,false,0907223000,Gutalac,direct
fic,female,0907223,citymun,297,,,false,0907223000,Gutalac,direct
cic,total,0907223,citymun,17,221,7.6923076923076925,false,0907223000,Gutalac,direct
cic,male,0907223,citymun,9,,,false,0907223000,Gutalac,direct
cic,female,0907223,citymun,8,,,false,0907223000,Gutalac,direct
fic,total,0907224,citymun,248,596,41.61073825503356,false,0907224000,Baliguian,direct
fic,male,0907224,citymun,129,,,false,0907224000,Baliguian,direct
fic,female,0907224,citymun,119,,,false,0907224000,Baliguian,direct
cic,total,0907224,citymun,26,308,8.441558441558442,false,0907224000,Baliguian,direct
cic,male,0907224,citymun,15,,,false,0907224000,Baliguian,direct
cic,female,0907224,citymun,11,,,false,0907224000,Baliguian,direct
fic,total,0907225,citymun,240,469,51.1727078891258,false,0907225000,Godod,direct
fic,male,0907225,citymun,138,,,false,0907225000,Godod,direct
fic,female,0907225,citymun,102,,,false,0907225000,Godod,direct
cic,total,0907225,citymun,0,225,0.0,false,0907225000,Godod,direct
cic,male,0907225,citymun,0,,,false,0907225000,Godod,direct
cic,female,0907225,citymun,0,,,false,0907225000,Godod,direct
fic,total,0907226,citymun,483,767,62.97262059973925,false,0907226000,Bacungan,direct
fic,male,0907226,citymun,237,,,false,0907226000,Bacungan,direct
fic,female,0907226,citymun,246,,,false,0907226000,Bacungan,direct
cic,total,0907226,citymun,36,272,13.23529411764706,false,0907226000,Bacungan,direct
cic,male,0907226,citymun,24,,,false,0907226000,Bacungan,direct
cic,female,0907226,citymun,12,,,false,0907226000,Bacungan,direct
fic,total,0907227,citymun,414,605,68.4297520661157,false,0907227000,Kalawit,direct
fic,male,0907227,citymun,213,,,false,0907227000,Kalawit,direct
fic,female,0907227,citymun,201,,,false,0907227000,Kalawit,direct
cic,total,0907227,citymun,24,196,12.244897959183673,false,0907227000,Kalawit,direct
cic,male,0907227,citymun,12,,,false,0907227000,Kalawit,direct
cic,female,0907227,citymun,12,,,false,0907227000,Kalawit,direct
fic,total,09073,province,14458,25904,55.81377393452749,false,0907300000,Zamboanga del Sur,direct
fic,male,09073,province,7338,,,false,0907300000,Zamboanga del Sur,direct
fic,female,09073,province,7120,,,false,0907300000,Zamboanga del Sur,direct
cic,total,09073,province,1192,12028,9.910209511140671,false,0907300000,Zamboanga del Sur,direct
cic,male,09073,province,641,,,false,0907300000,Zamboanga del Sur,direct
cic,female,09073,province,551,,,false,0907300000,Zamboanga del Sur,direct
fic,total,0907302,citymun,777,1292,60.13931888544891,false,0907302000,Aurora,direct
fic,male,0907302,citymun,403,,,false,0907302000,Aurora,direct
fic,female,0907302,citymun,374,,,false,0907302000,Aurora,direct
cic,total,0907302,citymun,49,687,7.132459970887918,false,0907302000,Aurora,direct
cic,male,0907302,citymun,34,,,false,0907302000,Aurora,direct
cic,female,0907302,citymun,15,,,false,0907302000,Aurora,direct
fic,total,0907303,citymun,465,842,55.225653206650826,false,0907303000,Bayog,direct
fic,male,0907303,citymun,244,,,false,0907303000,Bayog,direct
fic,female,0907303,citymun,221,,,false,0907303000,Bayog,direct
cic,total,0907303,citymun,17,321,5.29595015576324,false,0907303000,Bayog,direct
cic,male,0907303,citymun,10,,,false,0907303000,Bayog,direct
cic,female,0907303,citymun,7,,,false,0907303000,Bayog,direct
fic,total,0907305,citymun,368,776,47.42268041237113,false,0907305000,Dimataling,direct
fic,male,0907305,citymun,184,,,false,0907305000,Dimataling,direct
fic,female,0907305,citymun,184,,,false,0907305000,Dimataling,direct
cic,total,0907305,citymun,3,352,0.8522727272727272,false,0907305000,Dimataling,direct
cic,male,0907305,citymun,2,,,false,0907305000,Dimataling,direct
cic,female,0907305,citymun,1,,,false,0907305000,Dimataling,direct
fic,total,0907306,citymun,411,1033,39.787028073572124,false,0907306000,Dinas,direct
fic,male,0907306,citymun,204,,,false,0907306000,Dinas,direct
fic,female,0907306,citymun,207,,,false,0907306000,Dinas,direct
cic,total,0907306,citymun,85,671,12.667660208643817,false,0907306000,Dinas,direct
cic,male,0907306,citymun,52,,,false,0907306000,Dinas,direct
cic,female,0907306,citymun,33,,,false,0907306000,Dinas,direct
fic,total,0907307,citymun,460,761,60.44678055190539,false,0907307000,Dumalinao,direct
fic,male,0907307,citymun,249,,,false,0907307000,Dumalinao,direct
fic,female,0907307,citymun,211,,,false,0907307000,Dumalinao,direct
cic,total,0907307,citymun,18,200,9.0,false,0907307000,Dumalinao,direct
cic,male,0907307,citymun,10,,,false,0907307000,Dumalinao,direct
cic,female,0907307,citymun,8,,,false,0907307000,Dumalinao,direct
fic,total,0907308,citymun,1015,1366,74.30453879941435,false,0907308000,Dumingag,direct
fic,male,0907308,citymun,522,,,false,0907308000,Dumingag,direct
fic,female,0907308,citymun,493,,,false,0907308000,Dumingag,direct
cic,total,0907308,citymun,29,287,10.104529616724738,false,0907308000,Dumingag,direct
cic,male,0907308,citymun,16,,,false,0907308000,Dumingag,direct
cic,female,0907308,citymun,13,,,false,0907308000,Dumingag,direct
fic,total,0907311,citymun,320,695,46.043165467625904,false,0907311000,Kumalarang,direct
fic,male,0907311,citymun,155,,,false,0907311000,Kumalarang,direct
fic,female,0907311,citymun,165,,,false,0907311000,Kumalarang,direct
cic,total,0907311,citymun,45,423,10.638297872340425,false,0907311000,Kumalarang,direct
cic,male,0907311,citymun,26,,,false,0907311000,Kumalarang,direct
cic,female,0907311,citymun,19,,,false,0907311000,Kumalarang,direct
fic,total,0907312,citymun,581,1171,49.61571306575576,false,0907312000,Labangan,direct
fic,male,0907312,citymun,266,,,false,0907312000,Labangan,direct
fic,female,0907312,citymun,315,,,false,0907312000,Labangan,direct
cic,total,0907312,citymun,72,522,13.793103448275861,false,0907312000,Labangan,direct
cic,male,0907312,citymun,34,,,false,0907312000,Labangan,direct
cic,female,0907312,citymun,38,,,false,0907312000,Labangan,direct
fic,total,0907313,citymun,285,657,43.37899543378995,false,0907313000,Lapuyan,direct
fic,male,0907313,citymun,139,,,false,0907313000,Lapuyan,direct
fic,female,0907313,citymun,146,,,false,0907313000,Lapuyan,direct
cic,total,0907313,citymun,62,394,15.736040609137056,false,0907313000,Lapuyan,direct
cic,male,0907313,citymun,29,,,false,0907313000,Lapuyan,direct
cic,female,0907313,citymun,33,,,false,0907313000,Lapuyan,direct
fic,total,0907315,citymun,712,1135,62.731277533039645,false,0907315000,Mahayag,direct
fic,male,0907315,citymun,373,,,false,0907315000,Mahayag,direct
fic,female,0907315,citymun,339,,,false,0907315000,Mahayag,direct
cic,total,0907315,citymun,40,639,6.259780907668231,false,0907315000,Mahayag,direct
cic,male,0907315,citymun,23,,,false,0907315000,Mahayag,direct
cic,female,0907315,citymun,17,,,false,0907315000,Mahayag,direct
fic,total,0907317,citymun,329,897,36.677814938684506,false,0907317000,Margosatubig,direct
fic,male,0907317,citymun,165,,,false,0907317000,Margosatubig,direct
fic,female,0907317,citymun,164,,,false,0907317000,Margosatubig,direct
cic,total,0907317,citymun,110,483,22.77432712215321,false,0907317000,Margosatubig,direct
cic,male,0907317,citymun,61,,,false,0907317000,Margosatubig,direct
cic,female,0907317,citymun,49,,,false,0907317000,Margosatubig,direct
fic,total,0907318,citymun,304,800,38.0,false,0907318000,Midsalip,direct
fic,male,0907318,citymun,163,,,false,0907318000,Midsalip,direct
fic,female,0907318,citymun,141,,,false,0907318000,Midsalip,direct
cic,total,0907318,citymun,159,496,32.056451612903224,false,0907318000,Midsalip,direct
cic,male,0907318,citymun,92,,,false,0907318000,Midsalip,direct
cic,female,0907318,citymun,67,,,false,0907318000,Midsalip,direct
fic,total,0907319,citymun,826,1320,62.57575757575757,false,0907319000,Molave,direct
fic,male,0907319,citymun,423,,,false,0907319000,Molave,direct
fic,female,0907319,citymun,403,,,false,0907319000,Molave,direct
cic,total,0907319,citymun,13,456,2.850877192982456,false,0907319000,Molave,direct
cic,male,0907319,citymun,4,,,false,0907319000,Molave,direct
cic,female,0907319,citymun,9,,,false,0907319000,Molave,direct
fic,total,0907322,citymun,3704,5249,70.56582206134502,false,0907322000,City of Pagadian,direct
fic,male,0907322,citymun,1868,,,false,0907322000,City of Pagadian,direct
fic,female,0907322,citymun,1836,,,false,0907322000,City of Pagadian,direct
cic,total,0907322,citymun,72,1841,3.9109179793590436,false,0907322000,City of Pagadian,direct
cic,male,0907322,citymun,35,,,false,0907322000,City of Pagadian,direct
cic,female,0907322,citymun,37,,,false,0907322000,City of Pagadian,direct
fic,total,0907323,citymun,377,602,62.62458471760798,false,0907323000,Ramon Magsaysay,direct
fic,male,0907323,citymun,187,,,false,0907323000,Ramon Magsaysay,direct
fic,female,0907323,citymun,190,,,false,0907323000,Ramon Magsaysay,direct
cic,total,0907323,citymun,12,201,5.970149253731343,false,0907323000,Ramon Magsaysay,direct
cic,male,0907323,citymun,9,,,false,0907323000,Ramon Magsaysay,direct
cic,female,0907323,citymun,3,,,false,0907323000,Ramon Magsaysay,direct
fic,total,0907324,citymun,322,514,62.64591439688716,false,0907324000,San Miguel,direct
fic,male,0907324,citymun,171,,,false,0907324000,San Miguel,direct
fic,female,0907324,citymun,151,,,false,0907324000,San Miguel,direct
cic,total,0907324,citymun,17,237,7.172995780590717,false,0907324000,San Miguel,direct
cic,male,0907324,citymun,9,,,false,0907324000,San Miguel,direct
cic,female,0907324,citymun,8,,,false,0907324000,San Miguel,direct
fic,total,0907325,citymun,293,681,43.02496328928047,false,0907325000,San Pablo,direct
fic,male,0907325,citymun,143,,,false,0907325000,San Pablo,direct
fic,female,0907325,citymun,150,,,false,0907325000,San Pablo,direct
cic,total,0907325,citymun,0,385,0.0,false,0907325000,San Pablo,direct
cic,male,0907325,citymun,0,,,false,0907325000,San Pablo,direct
cic,female,0907325,citymun,0,,,false,0907325000,San Pablo,direct
fic,total,0907327,citymun,197,641,30.733229329173167,false,0907327000,Tabina,direct
fic,male,0907327,citymun,102,,,false,0907327000,Tabina,direct
fic,female,0907327,citymun,95,,,false,0907327000,Tabina,direct
cic,total,0907327,citymun,105,483,21.73913043478261,false,0907327000,Tabina,direct
cic,male,0907327,citymun,57,,,false,0907327000,Tabina,direct
cic,female,0907327,citymun,48,,,false,0907327000,Tabina,direct
fic,total,0907328,citymun,472,949,49.73656480505795,false,0907328000,Tambulig,direct
fic,male,0907328,citymun,234,,,false,0907328000,Tambulig,direct
fic,female,0907328,citymun,238,,,false,0907328000,Tambulig,direct
cic,total,0907328,citymun,48,607,7.907742998352553,false,0907328000,Tambulig,direct
cic,male,0907328,citymun,21,,,false,0907328000,Tambulig,direct
cic,female,0907328,citymun,27,,,false,0907328000,Tambulig,direct
fic,total,0907330,citymun,427,996,42.8714859437751,false,0907330000,Tukuran,direct
fic,male,0907330,citymun,231,,,false,0907330000,Tukuran,direct
fic,female,0907330,citymun,196,,,false,0907330000,Tukuran,direct
cic,total,0907330,citymun,71,607,11.696869851729819,false,0907330000,Tukuran,direct
cic,male,0907330,citymun,41,,,false,0907330000,Tukuran,direct
cic,female,0907330,citymun,30,,,false,0907330000,Tukuran,direct
fic,total,0907333,citymun,233,434,53.686635944700456,false,0907333000,Lakewood,direct
fic,male,0907333,citymun,121,,,false,0907333000,Lakewood,direct
fic,female,0907333,citymun,112,,,false,0907333000,Lakewood,direct
cic,total,0907333,citymun,37,150,24.666666666666668,false,0907333000,Lakewood,direct
cic,male,0907333,citymun,18,,,false,0907333000,Lakewood,direct
cic,female,0907333,citymun,19,,,false,0907333000,Lakewood,direct
fic,total,0907337,citymun,239,296,80.74324324324324,false,0907337000,Josefina,direct
fic,male,0907337,citymun,125,,,false,0907337000,Josefina,direct
fic,female,0907337,citymun,114,,,false,0907337000,Josefina,direct
cic,total,0907337,citymun,0,53,0.0,false,0907337000,Josefina,direct
cic,male,0907337,citymun,0,,,false,0907337000,Josefina,direct
cic,female,0907337,citymun,0,,,false,0907337000,Josefina,direct
fic,total,0907338,citymun,299,766,39.03394255874674,false,0907338000,Pitogo,direct
fic,male,0907338,citymun,152,,,false,0907338000,Pitogo,direct
fic,female,0907338,citymun,147,,,false,0907338000,Pitogo,direct
cic,total,0907338,citymun,28,529,5.293005671077505,false,0907338000,Pitogo,direct
cic,male,0907338,citymun,12,,,false,0907338000,Pitogo,direct
cic,female,0907338,citymun,16,,,false,0907338000,Pitogo,direct
fic,total,0907340,citymun,219,477,45.911949685534594,false,0907340000,Sominot,direct
fic,male,0907340,citymun,111,,,false,0907340000,Sominot,direct
fic,female,0907340,citymun,108,,,false,0907340000,Sominot,direct
cic,total,0907340,citymun,33,339,9.734513274336283,false,0907340000,Sominot,direct
cic,male,0907340,citymun,15,,,false,0907340000,Sominot,direct
cic,female,0907340,citymun,18,,,false,0907340000,Sominot,direct
fic,total,0907341,citymun,261,585,44.61538461538462,false,0907341000,Vincenzo A. Sagun,direct
fic,male,0907341,citymun,139,,,false,0907341000,Vincenzo A. Sagun,direct
fic,female,0907341,citymun,122,,,false,0907341000,Vincenzo A. Sagun,direct
cic,total,0907341,citymun,4,268,1.4925373134328357,false,0907341000,Vincenzo A. Sagun,direct
cic,male,0907341,citymun,0,,,false,0907341000,Vincenzo A. Sagun,direct
cic,female,0907341,citymun,4,,,false,0907341000,Vincenzo A. Sagun,direct
fic,total,0907343,citymun,298,404,73.76237623762376,false,0907343000,Guipos,direct
fic,male,0907343,citymun,139,,,false,0907343000,Guipos,direct
fic,female,0907343,citymun,159,,,false,0907343000,Guipos,direct
cic,total,0907343,citymun,19,100,19.0,false,0907343000,Guipos,direct
cic,male,0907343,citymun,10,,,false,0907343000,Guipos,direct
cic,female,0907343,citymun,9,,,false,0907343000,Guipos,direct
fic,total,0907344,citymun,264,565,46.72566371681416,false,0907344000,Tigbao,direct
fic,male,0907344,citymun,125,,,false,0907344000,Tigbao,direct
fic,female,0907344,citymun,139,,,false,0907344000,Tigbao,direct
cic,total,0907344,citymun,44,297,14.814814814814813,false,0907344000,Tigbao,direct
cic,male,0907344,citymun,21,,,false,0907344000,Tigbao,direct
cic,female,0907344,citymun,23,,,false,0907344000,Tigbao,direct
fic,total,09083,province,8795,15123,58.15645043972757,false,0908001000,Zamboanga Sibugay,name_scoped
fic,male,09083,province,4437,,,false,0908001000,Zamboanga Sibugay,name_scoped
fic,female,09083,province,4358,,,false,0908001000,Zamboanga Sibugay,name_scoped
cic,total,09083,province,529,5277,10.02463520939928,false,0908001000,Zamboanga Sibugay,name_scoped
cic,male,09083,province,288,,,false,0908001000,Zamboanga Sibugay,name_scoped
cic,female,09083,province,241,,,false,0908001000,Zamboanga Sibugay,name_scoped
fic,total,0908301,citymun,611,988,61.8421052631579,false,0908301000,Alicia,direct
fic,male,0908301,citymun,311,,,false,0908301000,Alicia,direct
fic,female,0908301,citymun,300,,,false,0908301000,Alicia,direct
cic,total,0908301,citymun,67,174,38.50574712643678,false,0908301000,Alicia,direct
cic,male,0908301,citymun,33,,,false,0908301000,Alicia,direct
cic,female,0908301,citymun,34,,,false,0908301000,Alicia,direct
fic,total,0908302,citymun,479,824,58.13106796116505,false,0908302000,Buug,direct
fic,male,0908302,citymun,264,,,false,0908302000,Buug,direct
fic,female,0908302,citymun,215,,,false,0908302000,Buug,direct
cic,total,0908302,citymun,11,335,3.2835820895522385,false,0908302000,Buug,direct
cic,male,0908302,citymun,9,,,false,0908302000,Buug,direct
cic,female,0908302,citymun,2,,,false,0908302000,Buug,direct
fic,total,0908303,citymun,438,650,67.38461538461539,false,0908303000,Diplahan,direct
fic,male,0908303,citymun,225,,,false,0908303000,Diplahan,direct
fic,female,0908303,citymun,213,,,false,0908303000,Diplahan,direct
cic,total,0908303,citymun,5,153,3.2679738562091507,false,0908303000,Diplahan,direct
cic,male,0908303,citymun,4,,,false,0908303000,Diplahan,direct
cic,female,0908303,citymun,1,,,false,0908303000,Diplahan,direct
fic,total,0908304,citymun,469,635,73.85826771653544,false,0908304000,Imelda,direct
fic,male,0908304,citymun,216,,,false,0908304000,Imelda,direct
fic,female,0908304,citymun,253,,,false,0908304000,Imelda,direct
cic,total,0908304,citymun,20,150,13.333333333333334,false,0908304000,Imelda,direct
cic,male,0908304,citymun,8,,,false,0908304000,Imelda,direct
cic,female,0908304,citymun,12,,,false,0908304000,Imelda,direct
fic,total,0908305,citymun,1313,1877,69.95205114544486,false,0908305000,Ipil,direct
fic,male,0908305,citymun,652,,,false,0908305000,Ipil,direct
fic,female,0908305,citymun,661,,,false,0908305000,Ipil,direct
cic,total,0908305,citymun,53,444,11.936936936936938,false,0908305000,Ipil,direct
cic,male,0908305,citymun,29,,,false,0908305000,Ipil,direct
cic,female,0908305,citymun,24,,,false,0908305000,Ipil,direct
fic,total,0908306,citymun,646,1150,56.173913043478265,false,0908306000,Kabasalan,direct
fic,male,0908306,citymun,324,,,false,0908306000,Kabasalan,direct
fic,female,0908306,citymun,322,,,false,0908306000,Kabasalan,direct
cic,total,0908306,citymun,33,503,6.560636182902585,false,0908306000,Kabasalan,direct
cic,male,0908306,citymun,20,,,false,0908306000,Kabasalan,direct
cic,female,0908306,citymun,13,,,false,0908306000,Kabasalan,direct
fic,total,0908307,citymun,288,967,29.782833505687694,false,0908307000,Mabuhay,direct
fic,male,0908307,citymun,143,,,false,0908307000,Mabuhay,direct
fic,female,0908307,citymun,145,,,false,0908307000,Mabuhay,direct
cic,total,0908307,citymun,27,716,3.7709497206703912,false,0908307000,Mabuhay,direct
cic,male,0908307,citymun,13,,,false,0908307000,Mabuhay,direct
cic,female,0908307,citymun,14,,,false,0908307000,Mabuhay,direct
fic,total,0908308,citymun,491,601,81.69717138103162,false,0908308000,Malangas,direct
fic,male,0908308,citymun,251,,,false,0908308000,Malangas,direct
fic,female,0908308,citymun,240,,,false,0908308000,Malangas,direct
cic,total,0908308,citymun,3,37,8.108108108108109,false,0908308000,Malangas,direct
cic,male,0908308,citymun,0,,,false,0908308000,Malangas,direct
cic,female,0908308,citymun,3,,,false,0908308000,Malangas,direct
fic,total,0908309,citymun,563,1012,55.63241106719368,false,0908309000,Naga,direct
fic,male,0908309,citymun,285,,,false,0908309000,Naga,direct
fic,female,0908309,citymun,278,,,false,0908309000,Naga,direct
cic,total,0908309,citymun,6,446,1.345291479820628,false,0908309000,Naga,direct
cic,male,0908309,citymun,1,,,false,0908309000,Naga,direct
cic,female,0908309,citymun,5,,,false,0908309000,Naga,direct
fic,total,0908310,citymun,301,862,34.91879350348028,false,0908310000,Olutanga,direct
fic,male,0908310,citymun,153,,,false,0908310000,Olutanga,direct
fic,female,0908310,citymun,148,,,false,0908310000,Olutanga,direct
cic,total,0908310,citymun,34,492,6.910569105691057,false,0908310000,Olutanga,direct
cic,male,0908310,citymun,15,,,false,0908310000,Olutanga,direct
cic,female,0908310,citymun,19,,,false,0908310000,Olutanga,direct
fic,total,0908311,citymun,498,942,52.86624203821656,false,0908311000,Payao,direct
fic,male,0908311,citymun,235,,,false,0908311000,Payao,direct
fic,female,0908311,citymun,263,,,false,0908311000,Payao,direct
cic,total,0908311,citymun,4,287,1.3937282229965158,false,0908311000,Payao,direct
cic,male,0908311,citymun,1,,,false,0908311000,Payao,direct
cic,female,0908311,citymun,3,,,false,0908311000,Payao,direct
fic,total,0908312,citymun,541,901,60.04439511653719,false,0908312000,Roseller Lim,direct
fic,male,0908312,citymun,287,,,false,0908312000,Roseller Lim,direct
fic,female,0908312,citymun,254,,,false,0908312000,Roseller Lim,direct
cic,total,0908312,citymun,49,217,22.58064516129032,false,0908312000,Roseller Lim,direct
cic,male,0908312,citymun,29,,,false,0908312000,Roseller Lim,direct
cic,female,0908312,citymun,20,,,false,0908312000,Roseller Lim,direct
fic,total,0908313,citymun,594,928,64.00862068965517,false,0908313000,Siay,direct
fic,male,0908313,citymun,294,,,false,0908313000,Siay,direct
fic,female,0908313,citymun,300,,,false,0908313000,Siay,direct
cic,total,0908313,citymun,48,304,15.789473684210526,false,0908313000,Siay,direct
cic,male,0908313,citymun,30,,,false,0908313000,Siay,direct
cic,female,0908313,citymun,18,,,false,0908313000,Siay,direct
fic,total,0908314,citymun,218,640,34.0625,false,0908314000,Talusan,direct
fic,male,0908314,citymun,109,,,false,0908314000,Talusan,direct
fic,female,0908314,citymun,109,,,false,0908314000,Talusan,direct
cic,total,0908314,citymun,2,396,0.5050505050505051,false,0908314000,Talusan,direct
cic,male,0908314,citymun,0,,,false,0908314000,Talusan,direct
cic,female,0908314,citymun,2,,,false,0908314000,Talusan,direct
fic,total,0908315,citymun,695,1117,62.2202327663384,false,0908315000,Titay,direct
fic,male,0908315,citymun,351,,,false,0908315000,Titay,direct
fic,female,0908315,citymun,344,,,false,0908315000,Titay,direct
cic,total,0908315,citymun,94,344,27.325581395348834,false,0908315000,Titay,direct
cic,male,0908315,citymun,52,,,false,0908315000,Titay,direct
cic,female,0908315,citymun,42,,,false,0908315000,Titay,direct
fic,total,0908316,citymun,650,1029,63.16812439261419,false,0908316000,Tungawan,direct
fic,male,0908316,citymun,337,,,false,0908316000,Tungawan,direct
fic,female,0908316,citymun,313,,,false,0908316000,Tungawan,direct
cic,total,0908316,citymun,73,279,26.16487455197133,false,0908316000,Tungawan,direct
cic,male,0908316,citymun,44,,,false,0908316000,Tungawan,direct
cic,female,0908316,citymun,29,,,false,0908316000,Tungawan,direct
fic,total,09317,province,15570,21040,74.00190114068441,false,0931700000,City of Zamboanga,direct
fic,male,09317,province,7902,,,false,0931700000,City of Zamboanga,direct
fic,female,09317,province,7668,,,false,0931700000,City of Zamboanga,direct
cic,total,09317,province,1219,4228,28.83159886471145,false,0931700000,City of Zamboanga,direct
cic,male,09317,province,622,,,false,0931700000,City of Zamboanga,direct
cic,female,09317,province,597,,,false,0931700000,City of Zamboanga,direct
fic,total,0990101,citymun,3025,3494,86.57698912421293,false,0990101000,City of Isabela,direct
fic,male,0990101,citymun,1521,,,false,0990101000,City of Isabela,direct
fic,female,0990101,citymun,1504,,,false,0990101000,City of Isabela,direct
cic,total,0990101,citymun,118,924,12.770562770562771,false,0990101000,City of Isabela,direct
cic,male,0990101,citymun,57,,,false,0990101000,City of Isabela,direct
cic,female,0990101,citymun,61,,,false,0990101000,City of Isabela,direct
fic,total,10,region,76696,119709,64.06869993066519,false,1000000000,Region 10,direct
fic,male,10,region,38701,,,false,1000000000,Region 10,direct
fic,female,10,region,37995,,,false,1000000000,Region 10,direct
cic,total,10,region,9469,43724,21.65629860031104,false,1000000000,Region 10,direct
cic,male,10,region,4782,,,false,1000000000,Region 10,direct
cic,female,10,region,4687,,,false,1000000000,Region 10,direct
fic,total,10013,province,21582,36852,58.563985672419406,false,1001300000,Bukidnon,direct
fic,male,10013,province,10896,,,false,1001300000,Bukidnon,direct
fic,female,10013,province,10686,,,false,1001300000,Bukidnon,direct
cic,total,10013,province,3443,14065,24.47920369712051,false,1001300000,Bukidnon,direct
cic,male,10013,province,1778,,,false,1001300000,Bukidnon,direct
cic,female,10013,province,1665,,,false,1001300000,Bukidnon,direct
fic,total,1001301,citymun,607,805,75.40372670807454,false,1001301000,Baungon,direct
fic,male,1001301,citymun,286,,,false,1001301000,Baungon,direct
fic,female,1001301,citymun,321,,,false,1001301000,Baungon,direct
cic,total,1001301,citymun,38,196,19.387755102040817,false,1001301000,Baungon,direct
cic,male,1001301,citymun,18,,,false,1001301000,Baungon,direct
cic,female,1001301,citymun,20,,,false,1001301000,Baungon,direct
fic,total,1001302,citymun,340,864,39.351851851851855,false,1001302000,Damulog,direct
fic,male,1001302,citymun,177,,,false,1001302000,Damulog,direct
fic,female,1001302,citymun,163,,,false,1001302000,Damulog,direct
cic,total,1001302,citymun,59,611,9.656301145662848,false,1001302000,Damulog,direct
cic,male,1001302,citymun,39,,,false,1001302000,Damulog,direct
cic,female,1001302,citymun,20,,,false,1001302000,Damulog,direct
fic,total,1001303,citymun,366,577,63.43154246100519,false,1001303000,Dangcagan,direct
fic,male,1001303,citymun,179,,,false,1001303000,Dangcagan,direct
fic,female,1001303,citymun,187,,,false,1001303000,Dangcagan,direct
cic,total,1001303,citymun,53,220,24.09090909090909,false,1001303000,Dangcagan,direct
cic,male,1001303,citymun,25,,,false,1001303000,Dangcagan,direct
cic,female,1001303,citymun,28,,,false,1001303000,Dangcagan,direct
fic,total,1001304,citymun,1163,1748,66.53318077803205,false,1001304000,Don Carlos,direct
fic,male,1001304,citymun,616,,,false,1001304000,Don Carlos,direct
fic,female,1001304,citymun,547,,,false,1001304000,Don Carlos,direct
cic,total,1001304,citymun,162,437,37.07093821510298,false,1001304000,Don Carlos,direct
cic,male,1001304,citymun,82,,,false,1001304000,Don Carlos,direct
cic,female,1001304,citymun,80,,,false,1001304000,Don Carlos,direct
fic,total,1001305,citymun,480,1395,34.40860215053764,false,1001305000,Impasug-ong,direct
fic,male,1001305,citymun,239,,,false,1001305000,Impasug-ong,direct
fic,female,1001305,citymun,241,,,false,1001305000,Impasug-ong,direct
cic,total,1001305,citymun,82,765,10.718954248366012,false,1001305000,Impasug-ong,direct
cic,male,1001305,citymun,45,,,false,1001305000,Impasug-ong,direct
cic,female,1001305,citymun,37,,,false,1001305000,Impasug-ong,direct
fic,total,1001306,citymun,443,739,59.945872801082544,false,1001306000,Kadingilan,direct
fic,male,1001306,citymun,227,,,false,1001306000,Kadingilan,direct
fic,female,1001306,citymun,216,,,false,1001306000,Kadingilan,direct
cic,total,1001306,citymun,15,258,5.813953488372093,false,1001306000,Kadingilan,direct
cic,male,1001306,citymun,10,,,false,1001306000,Kadingilan,direct
cic,female,1001306,citymun,5,,,false,1001306000,Kadingilan,direct
fic,total,1001307,citymun,536,1026,52.241715399610136,false,1001307000,Kalilangan,direct
fic,male,1001307,citymun,241,,,false,1001307000,Kalilangan,direct
fic,female,1001307,citymun,295,,,false,1001307000,Kalilangan,direct
cic,total,1001307,citymun,140,441,31.746031746031743,false,1001307000,Kalilangan,direct
cic,male,1001307,citymun,61,,,false,1001307000,Kalilangan,direct
cic,female,1001307,citymun,79,,,false,1001307000,Kalilangan,direct
fic,total,1001308,citymun,392,927,42.28694714131607,false,1001308000,Kibawe,direct
fic,male,1001308,citymun,200,,,false,1001308000,Kibawe,direct
fic,female,1001308,citymun,192,,,false,1001308000,Kibawe,direct
cic,total,1001308,citymun,192,477,40.25157232704403,false,1001308000,Kibawe,direct
cic,male,1001308,citymun,89,,,false,1001308000,Kibawe,direct
cic,female,1001308,citymun,103,,,false,1001308000,Kibawe,direct
fic,total,1001309,citymun,95,1270,7.480314960629922,false,1001309000,Kitaotao,direct
fic,male,1001309,citymun,48,,,false,1001309000,Kitaotao,direct
fic,female,1001309,citymun,47,,,false,1001309000,Kitaotao,direct
cic,total,1001309,citymun,178,877,20.296465222348917,false,1001309000,Kitaotao,direct
cic,male,1001309,citymun,93,,,false,1001309000,Kitaotao,direct
cic,female,1001309,citymun,85,,,false,1001309000,Kitaotao,direct
fic,total,1001310,citymun,1138,1528,74.47643979057592,false,1001310000,Lantapan,direct
fic,male,1001310,citymun,587,,,false,1001310000,Lantapan,direct
fic,female,1001310,citymun,551,,,false,1001310000,Lantapan,direct
cic,total,1001310,citymun,43,290,14.827586206896552,false,1001310000,Lantapan,direct
cic,male,1001310,citymun,26,,,false,1001310000,Lantapan,direct
cic,female,1001310,citymun,17,,,false,1001310000,Lantapan,direct
fic,total,1001311,citymun,901,1142,78.89667250437829,false,1001311000,Libona,direct
fic,male,1001311,citymun,481,,,false,1001311000,Libona,direct
fic,female,1001311,citymun,420,,,false,1001311000,Libona,direct
cic,total,1001311,citymun,20,220,9.090909090909092,false,1001311000,Libona,direct
cic,male,1001311,citymun,11,,,false,1001311000,Libona,direct
cic,female,1001311,citymun,9,,,false,1001311000,Libona,direct
fic,total,1001312,citymun,2466,4504,54.751332149200714,false,1001312000,City of Malaybalay,direct
fic,male,1001312,citymun,1270,,,false,1001312000,City of Malaybalay,direct
fic,female,1001312,citymun,1196,,,false,1001312000,City of Malaybalay,direct
cic,total,1001312,citymun,256,2032,12.598425196850393,false,1001312000,City of Malaybalay,direct
cic,male,1001312,citymun,124,,,false,1001312000,City of Malaybalay,direct
cic,female,1001312,citymun,132,,,false,1001312000,City of Malaybalay,direct
fic,total,1001313,citymun,408,465,87.74193548387098,false,1001313000,Malitbog,direct
fic,male,1001313,citymun,216,,,false,1001313000,Malitbog,direct
fic,female,1001313,citymun,192,,,false,1001313000,Malitbog,direct
cic,total,1001313,citymun,62,-306,-20.26143790849673,false,1001313000,Malitbog,direct
cic,male,1001313,citymun,42,,,false,1001313000,Malitbog,direct
cic,female,1001313,citymun,20,,,false,1001313000,Malitbog,direct
fic,total,1001314,citymun,2435,2591,93.97915862601313,false,1001314000,Manolo Fortich,direct
fic,male,1001314,citymun,1252,,,false,1001314000,Manolo Fortich,direct
fic,female,1001314,citymun,1183,,,false,1001314000,Manolo Fortich,direct
cic,total,1001314,citymun,186,385,48.311688311688314,false,1001314000,Manolo Fortich,direct
cic,male,1001314,citymun,104,,,false,1001314000,Manolo Fortich,direct
cic,female,1001314,citymun,82,,,false,1001314000,Manolo Fortich,direct
fic,total,1001315,citymun,1741,2521,69.05989686632289,false,1001315000,Maramag,direct
fic,male,1001315,citymun,859,,,false,1001315000,Maramag,direct
fic,female,1001315,citymun,882,,,false,1001315000,Maramag,direct
cic,total,1001315,citymun,232,1129,20.549158547387066,false,1001315000,Maramag,direct
cic,male,1001315,citymun,115,,,false,1001315000,Maramag,direct
cic,female,1001315,citymun,117,,,false,1001315000,Maramag,direct
fic,total,1001316,citymun,702,1329,52.82167042889391,false,1001316000,Pangantucan,direct
fic,male,1001316,citymun,328,,,false,1001316000,Pangantucan,direct
fic,female,1001316,citymun,374,,,false,1001316000,Pangantucan,direct
cic,total,1001316,citymun,252,397,63.476070528967256,false,1001316000,Pangantucan,direct
cic,male,1001316,citymun,144,,,false,1001316000,Pangantucan,direct
cic,female,1001316,citymun,108,,,false,1001316000,Pangantucan,direct
fic,total,1001317,citymun,1403,2638,53.18423047763458,false,1001317000,Quezon,direct
fic,male,1001317,citymun,694,,,false,1001317000,Quezon,direct
fic,female,1001317,citymun,709,,,false,1001317000,Quezon,direct
cic,total,1001317,citymun,416,1659,25.075346594333936,false,1001317000,Quezon,direct
cic,male,1001317,citymun,207,,,false,1001317000,Quezon,direct
cic,female,1001317,citymun,209,,,false,1001317000,Quezon,direct
fic,total,1001318,citymun,739,1647,44.86945962355799,false,1001318000,San Fernando,direct
fic,male,1001318,citymun,374,,,false,1001318000,San Fernando,direct
fic,female,1001318,citymun,365,,,false,1001318000,San Fernando,direct
cic,total,1001318,citymun,82,1121,7.314897413024085,false,1001318000,San Fernando,direct
cic,male,1001318,citymun,39,,,false,1001318000,San Fernando,direct
cic,female,1001318,citymun,43,,,false,1001318000,San Fernando,direct
fic,total,1001319,citymun,312,698,44.69914040114613,false,1001319000,Sumilao,direct
fic,male,1001319,citymun,155,,,false,1001319000,Sumilao,direct
fic,female,1001319,citymun,157,,,false,1001319000,Sumilao,direct
cic,total,1001319,citymun,96,254,37.79527559055118,false,1001319000,Sumilao,direct
cic,male,1001319,citymun,52,,,false,1001319000,Sumilao,direct
cic,female,1001319,citymun,44,,,false,1001319000,Sumilao,direct
fic,total,1001320,citymun,1692,2164,78.18853974121997,false,1001320000,Talakag,direct
fic,male,1001320,citymun,859,,,false,1001320000,Talakag,direct
fic,female,1001320,citymun,833,,,false,1001320000,Talakag,direct
cic,total,1001320,citymun,116,-114,-101.75438596491229,false,1001320000,Talakag,direct
cic,male,1001320,citymun,62,,,false,1001320000,Talakag,direct
cic,female,1001320,citymun,54,,,false,1001320000,Talakag,direct
fic,total,1001321,citymun,2859,5296,53.98413897280967,false,1001321000,City of Valencia,direct
fic,male,1001321,citymun,1444,,,false,1001321000,City of Valencia,direct
fic,female,1001321,citymun,1415,,,false,1001321000,City of Valencia,direct
cic,total,1001321,citymun,650,2185,29.74828375286041,false,1001321000,City of Valencia,direct
cic,male,1001321,citymun,331,,,false,1001321000,City of Valencia,direct
cic,female,1001321,citymun,319,,,false,1001321000,City of Valencia,direct
fic,total,1001322,citymun,364,978,37.21881390593047,false,1001322000,Cabanglasan,direct
fic,male,1001322,citymun,164,,,false,1001322000,Cabanglasan,direct
fic,female,1001322,citymun,200,,,false,1001322000,Cabanglasan,direct
cic,total,1001322,citymun,113,531,21.28060263653484,false,1001322000,Cabanglasan,direct
cic,male,1001322,citymun,59,,,false,1001322000,Cabanglasan,direct
cic,female,1001322,citymun,54,,,false,1001322000,Cabanglasan,direct
fic,total,10018,province,1062,1878,56.54952076677316,false,1001800000,Camiguin,direct
fic,male,10018,province,538,,,false,1001800000,Camiguin,direct
fic,female,10018,province,524,,,false,1001800000,Camiguin,direct
cic,total,10018,province,146,634,23.02839116719243,false,1001800000,Camiguin,direct
cic,male,10018,province,80,,,false,1001800000,Camiguin,direct
cic,female,10018,province,66,,,false,1001800000,Camiguin,direct
fic,total,1001801,citymun,227,319,71.15987460815047,false,1001801000,Catarman,direct
fic,male,1001801,citymun,132,,,false,1001801000,Catarman,direct
fic,female,1001801,citymun,95,,,false,1001801000,Catarman,direct
cic,total,1001801,citymun,14,85,16.470588235294116,false,1001801000,Catarman,direct
cic,male,1001801,citymun,9,,,false,1001801000,Catarman,direct
cic,female,1001801,citymun,5,,,false,1001801000,Catarman,direct
fic,total,1001802,citymun,61,140,43.57142857142857,false,1001802000,Guinsiliban,direct
fic,male,1001802,citymun,32,,,false,1001802000,Guinsiliban,direct
fic,female,1001802,citymun,29,,,false,1001802000,Guinsiliban,direct
cic,total,1001802,citymun,23,49,46.93877551020408,false,1001802000,Guinsiliban,direct
cic,male,1001802,citymun,11,,,false,1001802000,Guinsiliban,direct
cic,female,1001802,citymun,12,,,false,1001802000,Guinsiliban,direct
fic,total,1001803,citymun,150,291,51.546391752577314,false,1001803000,Mahinog,direct
fic,male,1001803,citymun,67,,,false,1001803000,Mahinog,direct
fic,female,1001803,citymun,83,,,false,1001803000,Mahinog,direct
cic,total,1001803,citymun,11,144,7.638888888888889,false,1001803000,Mahinog,direct
cic,male,1001803,citymun,11,,,false,1001803000,Mahinog,direct
cic,female,1001803,citymun,0,,,false,1001803000,Mahinog,direct
fic,total,1001804,citymun,413,855,48.30409356725146,false,1001804000,Mambajao,direct
fic,male,1001804,citymun,201,,,false,1001804000,Mambajao,direct
fic,female,1001804,citymun,212,,,false,1001804000,Mambajao,direct
cic,total,1001804,citymun,81,301,26.910299003322258,false,1001804000,Mambajao,direct
cic,male,1001804,citymun,42,,,false,1001804000,Mambajao,direct
cic,female,1001804,citymun,39,,,false,1001804000,Mambajao,direct
fic,total,1001805,citymun,211,273,77.2893772893773,false,1001805000,Sagay,direct
fic,male,1001805,citymun,106,,,false,1001805000,Sagay,direct
fic,female,1001805,citymun,105,,,false,1001805000,Sagay,direct
cic,total,1001805,citymun,17,55,30.909090909090907,false,1001805000,Sagay,direct
cic,male,1001805,citymun,7,,,false,1001805000,Sagay,direct
cic,female,1001805,citymun,10,,,false,1001805000,Sagay,direct
fic,total,10035,province,12342,19447,63.46480176891037,false,1003500000,Lanao del Norte,direct
fic,male,10035,province,6186,,,false,1003500000,Lanao del Norte,direct
fic,female,10035,province,6156,,,false,1003500000,Lanao del Norte,direct
cic,total,10035,province,1398,7814,17.89096493473253,false,1003500000,Lanao del Norte,direct
cic,male,10035,province,717,,,false,1003500000,Lanao del Norte,direct
cic,female,10035,province,681,,,false,1003500000,Lanao del Norte,direct
fic,total,1003501,citymun,315,525,60.0,false,1003501000,Bacolod,direct
fic,male,1003501,citymun,165,,,false,1003501000,Bacolod,direct
fic,female,1003501,citymun,150,,,false,1003501000,Bacolod,direct
cic,total,1003501,citymun,28,207,13.526570048309178,false,1003501000,Bacolod,direct
cic,male,1003501,citymun,17,,,false,1003501000,Bacolod,direct
cic,female,1003501,citymun,11,,,false,1003501000,Bacolod,direct
fic,total,1003502,citymun,1336,2092,63.862332695984705,false,1003502000,Baloi,direct
fic,male,1003502,citymun,655,,,false,1003502000,Baloi,direct
fic,female,1003502,citymun,681,,,false,1003502000,Baloi,direct
cic,total,1003502,citymun,284,335,84.77611940298507,false,1003502000,Baloi,direct
cic,male,1003502,citymun,140,,,false,1003502000,Baloi,direct
cic,female,1003502,citymun,144,,,false,1003502000,Baloi,direct
fic,total,1003503,citymun,210,527,39.84819734345351,false,1003503000,Baroy,direct
fic,male,1003503,citymun,106,,,false,1003503000,Baroy,direct
fic,female,1003503,citymun,104,,,false,1003503000,Baroy,direct
cic,total,1003503,citymun,73,246,29.67479674796748,false,1003503000,Baroy,direct
cic,male,1003503,citymun,40,,,false,1003503000,Baroy,direct
cic,female,1003503,citymun,33,,,false,1003503000,Baroy,direct
fic,total,1003505,citymun,897,1499,59.83989326217478,false,1003505000,Kapatagan,direct
fic,male,1003505,citymun,477,,,false,1003505000,Kapatagan,direct
fic,female,1003505,citymun,420,,,false,1003505000,Kapatagan,direct
cic,total,1003505,citymun,78,730,10.684931506849315,false,1003505000,Kapatagan,direct
cic,male,1003505,citymun,54,,,false,1003505000,Kapatagan,direct
cic,female,1003505,citymun,24,,,false,1003505000,Kapatagan,direct
fic,total,1003506,citymun,475,1807,26.28666297731046,false,1003506000,Sultan Naga Dimaporo,direct
fic,male,1003506,citymun,261,,,false,1003506000,Sultan Naga Dimaporo,direct
fic,female,1003506,citymun,214,,,false,1003506000,Sultan Naga Dimaporo,direct
cic,total,1003506,citymun,225,1342,16.76602086438152,false,1003506000,Sultan Naga Dimaporo,direct
cic,male,1003506,citymun,109,,,false,1003506000,Sultan Naga Dimaporo,direct
cic,female,1003506,citymun,116,,,false,1003506000,Sultan Naga Dimaporo,direct
fic,total,1003507,citymun,366,641,57.09828393135725,false,1003507000,Kauswagan,direct
fic,male,1003507,citymun,191,,,false,1003507000,Kauswagan,direct
fic,female,1003507,citymun,175,,,false,1003507000,Kauswagan,direct
cic,total,1003507,citymun,55,179,30.726256983240223,false,1003507000,Kauswagan,direct
cic,male,1003507,citymun,28,,,false,1003507000,Kauswagan,direct
cic,female,1003507,citymun,27,,,false,1003507000,Kauswagan,direct
fic,total,1003508,citymun,526,595,88.40336134453781,false,1003508000,Kolambugan,direct
fic,male,1003508,citymun,271,,,false,1003508000,Kolambugan,direct
fic,female,1003508,citymun,255,,,false,1003508000,Kolambugan,direct
cic,total,1003508,citymun,0,72,0.0,false,1003508000,Kolambugan,direct
cic,male,1003508,citymun,0,,,false,1003508000,Kolambugan,direct
cic,female,1003508,citymun,0,,,false,1003508000,Kolambugan,direct
fic,total,1003509,citymun,1896,1947,97.38058551617874,false,1003509000,Lala,direct
fic,male,1003509,citymun,964,,,false,1003509000,Lala,direct
fic,female,1003509,citymun,932,,,false,1003509000,Lala,direct
cic,total,1003509,citymun,65,359,18.105849582172702,false,1003509000,Lala,direct
cic,male,1003509,citymun,35,,,false,1003509000,Lala,direct
cic,female,1003509,citymun,30,,,false,1003509000,Lala,direct
fic,total,1003510,citymun,463,468,98.93162393162393,false,1003510000,Linamon,direct
fic,male,1003510,citymun,227,,,false,1003510000,Linamon,direct
fic,female,1003510,citymun,236,,,false,1003510000,Linamon,direct
cic,total,1003510,citymun,58,67,86.56716417910447,false,1003510000,Linamon,direct
cic,male,1003510,citymun,26,,,false,1003510000,Linamon,direct
cic,female,1003510,citymun,32,,,false,1003510000,Linamon,direct
fic,total,1003511,citymun,490,567,86.41975308641975,false,1003511000,Magsaysay,direct
fic,male,1003511,citymun,252,,,false,1003511000,Magsaysay,direct
fic,female,1003511,citymun,238,,,false,1003511000,Magsaysay,direct
cic,total,1003511,citymun,0,217,0.0,false,1003511000,Magsaysay,direct
cic,male,1003511,citymun,0,,,false,1003511000,Magsaysay,direct
cic,female,1003511,citymun,0,,,false,1003511000,Magsaysay,direct
fic,total,1003512,citymun,287,534,53.745318352059925,false,1003512000,Maigo,direct
fic,male,1003512,citymun,141,,,false,1003512000,Maigo,direct
fic,female,1003512,citymun,146,,,false,1003512000,Maigo,direct
cic,total,1003512,citymun,41,204,20.098039215686274,false,1003512000,Maigo,direct
cic,male,1003512,citymun,24,,,false,1003512000,Maigo,direct
cic,female,1003512,citymun,17,,,false,1003512000,Maigo,direct
fic,total,1003513,citymun,210,428,49.06542056074766,false,1003513000,Matungao,direct
fic,male,1003513,citymun,129,,,false,1003513000,Matungao,direct
fic,female,1003513,citymun,81,,,false,1003513000,Matungao,direct
cic,total,1003513,citymun,23,260,8.846153846153847,false,1003513000,Matungao,direct
cic,male,1003513,citymun,12,,,false,1003513000,Matungao,direct
cic,female,1003513,citymun,11,,,false,1003513000,Matungao,direct
fic,total,1003514,citymun,731,1117,65.44315129811996,false,1003514000,Munai,direct
fic,male,1003514,citymun,359,,,false,1003514000,Munai,direct
fic,female,1003514,citymun,372,,,false,1003514000,Munai,direct
cic,total,1003514,citymun,57,443,12.866817155756207,false,1003514000,Munai,direct
cic,male,1003514,citymun,31,,,false,1003514000,Munai,direct
cic,female,1003514,citymun,26,,,false,1003514000,Munai,direct
fic,total,1003515,citymun,472,537,87.89571694599627,false,1003515000,Nunungan,direct
fic,male,1003515,citymun,210,,,false,1003515000,Nunungan,direct
fic,female,1003515,citymun,262,,,false,1003515000,Nunungan,direct
cic,total,1003515,citymun,1,18,5.555555555555555,false,1003515000,Nunungan,direct
cic,male,1003515,citymun,0,,,false,1003515000,Nunungan,direct
cic,female,1003515,citymun,1,,,false,1003515000,Nunungan,direct
fic,total,1003516,citymun,424,915,46.33879781420765,false,1003516000,Pantao Ragat,direct
fic,male,1003516,citymun,205,,,false,1003516000,Pantao Ragat,direct
fic,female,1003516,citymun,219,,,false,1003516000,Pantao Ragat,direct
cic,total,1003516,citymun,43,616,6.98051948051948,false,1003516000,Pantao Ragat,direct
cic,male,1003516,citymun,16,,,false,1003516000,Pantao Ragat,direct
cic,female,1003516,citymun,27,,,false,1003516000,Pantao Ragat,direct
fic,total,1003517,citymun,522,1051,49.66698382492864,false,1003517000,Poona Piagapo,direct
fic,male,1003517,citymun,241,,,false,1003517000,Poona Piagapo,direct
fic,female,1003517,citymun,281,,,false,1003517000,Poona Piagapo,direct
cic,total,1003517,citymun,2,513,0.3898635477582846,false,1003517000,Poona Piagapo,direct
cic,male,1003517,citymun,1,,,false,1003517000,Poona Piagapo,direct
cic,female,1003517,citymun,1,,,false,1003517000,Poona Piagapo,direct
fic,total,1003518,citymun,336,678,49.557522123893804,false,1003518000,Salvador,direct
fic,male,1003518,citymun,161,,,false,1003518000,Salvador,direct
fic,female,1003518,citymun,175,,,false,1003518000,Salvador,direct
cic,total,1003518,citymun,12,307,3.908794788273615,false,1003518000,Salvador,direct
cic,male,1003518,citymun,8,,,false,1003518000,Salvador,direct
cic,female,1003518,citymun,4,,,false,1003518000,Salvador,direct
fic,total,1003519,citymun,511,533,95.87242026266416,false,1003519000,Sapad,direct
fic,male,1003519,citymun,225,,,false,1003519000,Sapad,direct
fic,female,1003519,citymun,286,,,false,1003519000,Sapad,direct
cic,total,1003519,citymun,165,38,434.2105263157895,true,1003519000,Sapad,direct
cic,male,1003519,citymun,81,,,false,1003519000,Sapad,direct
cic,female,1003519,citymun,84,,,false,1003519000,Sapad,direct
fic,total,1003520,citymun,195,419,46.53937947494033,false,1003520000,Tagoloan,direct
fic,male,1003520,citymun,95,,,false,1003520000,Tagoloan,direct
fic,female,1003520,citymun,100,,,false,1003520000,Tagoloan,direct
cic,total,1003520,citymun,44,249,17.670682730923694,false,1003520000,Tagoloan,direct
cic,male,1003520,citymun,24,,,false,1003520000,Tagoloan,direct
cic,female,1003520,citymun,20,,,false,1003520000,Tagoloan,direct
fic,total,1003521,citymun,378,606,62.37623762376238,false,1003521000,Tangcal,direct
fic,male,1003521,citymun,199,,,false,1003521000,Tangcal,direct
fic,female,1003521,citymun,179,,,false,1003521000,Tangcal,direct
cic,total,1003521,citymun,62,347,17.86743515850144,false,1003521000,Tangcal,direct
cic,male,1003521,citymun,32,,,false,1003521000,Tangcal,direct
cic,female,1003521,citymun,30,,,false,1003521000,Tangcal,direct
fic,total,1003522,citymun,1061,1197,88.63826232247285,false,1003522000,Tubod,direct
fic,male,1003522,citymun,532,,,false,1003522000,Tubod,direct
fic,female,1003522,citymun,529,,,false,1003522000,Tubod,direct
cic,total,1003522,citymun,35,410,8.536585365853659,false,1003522000,Tubod,direct
cic,male,1003522,citymun,19,,,false,1003522000,Tubod,direct
cic,female,1003522,citymun,16,,,false,1003522000,Tubod,direct
fic,total,1003523,citymun,241,764,31.544502617801047,false,1003523000,Pantar,direct
fic,male,1003523,citymun,120,,,false,1003523000,Pantar,direct
fic,female,1003523,citymun,121,,,false,1003523000,Pantar,direct
cic,total,1003523,citymun,47,655,7.175572519083969,false,1003523000,Pantar,direct
cic,male,1003523,citymun,20,,,false,1003523000,Pantar,direct
cic,female,1003523,citymun,27,,,false,1003523000,Pantar,direct
fic,total,10042,province,7802,13379,58.315270199566484,false,1004200000,Misamis Occidental,direct
fic,male,10042,province,3989,,,false,1004200000,Misamis Occidental,direct
fic,female,10042,province,3813,,,false,1004200000,Misamis Occidental,direct
cic,total,10042,province,1793,4724,37.955122777307366,false,1004200000,Misamis Occidental,direct
cic,male,10042,province,898,,,false,1004200000,Misamis Occidental,direct
cic,female,10042,province,895,,,false,1004200000,Misamis Occidental,direct
fic,total,1004201,citymun,341,488,69.87704918032787,false,1004201000,Aloran,direct
fic,male,1004201,citymun,178,,,false,1004201000,Aloran,direct
fic,female,1004201,citymun,163,,,false,1004201000,Aloran,direct
cic,total,1004201,citymun,0,81,0.0,false,1004201000,Aloran,direct
cic,male,1004201,citymun,0,,,false,1004201000,Aloran,direct
cic,female,1004201,citymun,0,,,false,1004201000,Aloran,direct
fic,total,1004202,citymun,173,392,44.13265306122449,false,1004202000,Baliangao,direct
fic,male,1004202,citymun,98,,,false,1004202000,Baliangao,direct
fic,female,1004202,citymun,75,,,false,1004202000,Baliangao,direct
cic,total,1004202,citymun,21,182,11.538461538461538,false,1004202000,Baliangao,direct
cic,male,1004202,citymun,10,,,false,1004202000,Baliangao,direct
cic,female,1004202,citymun,11,,,false,1004202000,Baliangao,direct
fic,total,1004203,citymun,418,845,49.467455621301774,false,1004203000,Bonifacio,direct
fic,male,1004203,citymun,190,,,false,1004203000,Bonifacio,direct
fic,female,1004203,citymun,228,,,false,1004203000,Bonifacio,direct
cic,total,1004203,citymun,72,388,18.556701030927837,false,1004203000,Bonifacio,direct
cic,male,1004203,citymun,43,,,false,1004203000,Bonifacio,direct
cic,female,1004203,citymun,29,,,false,1004203000,Bonifacio,direct
fic,total,1004204,citymun,443,471,94.0552016985138,false,1004204000,Calamba,direct
fic,male,1004204,citymun,247,,,false,1004204000,Calamba,direct
fic,female,1004204,citymun,196,,,false,1004204000,Calamba,direct
cic,total,1004204,citymun,4,16,25.0,false,1004204000,Calamba,direct
cic,male,1004204,citymun,3,,,false,1004204000,Calamba,direct
cic,female,1004204,citymun,1,,,false,1004204000,Calamba,direct
fic,total,1004205,citymun,397,832,47.71634615384615,false,1004205000,Clarin,direct
fic,male,1004205,citymun,214,,,false,1004205000,Clarin,direct
fic,female,1004205,citymun,183,,,false,1004205000,Clarin,direct
cic,total,1004205,citymun,72,252,28.57142857142857,false,1004205000,Clarin,direct
cic,male,1004205,citymun,38,,,false,1004205000,Clarin,direct
cic,female,1004205,citymun,34,,,false,1004205000,Clarin,direct
fic,total,1004206,citymun,35,183,19.12568306010929,false,1004206000,Concepcion,direct
fic,male,1004206,citymun,18,,,false,1004206000,Concepcion,direct
fic,female,1004206,citymun,17,,,false,1004206000,Concepcion,direct
cic,total,1004206,citymun,16,132,12.121212121212121,false,1004206000,Concepcion,direct
cic,male,1004206,citymun,10,,,false,1004206000,Concepcion,direct
cic,female,1004206,citymun,6,,,false,1004206000,Concepcion,direct
fic,total,1004207,citymun,447,548,81.56934306569343,false,1004207000,Jimenez,direct
fic,male,1004207,citymun,207,,,false,1004207000,Jimenez,direct
fic,female,1004207,citymun,240,,,false,1004207000,Jimenez,direct
cic,total,1004207,citymun,4,25,16.0,false,1004207000,Jimenez,direct
cic,male,1004207,citymun,3,,,false,1004207000,Jimenez,direct
cic,female,1004207,citymun,1,,,false,1004207000,Jimenez,direct
fic,total,1004208,citymun,416,514,80.93385214007782,false,1004208000,Lopez Jaena,direct
fic,male,1004208,citymun,225,,,false,1004208000,Lopez Jaena,direct
fic,female,1004208,citymun,191,,,false,1004208000,Lopez Jaena,direct
cic,total,1004208,citymun,0,172,0.0,false,1004208000,Lopez Jaena,direct
cic,male,1004208,citymun,0,,,false,1004208000,Lopez Jaena,direct
cic,female,1004208,citymun,0,,,false,1004208000,Lopez Jaena,direct
fic,total,1004209,citymun,836,1461,57.22108145106092,false,1004209000,City of Oroquieta,direct
fic,male,1004209,citymun,452,,,false,1004209000,City of Oroquieta,direct
fic,female,1004209,citymun,384,,,false,1004209000,City of Oroquieta,direct
cic,total,1004209,citymun,214,493,43.40770791075051,false,1004209000,City of Oroquieta,direct
cic,male,1004209,citymun,106,,,false,1004209000,City of Oroquieta,direct
cic,female,1004209,citymun,108,,,false,1004209000,City of Oroquieta,direct
fic,total,1004210,citymun,1713,3334,51.37972405518896,false,1004210000,City of Ozamiz,direct
fic,male,1004210,citymun,895,,,false,1004210000,City of Ozamiz,direct
fic,female,1004210,citymun,818,,,false,1004210000,City of Ozamiz,direct
cic,total,1004210,citymun,233,1452,16.046831955922865,false,1004210000,City of Ozamiz,direct
cic,male,1004210,citymun,120,,,false,1004210000,City of Ozamiz,direct
cic,female,1004210,citymun,113,,,false,1004210000,City of Ozamiz,direct
fic,total,1004211,citymun,73,178,41.01123595505618,false,1004211000,Panaon,direct
fic,male,1004211,citymun,42,,,false,1004211000,Panaon,direct
fic,female,1004211,citymun,31,,,false,1004211000,Panaon,direct
cic,total,1004211,citymun,28,105,26.666666666666668,false,1004211000,Panaon,direct
cic,male,1004211,citymun,15,,,false,1004211000,Panaon,direct
cic,female,1004211,citymun,13,,,false,1004211000,Panaon,direct
fic,total,1004212,citymun,314,748,41.97860962566845,false,1004212000,Plaridel,direct
fic,male,1004212,citymun,142,,,false,1004212000,Plaridel,direct
fic,female,1004212,citymun,172,,,false,1004212000,Plaridel,direct
cic,total,1004212,citymun,794,70,1134.2857142857144,true,1004212000,Plaridel,direct
cic,male,1004212,citymun,394,,,false,1004212000,Plaridel,direct
cic,female,1004212,citymun,400,,,false,1004212000,Plaridel,direct
fic,total,1004213,citymun,423,437,96.79633867276888,false,1004213000,Sapang Dalaga,direct
fic,male,1004213,citymun,193,,,false,1004213000,Sapang Dalaga,direct
fic,female,1004213,citymun,230,,,false,1004213000,Sapang Dalaga,direct
cic,total,1004213,citymun,105,261,40.229885057471265,false,1004213000,Sapang Dalaga,direct
cic,male,1004213,citymun,46,,,false,1004213000,Sapang Dalaga,direct
cic,female,1004213,citymun,59,,,false,1004213000,Sapang Dalaga,direct
fic,total,1004214,citymun,311,412,75.48543689320388,false,1004214000,Sinacaban,direct
fic,male,1004214,citymun,165,,,false,1004214000,Sinacaban,direct
fic,female,1004214,citymun,146,,,false,1004214000,Sinacaban,direct
cic,total,1004214,citymun,0,4,0.0,false,1004214000,Sinacaban,direct
cic,male,1004214,citymun,0,,,false,1004214000,Sinacaban,direct
cic,female,1004214,citymun,0,,,false,1004214000,Sinacaban,direct
fic,total,1004215,citymun,974,1688,57.70142180094787,false,1004215000,City of Tangub,direct
fic,male,1004215,citymun,479,,,false,1004215000,City of Tangub,direct
fic,female,1004215,citymun,495,,,false,1004215000,City of Tangub,direct
cic,total,1004215,citymun,93,800,11.625,false,1004215000,City of Tangub,direct
cic,male,1004215,citymun,41,,,false,1004215000,City of Tangub,direct
cic,female,1004215,citymun,52,,,false,1004215000,City of Tangub,direct
fic,total,1004216,citymun,290,563,51.50976909413855,false,1004216000,Tudela,direct
fic,male,1004216,citymun,143,,,false,1004216000,Tudela,direct
fic,female,1004216,citymun,147,,,false,1004216000,Tudela,direct
cic,total,1004216,citymun,103,225,45.77777777777778,false,1004216000,Tudela,direct
cic,male,1004216,citymun,51,,,false,1004216000,Tudela,direct
cic,female,1004216,citymun,52,,,false,1004216000,Tudela,direct
fic,total,1004217,citymun,198,285,69.47368421052632,false,1004217000,Don Victoriano Chiongbian,direct
fic,male,1004217,citymun,101,,,false,1004217000,Don Victoriano Chiongbian,direct
fic,female,1004217,citymun,97,,,false,1004217000,Don Victoriano Chiongbian,direct
cic,total,1004217,citymun,34,66,51.515151515151516,false,1004217000,Don Victoriano Chiongbian,direct
cic,male,1004217,citymun,18,,,false,1004217000,Don Victoriano Chiongbian,direct
cic,female,1004217,citymun,16,,,false,1004217000,Don Victoriano Chiongbian,direct
fic,total,10043,province,14113,24027,58.73808631955717,false,1004300000,Misamis Oriental,direct
fic,male,10043,province,7056,,,false,1004300000,Misamis Oriental,direct
fic,female,10043,province,7057,,,false,1004300000,Misamis Oriental,direct
cic,total,10043,province,1594,10265,15.528494885533368,false,1004300000,Misamis Oriental,direct
cic,male,10043,province,778,,,false,1004300000,Misamis Oriental,direct
cic,female,10043,province,816,,,false,1004300000,Misamis Oriental,direct
fic,total,1004301,citymun,473,711,66.52601969057666,false,1004301000,Alubijid,direct
fic,male,1004301,citymun,244,,,false,1004301000,Alubijid,direct
fic,female,1004301,citymun,229,,,false,1004301000,Alubijid,direct
cic,total,1004301,citymun,31,294,10.54421768707483,false,1004301000,Alubijid,direct
cic,male,1004301,citymun,13,,,false,1004301000,Alubijid,direct
cic,female,1004301,citymun,18,,,false,1004301000,Alubijid,direct
fic,total,1004302,citymun,1082,2006,53.938185443669,false,1004302000,Balingasag,direct
fic,male,1004302,citymun,570,,,false,1004302000,Balingasag,direct
fic,female,1004302,citymun,512,,,false,1004302000,Balingasag,direct
cic,total,1004302,citymun,145,1081,13.413506012950972,false,1004302000,Balingasag,direct
cic,male,1004302,citymun,82,,,false,1004302000,Balingasag,direct
cic,female,1004302,citymun,63,,,false,1004302000,Balingasag,direct
fic,total,1004303,citymun,126,268,47.01492537313433,false,1004303000,Balingoan,direct
fic,male,1004303,citymun,53,,,false,1004303000,Balingoan,direct
fic,female,1004303,citymun,73,,,false,1004303000,Balingoan,direct
cic,total,1004303,citymun,25,121,20.66115702479339,false,1004303000,Balingoan,direct
cic,male,1004303,citymun,13,,,false,1004303000,Balingoan,direct
cic,female,1004303,citymun,12,,,false,1004303000,Balingoan,direct
fic,total,1004304,citymun,96,139,69.06474820143885,false,1004304000,Binuangan,direct
fic,male,1004304,citymun,46,,,false,1004304000,Binuangan,direct
fic,female,1004304,citymun,50,,,false,1004304000,Binuangan,direct
cic,total,1004304,citymun,21,67,31.343283582089555,false,1004304000,Binuangan,direct
cic,male,1004304,citymun,10,,,false,1004304000,Binuangan,direct
cic,female,1004304,citymun,11,,,false,1004304000,Binuangan,direct
fic,total,1004306,citymun,674,1424,47.331460674157306,false,1004306000,Claveria,direct
fic,male,1004306,citymun,341,,,false,1004306000,Claveria,direct
fic,female,1004306,citymun,333,,,false,1004306000,Claveria,direct
cic,total,1004306,citymun,97,816,11.887254901960784,false,1004306000,Claveria,direct
cic,male,1004306,citymun,45,,,false,1004306000,Claveria,direct
cic,female,1004306,citymun,52,,,false,1004306000,Claveria,direct
fic,total,1004307,citymun,833,1524,54.65879265091863,false,1004307000,City of El Salvador,direct
fic,male,1004307,citymun,446,,,false,1004307000,City of El Salvador,direct
fic,female,1004307,citymun,387,,,false,1004307000,City of El Salvador,direct
cic,total,1004307,citymun,45,765,5.88235294117647,false,1004307000,City of El Salvador,direct
cic,male,1004307,citymun,17,,,false,1004307000,City of El Salvador,direct
cic,female,1004307,citymun,28,,,false,1004307000,City of El Salvador,direct
fic,total,1004308,citymun,1890,3592,52.61692650334076,false,1004308000,City of Gingoog,direct
fic,male,1004308,citymun,875,,,false,1004308000,City of Gingoog,direct
fic,female,1004308,citymun,1015,,,false,1004308000,City of Gingoog,direct
cic,total,1004308,citymun,92,1529,6.017004578155658,false,1004308000,City of Gingoog,direct
cic,male,1004308,citymun,37,,,false,1004308000,City of Gingoog,direct
cic,female,1004308,citymun,55,,,false,1004308000,City of Gingoog,direct
fic,total,1004309,citymun,194,402,48.258706467661696,false,1004309000,Gitagum,direct
fic,male,1004309,citymun,117,,,false,1004309000,Gitagum,direct
fic,female,1004309,citymun,77,,,false,1004309000,Gitagum,direct
cic,total,1004309,citymun,78,208,37.5,false,1004309000,Gitagum,direct
cic,male,1004309,citymun,42,,,false,1004309000,Gitagum,direct
cic,female,1004309,citymun,36,,,false,1004309000,Gitagum,direct
fic,total,1004310,citymun,454,704,64.48863636363636,false,1004310000,Initao,direct
fic,male,1004310,citymun,224,,,false,1004310000,Initao,direct
fic,female,1004310,citymun,230,,,false,1004310000,Initao,direct
cic,total,1004310,citymun,84,232,36.206896551724135,false,1004310000,Initao,direct
cic,male,1004310,citymun,50,,,false,1004310000,Initao,direct
cic,female,1004310,citymun,34,,,false,1004310000,Initao,direct
fic,total,1004311,citymun,779,1334,58.395802098950526,false,1004311000,Jasaan,direct
fic,male,1004311,citymun,382,,,false,1004311000,Jasaan,direct
fic,female,1004311,citymun,397,,,false,1004311000,Jasaan,direct
cic,total,1004311,citymun,78,556,14.028776978417264,false,1004311000,Jasaan,direct
cic,male,1004311,citymun,33,,,false,1004311000,Jasaan,direct
cic,female,1004311,citymun,45,,,false,1004311000,Jasaan,direct
fic,total,1004312,citymun,193,351,54.98575498575499,false,1004312000,Kinoguitan,direct
fic,male,1004312,citymun,95,,,false,1004312000,Kinoguitan,direct
fic,female,1004312,citymun,98,,,false,1004312000,Kinoguitan,direct
cic,total,1004312,citymun,48,167,28.74251497005988,false,1004312000,Kinoguitan,direct
cic,male,1004312,citymun,18,,,false,1004312000,Kinoguitan,direct
cic,female,1004312,citymun,30,,,false,1004312000,Kinoguitan,direct
fic,total,1004313,citymun,293,686,42.711370262390666,false,1004313000,Lagonglong,direct
fic,male,1004313,citymun,136,,,false,1004313000,Lagonglong,direct
fic,female,1004313,citymun,157,,,false,1004313000,Lagonglong,direct
cic,total,1004313,citymun,46,378,12.16931216931217,false,1004313000,Lagonglong,direct
cic,male,1004313,citymun,22,,,false,1004313000,Lagonglong,direct
cic,female,1004313,citymun,24,,,false,1004313000,Lagonglong,direct
fic,total,1004314,citymun,399,600,66.5,false,1004314000,Laguindingan,direct
fic,male,1004314,citymun,212,,,false,1004314000,Laguindingan,direct
fic,female,1004314,citymun,187,,,false,1004314000,Laguindingan,direct
cic,total,1004314,citymun,72,216,33.33333333333333,false,1004314000,Laguindingan,direct
cic,male,1004314,citymun,35,,,false,1004314000,Laguindingan,direct
cic,female,1004314,citymun,37,,,false,1004314000,Laguindingan,direct
fic,total,1004315,citymun,108,295,36.610169491525426,false,1004315000,Libertad,direct
fic,male,1004315,citymun,62,,,false,1004315000,Libertad,direct
fic,female,1004315,citymun,46,,,false,1004315000,Libertad,direct
cic,total,1004315,citymun,45,188,23.93617021276596,false,1004315000,Libertad,direct
cic,male,1004315,citymun,24,,,false,1004315000,Libertad,direct
cic,female,1004315,citymun,21,,,false,1004315000,Libertad,direct
fic,total,1004316,citymun,192,460,41.73913043478261,false,1004316000,Lugait,direct
fic,male,1004316,citymun,106,,,false,1004316000,Lugait,direct
fic,female,1004316,citymun,86,,,false,1004316000,Lugait,direct
cic,total,1004316,citymun,34,236,14.40677966101695,false,1004316000,Lugait,direct
cic,male,1004316,citymun,20,,,false,1004316000,Lugait,direct
cic,female,1004316,citymun,14,,,false,1004316000,Lugait,direct
fic,total,1004317,citymun,370,1017,36.38151425762045,false,1004317000,Magsaysay,direct
fic,male,1004317,citymun,173,,,false,1004317000,Magsaysay,direct
fic,female,1004317,citymun,197,,,false,1004317000,Magsaysay,direct
cic,total,1004317,citymun,103,588,17.517006802721088,false,1004317000,Magsaysay,direct
cic,male,1004317,citymun,49,,,false,1004317000,Magsaysay,direct
cic,female,1004317,citymun,54,,,false,1004317000,Magsaysay,direct
fic,total,1004318,citymun,346,736,47.01086956521739,false,1004318000,Manticao,direct
fic,male,1004318,citymun,166,,,false,1004318000,Manticao,direct
fic,female,1004318,citymun,180,,,false,1004318000,Manticao,direct
cic,total,1004318,citymun,88,365,24.10958904109589,false,1004318000,Manticao,direct
cic,male,1004318,citymun,41,,,false,1004318000,Manticao,direct
cic,female,1004318,citymun,47,,,false,1004318000,Manticao,direct
fic,total,1004319,citymun,446,855,52.16374269005848,false,1004319000,Medina,direct
fic,male,1004319,citymun,231,,,false,1004319000,Medina,direct
fic,female,1004319,citymun,215,,,false,1004319000,Medina,direct
cic,total,1004319,citymun,187,491,38.085539714867615,false,1004319000,Medina,direct
cic,male,1004319,citymun,91,,,false,1004319000,Medina,direct
cic,female,1004319,citymun,96,,,false,1004319000,Medina,direct
fic,total,1004320,citymun,336,461,72.88503253796095,false,1004320000,Naawan,direct
fic,male,1004320,citymun,173,,,false,1004320000,Naawan,direct
fic,female,1004320,citymun,163,,,false,1004320000,Naawan,direct
cic,total,1004320,citymun,10,212,4.716981132075472,false,1004320000,Naawan,direct
cic,male,1004320,citymun,4,,,false,1004320000,Naawan,direct
cic,female,1004320,citymun,6,,,false,1004320000,Naawan,direct
fic,total,1004321,citymun,1013,1683,60.19013666072489,false,1004321000,Opol,direct
fic,male,1004321,citymun,503,,,false,1004321000,Opol,direct
fic,female,1004321,citymun,510,,,false,1004321000,Opol,direct
cic,total,1004321,citymun,62,658,9.422492401215806,false,1004321000,Opol,direct
cic,male,1004321,citymun,28,,,false,1004321000,Opol,direct
cic,female,1004321,citymun,34,,,false,1004321000,Opol,direct
fic,total,1004322,citymun,324,709,45.6981664315938,false,1004322000,Salay,direct
fic,male,1004322,citymun,169,,,false,1004322000,Salay,direct
fic,female,1004322,citymun,155,,,false,1004322000,Salay,direct
cic,total,1004322,citymun,25,223,11.210762331838566,false,1004322000,Salay,direct
cic,male,1004322,citymun,12,,,false,1004322000,Salay,direct
cic,female,1004322,citymun,13,,,false,1004322000,Salay,direct
fic,total,1004323,citymun,116,245,47.3469387755102,false,1004323000,Sugbongcogon,direct
fic,male,1004323,citymun,60,,,false,1004323000,Sugbongcogon,direct
fic,female,1004323,citymun,56,,,false,1004323000,Sugbongcogon,direct
cic,total,1004323,citymun,6,60,10.0,false,1004323000,Sugbongcogon,direct
cic,male,1004323,citymun,2,,,false,1004323000,Sugbongcogon,direct
cic,female,1004323,citymun,4,,,false,1004323000,Sugbongcogon,direct
fic,total,1004324,citymun,2013,2079,96.82539682539682,false,1004324000,Tagoloan,direct
fic,male,1004324,citymun,987,,,false,1004324000,Tagoloan,direct
fic,female,1004324,citymun,1026,,,false,1004324000,Tagoloan,direct
cic,total,1004324,citymun,127,321,39.56386292834891,false,1004324000,Tagoloan,direct
cic,male,1004324,citymun,63,,,false,1004324000,Tagoloan,direct
cic,female,1004324,citymun,64,,,false,1004324000,Tagoloan,direct
fic,total,1004325,citymun,319,666,47.8978978978979,false,1004325000,Talisayan,direct
fic,male,1004325,citymun,166,,,false,1004325000,Talisayan,direct
fic,female,1004325,citymun,153,,,false,1004325000,Talisayan,direct
cic,total,1004325,citymun,42,360,11.666666666666666,false,1004325000,Talisayan,direct
cic,male,1004325,citymun,27,,,false,1004325000,Talisayan,direct
cic,female,1004325,citymun,15,,,false,1004325000,Talisayan,direct
fic,total,1004326,citymun,1044,1080,96.66666666666667,false,1004326000,Villanueva,direct
fic,male,1004326,citymun,519,,,false,1004326000,Villanueva,direct
fic,female,1004326,citymun,525,,,false,1004326000,Villanueva,direct
cic,total,1004326,citymun,3,133,2.2556390977443606,false,1004326000,Villanueva,direct
cic,male,1004326,citymun,0,,,false,1004326000,Villanueva,direct
cic,female,1004326,citymun,3,,,false,1004326000,Villanueva,direct
fic,total,10305,province,15042,15725,95.65659777424483,false,1030500000,City of Cagayan De Oro,direct
fic,male,10305,province,7645,,,false,1030500000,City of Cagayan De Oro,direct
fic,female,10305,province,7397,,,false,1030500000,City of Cagayan De Oro,direct
cic,total,10305,province,513,2855,17.968476357267953,false,1030500000,City of Cagayan De Oro,direct
cic,male,10305,province,263,,,false,1030500000,City of Cagayan De Oro,direct
cic,female,10305,province,250,,,false,1030500000,City of Cagayan De Oro,direct
fic,total,10309,province,4753,8401,56.576598024044756,false,1030900000,City of Iligan,direct
fic,male,10309,province,2391,,,false,1030900000,City of Iligan,direct
fic,female,10309,province,2362,,,false,1030900000,City of Iligan,direct
cic,total,10309,province,582,3367,17.285417285417285,false,1030900000,City of Iligan,direct
cic,male,10309,province,268,,,false,1030900000,City of Iligan,direct
cic,female,10309,province,314,,,false,1030900000,City of Iligan,direct
fic,total,11,region,67010,117243,57.15479815426081,false,1100000000,Region 11,direct
fic,male,11,region,34372,,,false,1100000000,Region 11,direct
fic,female,11,region,32638,,,false,1100000000,Region 11,direct
cic,total,11,region,5842,45964,12.709946914976939,false,1100000000,Region 11,direct
cic,male,11,region,3025,,,false,1100000000,Region 11,direct
cic,female,11,region,2817,,,false,1100000000,Region 11,direct
fic,total,11023,province,15433,25693,60.06694430389601,false,1102300000,Davao del Norte,direct
fic,male,11023,province,7982,,,false,1102300000,Davao del Norte,direct
fic,female,11023,province,7451,,,false,1102300000,Davao del Norte,direct
cic,total,11023,province,340,9326,3.6457216384301954,false,1102300000,Davao del Norte,direct
cic,male,11023,province,192,,,false,1102300000,Davao del Norte,direct
cic,female,11023,province,148,,,false,1102300000,Davao del Norte,direct
fic,total,1102301,citymun,844,1473,57.298031228784794,false,1102301000,Asuncion,direct
fic,male,1102301,citymun,428,,,false,1102301000,Asuncion,direct
fic,female,1102301,citymun,416,,,false,1102301000,Asuncion,direct
cic,total,1102301,citymun,10,659,1.5174506828528074,false,1102301000,Asuncion,direct
cic,male,1102301,citymun,7,,,false,1102301000,Asuncion,direct
cic,female,1102301,citymun,3,,,false,1102301000,Asuncion,direct
fic,total,1102303,citymun,1154,1994,57.87362086258776,false,1102303000,Carmen,direct
fic,male,1102303,citymun,582,,,false,1102303000,Carmen,direct
fic,female,1102303,citymun,572,,,false,1102303000,Carmen,direct
cic,total,1102303,citymun,36,842,4.275534441805226,false,1102303000,Carmen,direct
cic,male,1102303,citymun,25,,,false,1102303000,Carmen,direct
cic,female,1102303,citymun,11,,,false,1102303000,Carmen,direct
fic,total,1102305,citymun,1058,2071,51.08643167551907,false,1102305000,Kapalong,direct
fic,male,1102305,citymun,564,,,false,1102305000,Kapalong,direct
fic,female,1102305,citymun,494,,,false,1102305000,Kapalong,direct
cic,total,1102305,citymun,26,963,2.699896157840083,false,1102305000,Kapalong,direct
cic,male,1102305,citymun,11,,,false,1102305000,Kapalong,direct
cic,female,1102305,citymun,15,,,false,1102305000,Kapalong,direct
fic,total,1102314,citymun,771,1232,62.58116883116883,false,1102314000,New Corella,direct
fic,male,1102314,citymun,398,,,false,1102314000,New Corella,direct
fic,female,1102314,citymun,373,,,false,1102314000,New Corella,direct
cic,total,1102314,citymun,2,440,0.45454545454545453,false,1102314000,New Corella,direct
cic,male,1102314,citymun,2,,,false,1102314000,New Corella,direct
cic,female,1102314,citymun,0,,,false,1102314000,New Corella,direct
fic,total,1102315,citymun,2802,4683,59.8334401024984,false,1102315000,City of Panabo,direct
fic,male,1102315,citymun,1425,,,false,1102315000,City of Panabo,direct
fic,female,1102315,citymun,1377,,,false,1102315000,City of Panabo,direct
cic,total,1102315,citymun,59,1633,3.6129822412737296,false,1102315000,City of Panabo,direct
cic,male,1102315,citymun,35,,,false,1102315000,City of Panabo,direct
cic,female,1102315,citymun,24,,,false,1102315000,City of Panabo,direct
fic,total,1102317,citymun,1667,2611,63.84527001148985,false,1102317000,Island Garden City of Samal,direct
fic,male,1102317,citymun,902,,,false,1102317000,Island Garden City of Samal,direct
fic,female,1102317,citymun,765,,,false,1102317000,Island Garden City of Samal,direct
cic,total,1102317,citymun,10,777,1.287001287001287,false,1102317000,Island Garden City of Samal,direct
cic,male,1102317,citymun,5,,,false,1102317000,Island Garden City of Samal,direct
cic,female,1102317,citymun,5,,,false,1102317000,Island Garden City of Samal,direct
fic,total,1102318,citymun,1670,2974,56.153328850033624,false,1102318000,Santo Tomas,direct
fic,male,1102318,citymun,863,,,false,1102318000,Santo Tomas,direct
fic,female,1102318,citymun,807,,,false,1102318000,Santo Tomas,direct
cic,total,1102318,citymun,21,1270,1.6535433070866141,false,1102318000,Santo Tomas,direct
cic,male,1102318,citymun,12,,,false,1102318000,Santo Tomas,direct
cic,female,1102318,citymun,9,,,false,1102318000,Santo Tomas,direct
fic,total,1102319,citymun,4346,6710,64.76900149031296,false,1102319000,City of Tagum,direct
fic,male,1102319,citymun,2242,,,false,1102319000,City of Tagum,direct
fic,female,1102319,citymun,2104,,,false,1102319000,City of Tagum,direct
cic,total,1102319,citymun,38,1788,2.1252796420581657,false,1102319000,City of Tagum,direct
cic,male,1102319,citymun,22,,,false,1102319000,City of Tagum,direct
cic,female,1102319,citymun,16,,,false,1102319000,City of Tagum,direct
fic,total,1102322,citymun,412,831,49.57882069795427,false,1102322000,Talaingod,direct
fic,male,1102322,citymun,213,,,false,1102322000,Talaingod,direct
fic,female,1102322,citymun,199,,,false,1102322000,Talaingod,direct
cic,total,1102322,citymun,106,453,23.399558498896248,false,1102322000,Talaingod,direct
cic,male,1102322,citymun,56,,,false,1102322000,Talaingod,direct
cic,female,1102322,citymun,50,,,false,1102322000,Talaingod,direct
fic,total,1102323,citymun,335,608,55.098684210526315,false,1102323000,Braulio E. Dujali,direct
fic,male,1102323,citymun,180,,,false,1102323000,Braulio E. Dujali,direct
fic,female,1102323,citymun,155,,,false,1102323000,Braulio E. Dujali,direct
cic,total,1102323,citymun,18,365,4.931506849315069,false,1102323000,Braulio E. Dujali,direct
cic,male,1102323,citymun,13,,,false,1102323000,Braulio E. Dujali,direct
cic,female,1102323,citymun,5,,,false,1102323000,Braulio E. Dujali,direct
fic,total,1102324,citymun,374,506,73.91304347826086,false,1102324000,San Isidro,direct
fic,male,1102324,citymun,185,,,false,1102324000,San Isidro,direct
fic,female,1102324,citymun,189,,,false,1102324000,San Isidro,direct
cic,total,1102324,citymun,14,136,10.294117647058822,false,1102324000,San Isidro,direct
cic,male,1102324,citymun,4,,,false,1102324000,San Isidro,direct
cic,female,1102324,citymun,10,,,false,1102324000,San Isidro,direct
fic,total,11024,province,7926,14382,55.11055486024197,false,1102400000,Davao del Sur,direct
fic,male,11024,province,4023,,,false,1102400000,Davao del Sur,direct
fic,female,11024,province,3903,,,false,1102400000,Davao del Sur,direct
cic,total,11024,province,919,6270,14.657097288676235,false,1102400000,Davao del Sur,direct
cic,male,11024,province,456,,,false,1102400000,Davao del Sur,direct
cic,female,11024,province,463,,,false,1102400000,Davao del Sur,direct
fic,total,1102401,citymun,680,1235,55.06072874493927,false,1102401000,Bansalan,direct
fic,male,1102401,citymun,332,,,false,1102401000,Bansalan,direct
fic,female,1102401,citymun,348,,,false,1102401000,Bansalan,direct
cic,total,1102401,citymun,49,599,8.180300500834726,false,1102401000,Bansalan,direct
cic,male,1102401,citymun,18,,,false,1102401000,Bansalan,direct
cic,female,1102401,citymun,31,,,false,1102401000,Bansalan,direct
fic,total,1102403,citymun,2005,3948,50.78520770010132,false,1102403000,City of Digos,direct
fic,male,1102403,citymun,1041,,,false,1102403000,City of Digos,direct
fic,female,1102403,citymun,964,,,false,1102403000,City of Digos,direct
cic,total,1102403,citymun,395,1667,23.695260947810436,false,1102403000,City of Digos,direct
cic,male,1102403,citymun,201,,,false,1102403000,City of Digos,direct
cic,female,1102403,citymun,194,,,false,1102403000,City of Digos,direct
fic,total,1102404,citymun,689,1162,59.29432013769363,false,1102404000,Hagonoy,direct
fic,male,1102404,citymun,375,,,false,1102404000,Hagonoy,direct
fic,female,1102404,citymun,314,,,false,1102404000,Hagonoy,direct
cic,total,1102404,citymun,27,447,6.0402684563758395,false,1102404000,Hagonoy,direct
cic,male,1102404,citymun,16,,,false,1102404000,Hagonoy,direct
cic,female,1102404,citymun,11,,,false,1102404000,Hagonoy,direct
fic,total,1102406,citymun,588,989,59.45399393326593,false,1102406000,Kiblawan,direct
fic,male,1102406,citymun,283,,,false,1102406000,Kiblawan,direct
fic,female,1102406,citymun,305,,,false,1102406000,Kiblawan,direct
cic,total,1102406,citymun,11,344,3.1976744186046515,false,1102406000,Kiblawan,direct
cic,male,1102406,citymun,5,,,false,1102406000,Kiblawan,direct
cic,female,1102406,citymun,6,,,false,1102406000,Kiblawan,direct
fic,total,1102407,citymun,648,1197,54.13533834586466,false,1102407000,Magsaysay,direct
fic,male,1102407,citymun,319,,,false,1102407000,Magsaysay,direct
fic,female,1102407,citymun,329,,,false,1102407000,Magsaysay,direct
cic,total,1102407,citymun,70,497,14.084507042253522,false,1102407000,Magsaysay,direct
cic,male,1102407,citymun,34,,,false,1102407000,Magsaysay,direct
cic,female,1102407,citymun,36,,,false,1102407000,Magsaysay,direct
fic,total,1102408,citymun,524,933,56.162915326902464,false,1102408000,Malalag,direct
fic,male,1102408,citymun,276,,,false,1102408000,Malalag,direct
fic,female,1102408,citymun,248,,,false,1102408000,Malalag,direct
cic,total,1102408,citymun,11,331,3.3232628398791544,false,1102408000,Malalag,direct
cic,male,1102408,citymun,2,,,false,1102408000,Malalag,direct
cic,female,1102408,citymun,9,,,false,1102408000,Malalag,direct
fic,total,1102410,citymun,807,1288,62.65527950310559,false,1102410000,Matanao,direct
fic,male,1102410,citymun,417,,,false,1102410000,Matanao,direct
fic,female,1102410,citymun,390,,,false,1102410000,Matanao,direct
cic,total,1102410,citymun,49,588,8.333333333333332,false,1102410000,Matanao,direct
cic,male,1102410,citymun,22,,,false,1102410000,Matanao,direct
cic,female,1102410,citymun,27,,,false,1102410000,Matanao,direct
fic,total,1102411,citymun,311,549,56.64845173041895,false,1102411000,Padada,direct
fic,male,1102411,citymun,154,,,false,1102411000,Padada,direct
fic,female,1102411,citymun,157,,,false,1102411000,Padada,direct
cic,total,1102411,citymun,11,179,6.145251396648044,false,1102411000,Padada,direct
cic,male,1102411,citymun,8,,,false,1102411000,Padada,direct
cic,female,1102411,citymun,3,,,false,1102411000,Padada,direct
fic,total,1102412,citymun,1240,2422,51.19735755573905,false,1102412000,Santa Cruz,direct
fic,male,1102412,citymun,627,,,false,1102412000,Santa Cruz,direct
fic,female,1102412,citymun,613,,,false,1102412000,Santa Cruz,direct
cic,total,1102412,citymun,281,1339,20.985810306198655,false,1102412000,Santa Cruz,direct
cic,male,1102412,citymun,142,,,false,1102412000,Santa Cruz,direct
cic,female,1102412,citymun,139,,,false,1102412000,Santa Cruz,direct
fic,total,1102414,citymun,434,659,65.85735963581185,false,1102414000,Sulop,direct
fic,male,1102414,citymun,199,,,false,1102414000,Sulop,direct
fic,female,1102414,citymun,235,,,false,1102414000,Sulop,direct
cic,total,1102414,citymun,15,279,5.376344086021505,false,1102414000,Sulop,direct
cic,male,1102414,citymun,8,,,false,1102414000,Sulop,direct
cic,female,1102414,citymun,7,,,false,1102414000,Sulop,direct
fic,total,11025,province,7884,13017,60.566950910348005,false,1102500000,Davao Oriental,direct
fic,male,11025,province,4067,,,false,1102500000,Davao Oriental,direct
fic,female,11025,province,3817,,,false,1102500000,Davao Oriental,direct
cic,total,11025,province,182,4033,4.51276965038433,false,1102500000,Davao Oriental,direct
cic,male,11025,province,104,,,false,1102500000,Davao Oriental,direct
cic,female,11025,province,78,,,false,1102500000,Davao Oriental,direct
fic,total,1102501,citymun,788,1352,58.28402366863905,false,1102501000,Baganga,direct
fic,male,1102501,citymun,391,,,false,1102501000,Baganga,direct
fic,female,1102501,citymun,397,,,false,1102501000,Baganga,direct
cic,total,1102501,citymun,34,479,7.09812108559499,false,1102501000,Baganga,direct
cic,male,1102501,citymun,21,,,false,1102501000,Baganga,direct
cic,female,1102501,citymun,13,,,false,1102501000,Baganga,direct
fic,total,1102502,citymun,606,947,63.99155227032735,false,1102502000,Banaybanay,direct
fic,male,1102502,citymun,345,,,false,1102502000,Banaybanay,direct
fic,female,1102502,citymun,261,,,false,1102502000,Banaybanay,direct
cic,total,1102502,citymun,0,240,0.0,false,1102502000,Banaybanay,direct
cic,male,1102502,citymun,0,,,false,1102502000,Banaybanay,direct
cic,female,1102502,citymun,0,,,false,1102502000,Banaybanay,direct
fic,total,1102503,citymun,173,352,49.14772727272727,false,1102503000,Boston,direct
fic,male,1102503,citymun,98,,,false,1102503000,Boston,direct
fic,female,1102503,citymun,75,,,false,1102503000,Boston,direct
cic,total,1102503,citymun,3,128,2.34375,false,1102503000,Boston,direct
cic,male,1102503,citymun,2,,,false,1102503000,Boston,direct
cic,female,1102503,citymun,1,,,false,1102503000,Boston,direct
fic,total,1102504,citymun,433,678,63.86430678466076,false,1102504000,Caraga,direct
fic,male,1102504,citymun,220,,,false,1102504000,Caraga,direct
fic,female,1102504,citymun,213,,,false,1102504000,Caraga,direct
cic,total,1102504,citymun,16,225,7.111111111111111,false,1102504000,Caraga,direct
cic,male,1102504,citymun,8,,,false,1102504000,Caraga,direct
cic,female,1102504,citymun,8,,,false,1102504000,Caraga,direct
fic,total,1102505,citymun,599,1035,57.874396135265705,false,1102505000,Cateel,direct
fic,male,1102505,citymun,303,,,false,1102505000,Cateel,direct
fic,female,1102505,citymun,296,,,false,1102505000,Cateel,direct
cic,total,1102505,citymun,25,310,8.064516129032258,false,1102505000,Cateel,direct
cic,male,1102505,citymun,13,,,false,1102505000,Cateel,direct
cic,female,1102505,citymun,12,,,false,1102505000,Cateel,direct
fic,total,1102506,citymun,905,1364,66.34897360703812,false,1102506000,Governor Generoso,direct
fic,male,1102506,citymun,448,,,false,1102506000,Governor Generoso,direct
fic,female,1102506,citymun,457,,,false,1102506000,Governor Generoso,direct
cic,total,1102506,citymun,11,417,2.6378896882494005,false,1102506000,Governor Generoso,direct
cic,male,1102506,citymun,6,,,false,1102506000,Governor Generoso,direct
cic,female,1102506,citymun,5,,,false,1102506000,Governor Generoso,direct
fic,total,1102507,citymun,950,1481,64.14584740040513,false,1102507000,Lupon,direct
fic,male,1102507,citymun,489,,,false,1102507000,Lupon,direct
fic,female,1102507,citymun,461,,,false,1102507000,Lupon,direct
cic,total,1102507,citymun,21,493,4.259634888438134,false,1102507000,Lupon,direct
cic,male,1102507,citymun,11,,,false,1102507000,Lupon,direct
cic,female,1102507,citymun,10,,,false,1102507000,Lupon,direct
fic,total,1102508,citymun,456,827,55.139056831922616,false,1102508000,Manay,direct
fic,male,1102508,citymun,228,,,false,1102508000,Manay,direct
fic,female,1102508,citymun,228,,,false,1102508000,Manay,direct
cic,total,1102508,citymun,9,309,2.912621359223301,false,1102508000,Manay,direct
cic,male,1102508,citymun,6,,,false,1102508000,Manay,direct
cic,female,1102508,citymun,3,,,false,1102508000,Manay,direct
fic,total,1102509,citymun,2210,3583,61.68015629360871,false,1102509000,City of Mati,direct
fic,male,1102509,citymun,1150,,,false,1102509000,City of Mati,direct
fic,female,1102509,citymun,1060,,,false,1102509000,City of Mati,direct
cic,total,1102509,citymun,53,953,5.561385099685205,false,1102509000,City of Mati,direct
cic,male,1102509,citymun,34,,,false,1102509000,City of Mati,direct
cic,female,1102509,citymun,19,,,false,1102509000,City of Mati,direct
fic,total,1102510,citymun,428,789,54.24588086185045,false,1102510000,San Isidro,direct
fic,male,1102510,citymun,229,,,false,1102510000,San Isidro,direct
fic,female,1102510,citymun,199,,,false,1102510000,San Isidro,direct
cic,total,1102510,citymun,0,263,0.0,false,1102510000,San Isidro,direct
cic,male,1102510,citymun,0,,,false,1102510000,San Isidro,direct
cic,female,1102510,citymun,0,,,false,1102510000,San Isidro,direct
fic,total,1102511,citymun,336,609,55.172413793103445,false,1102511000,Tarragona,direct
fic,male,1102511,citymun,166,,,false,1102511000,Tarragona,direct
fic,female,1102511,citymun,170,,,false,1102511000,Tarragona,direct
cic,total,1102511,citymun,10,216,4.62962962962963,false,1102511000,Tarragona,direct
cic,male,1102511,citymun,3,,,false,1102511000,Tarragona,direct
cic,female,1102511,citymun,7,,,false,1102511000,Tarragona,direct
fic,total,11082,province,10542,16758,62.907268170426065,false,1108200000,Davao de Oro,direct
fic,male,11082,province,5437,,,false,1108200000,Davao de Oro,direct
fic,female,11082,province,5105,,,false,1108200000,Davao de Oro,direct
cic,total,11082,province,455,6241,7.2904983175773115,false,1108200000,Davao de Oro,direct
cic,male,11082,province,235,,,false,1108200000,Davao de Oro,direct
cic,female,11082,province,220,,,false,1108200000,Davao de Oro,direct
fic,total,1108201,citymun,1128,1920,58.75,false,1108201000,Compostela,direct
fic,male,1108201,citymun,581,,,false,1108201000,Compostela,direct
fic,female,1108201,citymun,547,,,false,1108201000,Compostela,direct
cic,total,1108201,citymun,0,595,0.0,false,1108201000,Compostela,direct
cic,male,1108201,citymun,0,,,false,1108201000,Compostela,direct
cic,female,1108201,citymun,0,,,false,1108201000,Compostela,direct
fic,total,1108202,citymun,1182,1883,62.77217206585236,false,1108202000,Laak,direct
fic,male,1108202,citymun,599,,,false,1108202000,Laak,direct
fic,female,1108202,citymun,583,,,false,1108202000,Laak,direct
cic,total,1108202,citymun,27,827,3.2648125755743655,false,1108202000,Laak,direct
cic,male,1108202,citymun,18,,,false,1108202000,Laak,direct
cic,female,1108202,citymun,9,,,false,1108202000,Laak,direct
fic,total,1108203,citymun,582,993,58.610271903323266,false,1108203000,Mabini,direct
fic,male,1108203,citymun,303,,,false,1108203000,Mabini,direct
fic,female,1108203,citymun,279,,,false,1108203000,Mabini,direct
cic,total,1108203,citymun,1,306,0.32679738562091504,false,1108203000,Mabini,direct
cic,male,1108203,citymun,0,,,false,1108203000,Mabini,direct
cic,female,1108203,citymun,1,,,false,1108203000,Mabini,direct
fic,total,1108204,citymun,1347,1780,75.67415730337078,false,1108204000,Maco,direct
fic,male,1108204,citymun,692,,,false,1108204000,Maco,direct
fic,female,1108204,citymun,655,,,false,1108204000,Maco,direct
cic,total,1108204,citymun,1,443,0.2257336343115124,false,1108204000,Maco,direct
cic,male,1108204,citymun,1,,,false,1108204000,Maco,direct
cic,female,1108204,citymun,0,,,false,1108204000,Maco,direct
fic,total,1108205,citymun,978,1395,70.10752688172043,false,1108205000,Maragusan,direct
fic,male,1108205,citymun,509,,,false,1108205000,Maragusan,direct
fic,female,1108205,citymun,469,,,false,1108205000,Maragusan,direct
cic,total,1108205,citymun,20,552,3.6231884057971016,false,1108205000,Maragusan,direct
cic,male,1108205,citymun,10,,,false,1108205000,Maragusan,direct
cic,female,1108205,citymun,10,,,false,1108205000,Maragusan,direct
fic,total,1108206,citymun,533,836,63.75598086124402,false,1108206000,Mawab,direct
fic,male,1108206,citymun,269,,,false,1108206000,Mawab,direct
fic,female,1108206,citymun,264,,,false,1108206000,Mawab,direct
cic,total,1108206,citymun,4,313,1.2779552715654952,false,1108206000,Mawab,direct
cic,male,1108206,citymun,3,,,false,1108206000,Mawab,direct
cic,female,1108206,citymun,1,,,false,1108206000,Mawab,direct
fic,total,1108207,citymun,1394,2029,68.70379497289305,false,1108207000,Monkayo,direct
fic,male,1108207,citymun,696,,,false,1108207000,Monkayo,direct
fic,female,1108207,citymun,698,,,false,1108207000,Monkayo,direct
cic,total,1108207,citymun,26,535,4.859813084112149,false,1108207000,Monkayo,direct
cic,male,1108207,citymun,12,,,false,1108207000,Monkayo,direct
cic,female,1108207,citymun,14,,,false,1108207000,Monkayo,direct
fic,total,1108208,citymun,516,899,57.39710789766407,false,1108208000,Montevista,direct
fic,male,1108208,citymun,277,,,false,1108208000,Montevista,direct
fic,female,1108208,citymun,239,,,false,1108208000,Montevista,direct
cic,total,1108208,citymun,5,394,1.2690355329949239,false,1108208000,Montevista,direct
cic,male,1108208,citymun,2,,,false,1108208000,Montevista,direct
cic,female,1108208,citymun,3,,,false,1108208000,Montevista,direct
fic,total,1108209,citymun,1097,1830,59.94535519125683,false,1108209000,Nabunturan,direct
fic,male,1108209,citymun,581,,,false,1108209000,Nabunturan,direct
fic,female,1108209,citymun,516,,,false,1108209000,Nabunturan,direct
cic,total,1108209,citymun,0,733,0.0,false,1108209000,Nabunturan,direct
cic,male,1108209,citymun,0,,,false,1108209000,Nabunturan,direct
cic,female,1108209,citymun,0,,,false,1108209000,Nabunturan,direct
fic,total,1108210,citymun,628,1033,60.79380445304937,false,1108210000,New Bataan,direct
fic,male,1108210,citymun,335,,,false,1108210000,New Bataan,direct
fic,female,1108210,citymun,293,,,false,1108210000,New Bataan,direct
cic,total,1108210,citymun,13,400,3.25,false,1108210000,New Bataan,direct
cic,male,1108210,citymun,7,,,false,1108210000,New Bataan,direct
cic,female,1108210,citymun,6,,,false,1108210000,New Bataan,direct
fic,total,1108211,citymun,1157,2160,53.56481481481481,false,1108211000,Pantukan,direct
fic,male,1108211,citymun,595,,,false,1108211000,Pantukan,direct
fic,female,1108211,citymun,562,,,false,1108211000,Pantukan,direct
cic,total,1108211,citymun,358,1143,31.321084864391953,false,1108211000,Pantukan,direct
cic,male,1108211,citymun,182,,,false,1108211000,Pantukan,direct
cic,female,1108211,citymun,176,,,false,1108211000,Pantukan,direct
fic,total,11086,province,3753,7224,51.951827242524914,false,1108600000,Davao Occidental,direct
fic,male,11086,province,1896,,,false,1108600000,Davao Occidental,direct
fic,female,11086,province,1857,,,false,1108600000,Davao Occidental,direct
cic,total,11086,province,364,3210,11.33956386292835,false,1108600000,Davao Occidental,direct
cic,male,11086,province,185,,,false,1108600000,Davao Occidental,direct
cic,female,11086,province,179,,,false,1108600000,Davao Occidental,direct
fic,total,1108601,citymun,534,1007,53.028798411122146,false,1108601000,Don Marcelino,direct
fic,male,1108601,citymun,259,,,false,1108601000,Don Marcelino,direct
fic,female,1108601,citymun,275,,,false,1108601000,Don Marcelino,direct
cic,total,1108601,citymun,38,453,8.388520971302428,false,1108601000,Don Marcelino,direct
cic,male,1108601,citymun,18,,,false,1108601000,Don Marcelino,direct
cic,female,1108601,citymun,20,,,false,1108601000,Don Marcelino,direct
fic,total,1108602,citymun,925,1774,52.14205186020293,false,1108602000,Jose Abad Santos,direct
fic,male,1108602,citymun,456,,,false,1108602000,Jose Abad Santos,direct
fic,female,1108602,citymun,469,,,false,1108602000,Jose Abad Santos,direct
cic,total,1108602,citymun,110,809,13.597033374536466,false,1108602000,Jose Abad Santos,direct
cic,male,1108602,citymun,68,,,false,1108602000,Jose Abad Santos,direct
cic,female,1108602,citymun,42,,,false,1108602000,Jose Abad Santos,direct
fic,total,1108603,citymun,1575,2666,59.077269317329325,false,1108603000,Malita,direct
fic,male,1108603,citymun,813,,,false,1108603000,Malita,direct
fic,female,1108603,citymun,762,,,false,1108603000,Malita,direct
cic,total,1108603,citymun,105,1106,9.49367088607595,false,1108603000,Malita,direct
cic,male,1108603,citymun,37,,,false,1108603000,Malita,direct
cic,female,1108603,citymun,68,,,false,1108603000,Malita,direct
fic,total,1108604,citymun,565,1264,44.699367088607595,false,1108604000,Santa Maria,direct
fic,male,1108604,citymun,293,,,false,1108604000,Santa Maria,direct
fic,female,1108604,citymun,272,,,false,1108604000,Santa Maria,direct
cic,total,1108604,citymun,61,588,10.374149659863946,false,1108604000,Santa Maria,direct
cic,male,1108604,citymun,35,,,false,1108604000,Santa Maria,direct
cic,female,1108604,citymun,26,,,false,1108604000,Santa Maria,direct
fic,total,1108605,citymun,154,513,30.01949317738791,false,1108605000,Sarangani,direct
fic,male,1108605,citymun,75,,,false,1108605000,Sarangani,direct
fic,female,1108605,citymun,79,,,false,1108605000,Sarangani,direct
cic,total,1108605,citymun,50,254,19.68503937007874,false,1108605000,Sarangani,direct
cic,male,1108605,citymun,27,,,false,1108605000,Sarangani,direct
cic,female,1108605,citymun,23,,,false,1108605000,Sarangani,direct
fic,total,11307,province,21472,40169,53.45415619009684,false,1130700000,City of Davao,direct
fic,male,11307,province,10967,,,false,1130700000,City of Davao,direct
fic,female,11307,province,10505,,,false,1130700000,City of Davao,direct
cic,total,11307,province,3582,16884,21.215351812366738,false,1130700000,City of Davao,direct
cic,male,11307,province,1853,,,false,1130700000,City of Davao,direct
cic,female,11307,province,1729,,,false,1130700000,City of Davao,direct
fic,total,12,region,64551,103515,62.359078394435585,false,1200000000,Region 12,direct
fic,male,12,region,32953,,,false,1200000000,Region 12,direct
fic,female,12,region,31598,,,false,1200000000,Region 12,direct
cic,total,12,region,2698,36948,7.302154379127422,false,1200000000,Region 12,direct
cic,male,12,region,1406,,,false,1200000000,Region 12,direct
cic,female,12,region,1292,,,false,1200000000,Region 12,direct
fic,total,12047,province,18131,28029,64.68657461914445,false,1204700000,Cotabato,direct
fic,male,12047,province,9242,,,false,1204700000,Cotabato,direct
fic,female,12047,province,8889,,,false,1204700000,Cotabato,direct
cic,total,12047,province,720,9181,7.842282975710707,false,1204700000,Cotabato,direct
cic,male,12047,province,400,,,false,1204700000,Cotabato,direct
cic,female,12047,province,320,,,false,1204700000,Cotabato,direct
fic,total,1204701,citymun,1174,1774,66.17812852311161,false,1204701000,Alamada,direct
fic,male,1204701,citymun,626,,,false,1204701000,Alamada,direct
fic,female,1204701,citymun,548,,,false,1204701000,Alamada,direct
cic,total,1204701,citymun,53,615,8.617886178861788,false,1204701000,Alamada,direct
cic,male,1204701,citymun,32,,,false,1204701000,Alamada,direct
cic,female,1204701,citymun,21,,,false,1204701000,Alamada,direct
fic,total,1204702,citymun,1364,1988,68.61167002012073,false,1204702000,Carmen,direct
fic,male,1204702,citymun,719,,,false,1204702000,Carmen,direct
fic,female,1204702,citymun,645,,,false,1204702000,Carmen,direct
cic,total,1204702,citymun,23,595,3.865546218487395,false,1204702000,Carmen,direct
cic,male,1204702,citymun,15,,,false,1204702000,Carmen,direct
cic,female,1204702,citymun,8,,,false,1204702000,Carmen,direct
fic,total,1204703,citymun,1110,1830,60.65573770491803,false,1204703000,Kabacan,direct
fic,male,1204703,citymun,566,,,false,1204703000,Kabacan,direct
fic,female,1204703,citymun,544,,,false,1204703000,Kabacan,direct
cic,total,1204703,citymun,140,707,19.801980198019802,false,1204703000,Kabacan,direct
cic,male,1204703,citymun,79,,,false,1204703000,Kabacan,direct
cic,female,1204703,citymun,61,,,false,1204703000,Kabacan,direct
fic,total,1204704,citymun,2166,3531,61.34239592183517,false,1204704000,City of Kidapawan,direct
fic,male,1204704,citymun,1082,,,false,1204704000,City of Kidapawan,direct
fic,female,1204704,citymun,1084,,,false,1204704000,City of Kidapawan,direct
cic,total,1204704,citymun,57,1148,4.965156794425087,false,1204704000,City of Kidapawan,direct
cic,male,1204704,citymun,30,,,false,1204704000,City of Kidapawan,direct
cic,female,1204704,citymun,27,,,false,1204704000,City of Kidapawan,direct
fic,total,1204705,citymun,765,1142,66.9877408056042,false,1204705000,Libungan,direct
fic,male,1204705,citymun,371,,,false,1204705000,Libungan,direct
fic,female,1204705,citymun,394,,,false,1204705000,Libungan,direct
cic,total,1204705,citymun,3,372,0.8064516129032258,false,1204705000,Libungan,direct
cic,male,1204705,citymun,2,,,false,1204705000,Libungan,direct
cic,female,1204705,citymun,1,,,false,1204705000,Libungan,direct
fic,total,1204706,citymun,833,1126,73.97868561278862,false,1204706000,Magpet,direct
fic,male,1204706,citymun,438,,,false,1204706000,Magpet,direct
fic,female,1204706,citymun,395,,,false,1204706000,Magpet,direct
cic,total,1204706,citymun,35,382,9.162303664921465,false,1204706000,Magpet,direct
cic,male,1204706,citymun,21,,,false,1204706000,Magpet,direct
cic,female,1204706,citymun,14,,,false,1204706000,Magpet,direct
fic,total,1204707,citymun,1226,1870,65.56149732620321,false,1204707000,Makilala,direct
fic,male,1204707,citymun,629,,,false,1204707000,Makilala,direct
fic,female,1204707,citymun,597,,,false,1204707000,Makilala,direct
cic,total,1204707,citymun,8,471,1.6985138004246285,false,1204707000,Makilala,direct
cic,male,1204707,citymun,7,,,false,1204707000,Makilala,direct
cic,female,1204707,citymun,1,,,false,1204707000,Makilala,direct
fic,total,1204708,citymun,1171,1700,68.88235294117648,false,1204708000,Matalam,direct
fic,male,1204708,citymun,578,,,false,1204708000,Matalam,direct
fic,female,1204708,citymun,593,,,false,1204708000,Matalam,direct
cic,total,1204708,citymun,26,500,5.2,false,1204708000,Matalam,direct
cic,male,1204708,citymun,12,,,false,1204708000,Matalam,direct
cic,female,1204708,citymun,14,,,false,1204708000,Matalam,direct
fic,total,1204709,citymun,1273,2244,56.72905525846702,false,1204709000,Midsayap,direct
fic,male,1204709,citymun,672,,,false,1204709000,Midsayap,direct
fic,female,1204709,citymun,601,,,false,1204709000,Midsayap,direct
cic,total,1204709,citymun,74,852,8.685446009389672,false,1204709000,Midsayap,direct
cic,male,1204709,citymun,47,,,false,1204709000,Midsayap,direct
cic,female,1204709,citymun,27,,,false,1204709000,Midsayap,direct
fic,total,1204710,citymun,1197,1902,62.93375394321766,false,1204710000,M'Lang,direct
fic,male,1204710,citymun,611,,,false,1204710000,M'Lang,direct
fic,female,1204710,citymun,586,,,false,1204710000,M'Lang,direct
cic,total,1204710,citymun,55,666,8.258258258258259,false,1204710000,M'Lang,direct
cic,male,1204710,citymun,36,,,false,1204710000,M'Lang,direct
cic,female,1204710,citymun,19,,,false,1204710000,M'Lang,direct
fic,total,1204711,citymun,618,1072,57.649253731343286,false,1204711000,Pigkawayan,direct
fic,male,1204711,citymun,300,,,false,1204711000,Pigkawayan,direct
fic,female,1204711,citymun,318,,,false,1204711000,Pigkawayan,direct
cic,total,1204711,citymun,70,315,22.22222222222222,false,1204711000,Pigkawayan,direct
cic,male,1204711,citymun,31,,,false,1204711000,Pigkawayan,direct
cic,female,1204711,citymun,39,,,false,1204711000,Pigkawayan,direct
fic,total,1204712,citymun,1015,1790,56.70391061452514,false,1204712000,Pikit,direct
fic,male,1204712,citymun,514,,,false,1204712000,Pikit,direct
fic,female,1204712,citymun,501,,,false,1204712000,Pikit,direct
cic,total,1204712,citymun,79,849,9.305064782096583,false,1204712000,Pikit,direct
cic,male,1204712,citymun,35,,,false,1204712000,Pikit,direct
cic,female,1204712,citymun,44,,,false,1204712000,Pikit,direct
fic,total,1204713,citymun,741,1026,72.22222222222221,false,1204713000,President Roxas,direct
fic,male,1204713,citymun,356,,,false,1204713000,President Roxas,direct
fic,female,1204713,citymun,385,,,false,1204713000,President Roxas,direct
cic,total,1204713,citymun,22,281,7.829181494661921,false,1204713000,President Roxas,direct
cic,male,1204713,citymun,12,,,false,1204713000,President Roxas,direct
cic,female,1204713,citymun,10,,,false,1204713000,President Roxas,direct
fic,total,1204714,citymun,956,1427,66.9936930623686,false,1204714000,Tulunan,direct
fic,male,1204714,citymun,478,,,false,1204714000,Tulunan,direct
fic,female,1204714,citymun,478,,,false,1204714000,Tulunan,direct
cic,total,1204714,citymun,7,281,2.491103202846975,false,1204714000,Tulunan,direct
cic,male,1204714,citymun,5,,,false,1204714000,Tulunan,direct
cic,female,1204714,citymun,2,,,false,1204714000,Tulunan,direct
fic,total,1204715,citymun,387,495,78.18181818181819,false,1204715000,Antipas,direct
fic,male,1204715,citymun,188,,,false,1204715000,Antipas,direct
fic,female,1204715,citymun,199,,,false,1204715000,Antipas,direct
cic,total,1204715,citymun,9,145,6.206896551724138,false,1204715000,Antipas,direct
cic,male,1204715,citymun,6,,,false,1204715000,Antipas,direct
cic,female,1204715,citymun,3,,,false,1204715000,Antipas,direct
fic,total,1204716,citymun,778,1199,64.88740617180983,false,1204716000,Banisilan,direct
fic,male,1204716,citymun,404,,,false,1204716000,Banisilan,direct
fic,female,1204716,citymun,374,,,false,1204716000,Banisilan,direct
cic,total,1204716,citymun,7,408,1.715686274509804,false,1204716000,Banisilan,direct
cic,male,1204716,citymun,2,,,false,1204716000,Banisilan,direct
cic,female,1204716,citymun,5,,,false,1204716000,Banisilan,direct
fic,total,1204717,citymun,519,850,61.05882352941177,false,1204717000,Aleosan,direct
fic,male,1204717,citymun,254,,,false,1204717000,Aleosan,direct
fic,female,1204717,citymun,265,,,false,1204717000,Aleosan,direct
cic,total,1204717,citymun,33,319,10.344827586206897,false,1204717000,Aleosan,direct
cic,male,1204717,citymun,17,,,false,1204717000,Aleosan,direct
cic,female,1204717,citymun,16,,,false,1204717000,Aleosan,direct
fic,total,1204718,citymun,838,1063,78.83349012229539,false,1204718000,Arakan,direct
fic,male,1204718,citymun,456,,,false,1204718000,Arakan,direct
fic,female,1204718,citymun,382,,,false,1204718000,Arakan,direct
cic,total,1204718,citymun,19,275,6.909090909090909,false,1204718000,Arakan,direct
cic,male,1204718,citymun,11,,,false,1204718000,Arakan,direct
cic,female,1204718,citymun,8,,,false,1204718000,Arakan,direct
fic,total,12063,province,14005,23727,59.0255826695326,false,1206300000,South Cotabato,direct
fic,male,12063,province,7215,,,false,1206300000,South Cotabato,direct
fic,female,12063,province,6790,,,false,1206300000,South Cotabato,direct
cic,total,12063,province,664,8665,7.6630121177149455,false,1206300000,South Cotabato,direct
cic,male,12063,province,342,,,false,1206300000,South Cotabato,direct
cic,female,12063,province,322,,,false,1206300000,South Cotabato,direct
fic,total,1206302,citymun,1096,2030,53.99014778325123,false,1206302000,Banga,direct
fic,male,1206302,citymun,578,,,false,1206302000,Banga,direct
fic,female,1206302,citymun,518,,,false,1206302000,Banga,direct
cic,total,1206302,citymun,51,705,7.234042553191489,false,1206302000,Banga,direct
cic,male,1206302,citymun,27,,,false,1206302000,Banga,direct
cic,female,1206302,citymun,24,,,false,1206302000,Banga,direct
fic,total,1206306,citymun,2393,4325,55.32947976878613,false,1206306000,City of Koronadal,direct
fic,male,1206306,citymun,1196,,,false,1206306000,City of Koronadal,direct
fic,female,1206306,citymun,1197,,,false,1206306000,City of Koronadal,direct
cic,total,1206306,citymun,137,1640,8.353658536585366,false,1206306000,City of Koronadal,direct
cic,male,1206306,citymun,68,,,false,1206306000,City of Koronadal,direct
cic,female,1206306,citymun,69,,,false,1206306000,City of Koronadal,direct
fic,total,1206311,citymun,954,985,96.85279187817258,false,1206311000,Norala,direct
fic,male,1206311,citymun,464,,,false,1206311000,Norala,direct
fic,female,1206311,citymun,490,,,false,1206311000,Norala,direct
cic,total,1206311,citymun,28,-51,-54.90196078431373,false,1206311000,Norala,direct
cic,male,1206311,citymun,17,,,false,1206311000,Norala,direct
cic,female,1206311,citymun,11,,,false,1206311000,Norala,direct
fic,total,1206312,citymun,2364,4072,58.055009823182715,false,1206312000,Polomolok,direct
fic,male,1206312,citymun,1270,,,false,1206312000,Polomolok,direct
fic,female,1206312,citymun,1094,,,false,1206312000,Polomolok,direct
cic,total,1206312,citymun,129,1671,7.719928186714542,false,1206312000,Polomolok,direct
cic,male,1206312,citymun,67,,,false,1206312000,Polomolok,direct
cic,female,1206312,citymun,62,,,false,1206312000,Polomolok,direct
fic,total,1206313,citymun,1515,2088,72.5574712643678,false,1206313000,Surallah,direct
fic,male,1206313,citymun,781,,,false,1206313000,Surallah,direct
fic,female,1206313,citymun,734,,,false,1206313000,Surallah,direct
cic,total,1206313,citymun,10,445,2.247191011235955,false,1206313000,Surallah,direct
cic,male,1206313,citymun,4,,,false,1206313000,Surallah,direct
cic,female,1206313,citymun,6,,,false,1206313000,Surallah,direct
fic,total,1206314,citymun,556,992,56.048387096774185,false,1206314000,Tampakan,direct
fic,male,1206314,citymun,290,,,false,1206314000,Tampakan,direct
fic,female,1206314,citymun,266,,,false,1206314000,Tampakan,direct
cic,total,1206314,citymun,18,385,4.675324675324675,false,1206314000,Tampakan,direct
cic,male,1206314,citymun,9,,,false,1206314000,Tampakan,direct
cic,female,1206314,citymun,9,,,false,1206314000,Tampakan,direct
fic,total,1206315,citymun,655,1143,57.30533683289589,false,1206315000,Tantangan,direct
fic,male,1206315,citymun,334,,,false,1206315000,Tantangan,direct
fic,female,1206315,citymun,321,,,false,1206315000,Tantangan,direct
cic,total,1206315,citymun,3,422,0.7109004739336493,false,1206315000,Tantangan,direct
cic,male,1206315,citymun,1,,,false,1206315000,Tantangan,direct
cic,female,1206315,citymun,2,,,false,1206315000,Tantangan,direct
fic,total,1206316,citymun,1627,3087,52.704891480401685,false,1206316000,T'Boli,direct
fic,male,1206316,citymun,853,,,false,1206316000,T'Boli,direct
fic,female,1206316,citymun,774,,,false,1206316000,T'Boli,direct
cic,total,1206316,citymun,24,1347,1.7817371937639197,false,1206316000,T'Boli,direct
cic,male,1206316,citymun,9,,,false,1206316000,T'Boli,direct
cic,female,1206316,citymun,15,,,false,1206316000,T'Boli,direct
fic,total,1206317,citymun,1071,1756,60.99088838268793,false,1206317000,Tupi,direct
fic,male,1206317,citymun,521,,,false,1206317000,Tupi,direct
fic,female,1206317,citymun,550,,,false,1206317000,Tupi,direct
cic,total,1206317,citymun,164,631,25.990491283676704,false,1206317000,Tupi,direct
cic,male,1206317,citymun,84,,,false,1206317000,Tupi,direct
cic,female,1206317,citymun,80,,,false,1206317000,Tupi,direct
fic,total,1206318,citymun,489,877,55.75826681870011,false,1206318000,Santo Niño,direct
fic,male,1206318,citymun,254,,,false,1206318000,Santo Niño,direct
fic,female,1206318,citymun,235,,,false,1206318000,Santo Niño,direct
cic,total,1206318,citymun,4,283,1.4134275618374559,false,1206318000,Santo Niño,direct
cic,male,1206318,citymun,1,,,false,1206318000,Santo Niño,direct
cic,female,1206318,citymun,3,,,false,1206318000,Santo Niño,direct
fic,total,1206319,citymun,1285,2372,54.17369308600337,false,1206319000,Lake Sebu,direct
fic,male,1206319,citymun,674,,,false,1206319000,Lake Sebu,direct
fic,female,1206319,citymun,611,,,false,1206319000,Lake Sebu,direct
cic,total,1206319,citymun,96,1187,8.087615838247682,false,1206319000,Lake Sebu,direct
cic,male,1206319,citymun,55,,,false,1206319000,Lake Sebu,direct
cic,female,1206319,citymun,41,,,false,1206319000,Lake Sebu,direct
fic,total,12065,province,14228,21299,66.80125827503639,false,1206500000,Sultan Kudarat,direct
fic,male,12065,province,7201,,,false,1206500000,Sultan Kudarat,direct
fic,female,12065,province,7027,,,false,1206500000,Sultan Kudarat,direct
cic,total,12065,province,201,6723,2.989736724676484,false,1206500000,Sultan Kudarat,direct
cic,male,12065,province,105,,,false,1206500000,Sultan Kudarat,direct
cic,female,12065,province,96,,,false,1206500000,Sultan Kudarat,direct
fic,total,1206501,citymun,1338,1794,74.5819397993311,false,1206501000,Bagumbayan,direct
fic,male,1206501,citymun,729,,,false,1206501000,Bagumbayan,direct
fic,female,1206501,citymun,609,,,false,1206501000,Bagumbayan,direct
cic,total,1206501,citymun,2,390,0.5128205128205128,false,1206501000,Bagumbayan,direct
cic,male,1206501,citymun,2,,,false,1206501000,Bagumbayan,direct
cic,female,1206501,citymun,0,,,false,1206501000,Bagumbayan,direct
fic,total,1206502,citymun,722,945,76.4021164021164,false,1206502000,Columbio,direct
fic,male,1206502,citymun,366,,,false,1206502000,Columbio,direct
fic,female,1206502,citymun,356,,,false,1206502000,Columbio,direct
cic,total,1206502,citymun,0,316,0.0,false,1206502000,Columbio,direct
cic,male,1206502,citymun,0,,,false,1206502000,Columbio,direct
cic,female,1206502,citymun,0,,,false,1206502000,Columbio,direct
fic,total,1206503,citymun,1018,1623,62.72335181762168,false,1206503000,Esperanza,direct
fic,male,1206503,citymun,510,,,false,1206503000,Esperanza,direct
fic,female,1206503,citymun,508,,,false,1206503000,Esperanza,direct
cic,total,1206503,citymun,0,516,0.0,false,1206503000,Esperanza,direct
cic,male,1206503,citymun,0,,,false,1206503000,Esperanza,direct
cic,female,1206503,citymun,0,,,false,1206503000,Esperanza,direct
fic,total,1206504,citymun,1590,2336,68.06506849315068,false,1206504000,Isulan,direct
fic,male,1206504,citymun,847,,,false,1206504000,Isulan,direct
fic,female,1206504,citymun,743,,,false,1206504000,Isulan,direct
cic,total,1206504,citymun,0,430,0.0,false,1206504000,Isulan,direct
cic,male,1206504,citymun,0,,,false,1206504000,Isulan,direct
cic,female,1206504,citymun,0,,,false,1206504000,Isulan,direct
fic,total,1206505,citymun,824,1273,64.72898664571878,false,1206505000,Kalamansig,direct
fic,male,1206505,citymun,409,,,false,1206505000,Kalamansig,direct
fic,female,1206505,citymun,415,,,false,1206505000,Kalamansig,direct
cic,total,1206505,citymun,45,398,11.306532663316583,false,1206505000,Kalamansig,direct
cic,male,1206505,citymun,27,,,false,1206505000,Kalamansig,direct
cic,female,1206505,citymun,18,,,false,1206505000,Kalamansig,direct
fic,total,1206506,citymun,1380,2129,64.81916392672616,false,1206506000,Lebak,direct
fic,male,1206506,citymun,694,,,false,1206506000,Lebak,direct
fic,female,1206506,citymun,686,,,false,1206506000,Lebak,direct
cic,total,1206506,citymun,26,753,3.4528552456839305,false,1206506000,Lebak,direct
cic,male,1206506,citymun,14,,,false,1206506000,Lebak,direct
cic,female,1206506,citymun,12,,,false,1206506000,Lebak,direct
fic,total,1206507,citymun,1327,1647,80.57073466909532,false,1206507000,Lutayan,direct
fic,male,1206507,citymun,679,,,false,1206507000,Lutayan,direct
fic,female,1206507,citymun,648,,,false,1206507000,Lutayan,direct
cic,total,1206507,citymun,6,304,1.9736842105263157,false,1206507000,Lutayan,direct
cic,male,1206507,citymun,3,,,false,1206507000,Lutayan,direct
cic,female,1206507,citymun,3,,,false,1206507000,Lutayan,direct
fic,total,1206508,citymun,1674,2191,76.4034687357371,false,1206508000,Lambayong,direct
fic,male,1206508,citymun,851,,,false,1206508000,Lambayong,direct
fic,female,1206508,citymun,823,,,false,1206508000,Lambayong,direct
cic,total,1206508,citymun,0,888,0.0,false,1206508000,Lambayong,direct
cic,male,1206508,citymun,0,,,false,1206508000,Lambayong,direct
cic,female,1206508,citymun,0,,,false,1206508000,Lambayong,direct
fic,total,1206509,citymun,1026,2812,36.486486486486484,false,1206509000,Palimbang,direct
fic,male,1206509,citymun,493,,,false,1206509000,Palimbang,direct
fic,female,1206509,citymun,533,,,false,1206509000,Palimbang,direct
cic,total,1206509,citymun,93,1432,6.494413407821228,false,1206509000,Palimbang,direct
cic,male,1206509,citymun,41,,,false,1206509000,Palimbang,direct
cic,female,1206509,citymun,52,,,false,1206509000,Palimbang,direct
fic,total,1206510,citymun,1019,1061,96.04147031102734,false,1206510000,President Quirino,direct
fic,male,1206510,citymun,489,,,false,1206510000,President Quirino,direct
fic,female,1206510,citymun,530,,,false,1206510000,President Quirino,direct
cic,total,1206510,citymun,0,124,0.0,false,1206510000,President Quirino,direct
cic,male,1206510,citymun,0,,,false,1206510000,President Quirino,direct
cic,female,1206510,citymun,0,,,false,1206510000,President Quirino,direct
fic,total,1206511,citymun,1513,2341,64.63049978641607,false,1206511000,City of Tacurong,direct
fic,male,1206511,citymun,740,,,false,1206511000,City of Tacurong,direct
fic,female,1206511,citymun,773,,,false,1206511000,City of Tacurong,direct
cic,total,1206511,citymun,17,772,2.2020725388601035,false,1206511000,City of Tacurong,direct
cic,male,1206511,citymun,8,,,false,1206511000,City of Tacurong,direct
cic,female,1206511,citymun,9,,,false,1206511000,City of Tacurong,direct
fic,total,1206512,citymun,797,1147,69.48561464690496,false,1206512000,Sen. Ninoy Aquino,direct
fic,male,1206512,citymun,394,,,false,1206512000,Sen. Ninoy Aquino,direct
fic,female,1206512,citymun,403,,,false,1206512000,Sen. Ninoy Aquino,direct
cic,total,1206512,citymun,12,400,3.0,false,1206512000,Sen. Ninoy Aquino,direct
cic,male,1206512,citymun,10,,,false,1206512000,Sen. Ninoy Aquino,direct
cic,female,1206512,citymun,2,,,false,1206512000,Sen. Ninoy Aquino,direct
fic,total,12080,province,9583,14599,65.64148229330776,false,1208000000,Sarangani,direct
fic,male,12080,province,4917,,,false,1208000000,Sarangani,direct
fic,female,12080,province,4666,,,false,1208000000,Sarangani,direct
cic,total,12080,province,227,4328,5.244916820702403,false,1208000000,Sarangani,direct
cic,male,12080,province,106,,,false,1208000000,Sarangani,direct
cic,female,12080,province,121,,,false,1208000000,Sarangani,direct
fic,total,1208001,citymun,1258,2151,58.48442584844259,false,1208001000,Alabel,direct
fic,male,1208001,citymun,625,,,false,1208001000,Alabel,direct
fic,female,1208001,citymun,633,,,false,1208001000,Alabel,direct
cic,total,1208001,citymun,95,754,12.599469496021221,false,1208001000,Alabel,direct
cic,male,1208001,citymun,38,,,false,1208001000,Alabel,direct
cic,female,1208001,citymun,57,,,false,1208001000,Alabel,direct
fic,total,1208002,citymun,1838,2857,64.33321666083303,false,1208002000,Glan,direct
fic,male,1208002,citymun,997,,,false,1208002000,Glan,direct
fic,female,1208002,citymun,841,,,false,1208002000,Glan,direct
cic,total,1208002,citymun,3,790,0.37974683544303794,false,1208002000,Glan,direct
cic,male,1208002,citymun,2,,,false,1208002000,Glan,direct
cic,female,1208002,citymun,1,,,false,1208002000,Glan,direct
fic,total,1208003,citymun,1091,1782,61.223344556677894,false,1208003000,Kiamba,direct
fic,male,1208003,citymun,510,,,false,1208003000,Kiamba,direct
fic,female,1208003,citymun,581,,,false,1208003000,Kiamba,direct
cic,total,1208003,citymun,16,620,2.5806451612903225,false,1208003000,Kiamba,direct
cic,male,1208003,citymun,8,,,false,1208003000,Kiamba,direct
cic,female,1208003,citymun,8,,,false,1208003000,Kiamba,direct
fic,total,1208004,citymun,1352,1788,75.6152125279642,false,1208004000,Maasim,direct
fic,male,1208004,citymun,679,,,false,1208004000,Maasim,direct
fic,female,1208004,citymun,673,,,false,1208004000,Maasim,direct
cic,total,1208004,citymun,3,382,0.7853403141361256,false,1208004000,Maasim,direct
cic,male,1208004,citymun,1,,,false,1208004000,Maasim,direct
cic,female,1208004,citymun,2,,,false,1208004000,Maasim,direct
fic,total,1208005,citymun,798,1210,65.95041322314049,false,1208005000,Maitum,direct
fic,male,1208005,citymun,404,,,false,1208005000,Maitum,direct
fic,female,1208005,citymun,394,,,false,1208005000,Maitum,direct
cic,total,1208005,citymun,7,318,2.20125786163522,false,1208005000,Maitum,direct
cic,male,1208005,citymun,6,,,false,1208005000,Maitum,direct
cic,female,1208005,citymun,1,,,false,1208005000,Maitum,direct
fic,total,1208006,citymun,1653,2093,78.9775441949355,false,1208006000,Malapatan,direct
fic,male,1208006,citymun,879,,,false,1208006000,Malapatan,direct
fic,female,1208006,citymun,774,,,false,1208006000,Malapatan,direct
cic,total,1208006,citymun,62,381,16.27296587926509,false,1208006000,Malapatan,direct
cic,male,1208006,citymun,32,,,false,1208006000,Malapatan,direct
cic,female,1208006,citymun,30,,,false,1208006000,Malapatan,direct
fic,total,1208007,citymun,1593,2718,58.609271523178805,false,1208007000,Malungon,direct
fic,male,1208007,citymun,823,,,false,1208007000,Malungon,direct
fic,female,1208007,citymun,770,,,false,1208007000,Malungon,direct
cic,total,1208007,citymun,41,1083,3.7857802400738687,false,1208007000,Malungon,direct
cic,male,1208007,citymun,19,,,false,1208007000,Malungon,direct
cic,female,1208007,citymun,22,,,false,1208007000,Malungon,direct
fic,total,12308,province,8604,15861,54.24626442216758,false,1230800000,City of General Santos,direct
fic,male,12308,province,4378,,,false,1230800000,City of General Santos,direct
fic,female,12308,province,4226,,,false,1230800000,City of General Santos,direct
cic,total,12308,province,886,8051,11.004844118743014,false,1230800000,City of General Santos,direct
cic,male,12308,province,453,,,false,1230800000,City of General Santos,direct
cic,female,12308,province,433,,,false,1230800000,City of General Santos,direct
fic,total,16,region,43969,60237,72.9933429619669,false,1600000000,Caraga,direct
fic,male,16,region,22580,,,false,1600000000,Caraga,direct
fic,female,16,region,21389,,,false,1600000000,Caraga,direct
cic,total,16,region,1781,12098,14.721441560588527,false,1600000000,Caraga,direct
cic,male,16,region,946,,,false,1600000000,Caraga,direct
cic,female,16,region,835,,,false,1600000000,Caraga,direct
fic,total,16002,province,7145,7979,89.54756235117183,false,1600200000,Agusan del Norte,direct
fic,male,16002,province,3668,,,false,1600200000,Agusan del Norte,direct
fic,female,16002,province,3477,,,false,1600200000,Agusan del Norte,direct
cic,total,16002,province,85,734,11.580381471389646,false,1600200000,Agusan del Norte,direct
cic,male,16002,province,52,,,false,1600200000,Agusan del Norte,direct
cic,female,16002,province,33,,,false,1600200000,Agusan del Norte,direct
fic,total,1600201,citymun,1321,1392,94.89942528735632,false,1600201000,Buenavista,direct
fic,male,1600201,citymun,689,,,false,1600201000,Buenavista,direct
fic,female,1600201,citymun,632,,,false,1600201000,Buenavista,direct
cic,total,1600201,citymun,10,-30,-33.33333333333333,false,1600201000,Buenavista,direct
cic,male,1600201,citymun,4,,,false,1600201000,Buenavista,direct
cic,female,1600201,citymun,6,,,false,1600201000,Buenavista,direct
fic,total,1600203,citymun,1134,1545,73.39805825242719,false,1600203000,City of Cabadbaran,direct
fic,male,1600203,citymun,580,,,false,1600203000,City of Cabadbaran,direct
fic,female,1600203,citymun,554,,,false,1600203000,City of Cabadbaran,direct
cic,total,1600203,citymun,20,386,5.181347150259067,false,1600203000,City of Cabadbaran,direct
cic,male,1600203,citymun,16,,,false,1600203000,City of Cabadbaran,direct
cic,female,1600203,citymun,4,,,false,1600203000,City of Cabadbaran,direct
fic,total,1600204,citymun,526,489,107.56646216768917,true,1600204000,Carmen,direct
fic,male,1600204,citymun,278,,,false,1600204000,Carmen,direct
fic,female,1600204,citymun,248,,,false,1600204000,Carmen,direct
cic,total,1600204,citymun,0,-9,0.0,false,1600204000,Carmen,direct
cic,male,1600204,citymun,0,,,false,1600204000,Carmen,direct
cic,female,1600204,citymun,0,,,false,1600204000,Carmen,direct
fic,total,1600205,citymun,493,518,95.17374517374517,false,1600205000,Jabonga,direct
fic,male,1600205,citymun,219,,,false,1600205000,Jabonga,direct
fic,female,1600205,citymun,274,,,false,1600205000,Jabonga,direct
cic,total,1600205,citymun,4,92,4.3478260869565215,false,1600205000,Jabonga,direct
cic,male,1600205,citymun,3,,,false,1600205000,Jabonga,direct
cic,female,1600205,citymun,1,,,false,1600205000,Jabonga,direct
fic,total,1600206,citymun,418,441,94.7845804988662,false,1600206000,Kitcharao,direct
fic,male,1600206,citymun,232,,,false,1600206000,Kitcharao,direct
fic,female,1600206,citymun,186,,,false,1600206000,Kitcharao,direct
cic,total,1600206,citymun,8,22,36.36363636363637,false,1600206000,Kitcharao,direct
cic,male,1600206,citymun,2,,,false,1600206000,Kitcharao,direct
cic,female,1600206,citymun,6,,,false,1600206000,Kitcharao,direct
fic,total,1600207,citymun,598,677,88.33087149187593,false,1600207000,Las Nieves,direct
fic,male,1600207,citymun,309,,,false,1600207000,Las Nieves,direct
fic,female,1600207,citymun,289,,,false,1600207000,Las Nieves,direct
cic,total,1600207,citymun,19,19,100.0,false,1600207000,Las Nieves,direct
cic,male,1600207,citymun,11,,,false,1600207000,Las Nieves,direct
cic,female,1600207,citymun,8,,,false,1600207000,Las Nieves,direct
fic,total,1600208,citymun,336,431,77.9582366589327,false,1600208000,Magallanes,direct
fic,male,1600208,citymun,176,,,false,1600208000,Magallanes,direct
fic,female,1600208,citymun,160,,,false,1600208000,Magallanes,direct
cic,total,1600208,citymun,0,77,0.0,false,1600208000,Magallanes,direct
cic,male,1600208,citymun,0,,,false,1600208000,Magallanes,direct
cic,female,1600208,citymun,0,,,false,1600208000,Magallanes,direct
fic,total,1600209,citymun,714,812,87.93103448275862,false,1600209000,Nasipit,direct
fic,male,1600209,citymun,359,,,false,1600209000,Nasipit,direct
fic,female,1600209,citymun,355,,,false,1600209000,Nasipit,direct
cic,total,1600209,citymun,0,28,0.0,false,1600209000,Nasipit,direct
cic,male,1600209,citymun,0,,,false,1600209000,Nasipit,direct
cic,female,1600209,citymun,0,,,false,1600209000,Nasipit,direct
fic,total,1600210,citymun,719,719,100.0,false,1600210000,Santiago,direct
fic,male,1600210,citymun,370,,,false,1600210000,Santiago,direct
fic,female,1600210,citymun,349,,,false,1600210000,Santiago,direct
cic,total,1600210,citymun,18,35,51.42857142857142,false,1600210000,Santiago,direct
cic,male,1600210,citymun,13,,,false,1600210000,Santiago,direct
cic,female,1600210,citymun,5,,,false,1600210000,Santiago,direct
fic,total,1600211,citymun,563,616,91.3961038961039,false,1600211000,Tubay,direct
fic,male,1600211,citymun,291,,,false,1600211000,Tubay,direct
fic,female,1600211,citymun,272,,,false,1600211000,Tubay,direct
cic,total,1600211,citymun,3,81,3.7037037037037033,false,1600211000,Tubay,direct
cic,male,1600211,citymun,1,,,false,1600211000,Tubay,direct
cic,female,1600211,citymun,2,,,false,1600211000,Tubay,direct
fic,total,1600212,citymun,323,339,95.28023598820059,false,1600212000,Remedios T. Romualdez,direct
fic,male,1600212,citymun,165,,,false,1600212000,Remedios T. Romualdez,direct
fic,female,1600212,citymun,158,,,false,1600212000,Remedios T. Romualdez,direct
cic,total,1600212,citymun,3,33,9.090909090909092,false,1600212000,Remedios T. Romualdez,direct
cic,male,1600212,citymun,2,,,false,1600212000,Remedios T. Romualdez,direct
cic,female,1600212,citymun,1,,,false,1600212000,Remedios T. Romualdez,direct
fic,total,16003,province,13446,17563,76.55867448613563,false,1600300000,Agusan del Sur,direct
fic,male,16003,province,6888,,,false,1600300000,Agusan del Sur,direct
fic,female,16003,province,6558,,,false,1600300000,Agusan del Sur,direct
cic,total,16003,province,383,3229,11.861257355218333,false,1600300000,Agusan del Sur,direct
cic,male,16003,province,207,,,false,1600300000,Agusan del Sur,direct
cic,female,16003,province,176,,,false,1600300000,Agusan del Sur,direct
fic,total,1600301,citymun,1411,2446,57.68601798855274,false,1600301000,City of Bayugan,direct
fic,male,1600301,citymun,719,,,false,1600301000,City of Bayugan,direct
fic,female,1600301,citymun,692,,,false,1600301000,City of Bayugan,direct
cic,total,1600301,citymun,67,578,11.591695501730104,false,1600301000,City of Bayugan,direct
cic,male,1600301,citymun,33,,,false,1600301000,City of Bayugan,direct
cic,female,1600301,citymun,34,,,false,1600301000,City of Bayugan,direct
fic,total,1600302,citymun,901,1080,83.42592592592592,false,1600302000,Bunawan,direct
fic,male,1600302,citymun,465,,,false,1600302000,Bunawan,direct
fic,female,1600302,citymun,436,,,false,1600302000,Bunawan,direct
cic,total,1600302,citymun,21,92,22.82608695652174,false,1600302000,Bunawan,direct
cic,male,1600302,citymun,13,,,false,1600302000,Bunawan,direct
cic,female,1600302,citymun,8,,,false,1600302000,Bunawan,direct
fic,total,1600303,citymun,949,1559,60.8723540731238,false,1600303000,Esperanza,direct
fic,male,1600303,citymun,471,,,false,1600303000,Esperanza,direct
fic,female,1600303,citymun,478,,,false,1600303000,Esperanza,direct
cic,total,1600303,citymun,9,581,1.549053356282272,false,1600303000,Esperanza,direct
cic,male,1600303,citymun,2,,,false,1600303000,Esperanza,direct
cic,female,1600303,citymun,7,,,false,1600303000,Esperanza,direct
fic,total,1600304,citymun,801,952,84.13865546218487,false,1600304000,La Paz,direct
fic,male,1600304,citymun,415,,,false,1600304000,La Paz,direct
fic,female,1600304,citymun,386,,,false,1600304000,La Paz,direct
cic,total,1600304,citymun,3,169,1.7751479289940828,false,1600304000,La Paz,direct
cic,male,1600304,citymun,2,,,false,1600304000,La Paz,direct
cic,female,1600304,citymun,1,,,false,1600304000,La Paz,direct
fic,total,1600305,citymun,936,1104,84.78260869565217,false,1600305000,Loreto,direct
fic,male,1600305,citymun,497,,,false,1600305000,Loreto,direct
fic,female,1600305,citymun,439,,,false,1600305000,Loreto,direct
cic,total,1600305,citymun,43,127,33.85826771653544,false,1600305000,Loreto,direct
cic,male,1600305,citymun,28,,,false,1600305000,Loreto,direct
cic,female,1600305,citymun,15,,,false,1600305000,Loreto,direct
fic,total,1600306,citymun,1607,2008,80.02988047808765,false,1600306000,Prosperidad,direct
fic,male,1600306,citymun,844,,,false,1600306000,Prosperidad,direct
fic,female,1600306,citymun,763,,,false,1600306000,Prosperidad,direct
cic,total,1600306,citymun,35,300,11.666666666666666,false,1600306000,Prosperidad,direct
cic,male,1600306,citymun,25,,,false,1600306000,Prosperidad,direct
cic,female,1600306,citymun,10,,,false,1600306000,Prosperidad,direct
fic,total,1600307,citymun,878,1223,71.79067865903515,false,1600307000,Rosario,direct
fic,male,1600307,citymun,411,,,false,1600307000,Rosario,direct
fic,female,1600307,citymun,467,,,false,1600307000,Rosario,direct
cic,total,1600307,citymun,79,295,26.779661016949152,false,1600307000,Rosario,direct
cic,male,1600307,citymun,33,,,false,1600307000,Rosario,direct
cic,female,1600307,citymun,46,,,false,1600307000,Rosario,direct
fic,total,1600308,citymun,1610,1862,86.46616541353383,false,1600308000,San Francisco,direct
fic,male,1600308,citymun,835,,,false,1600308000,San Francisco,direct
fic,female,1600308,citymun,775,,,false,1600308000,San Francisco,direct
cic,total,1600308,citymun,66,248,26.61290322580645,false,1600308000,San Francisco,direct
cic,male,1600308,citymun,45,,,false,1600308000,San Francisco,direct
cic,female,1600308,citymun,21,,,false,1600308000,San Francisco,direct
fic,total,1600309,citymun,755,940,80.31914893617021,false,1600309000,San Luis,direct
fic,male,1600309,citymun,382,,,false,1600309000,San Luis,direct
fic,female,1600309,citymun,373,,,false,1600309000,San Luis,direct
cic,total,1600309,citymun,0,204,0.0,false,1600309000,San Luis,direct
cic,male,1600309,citymun,0,,,false,1600309000,San Luis,direct
cic,female,1600309,citymun,0,,,false,1600309000,San Luis,direct
fic,total,1600310,citymun,593,567,104.58553791887127,true,1600310000,Santa Josefa,direct
fic,male,1600310,citymun,312,,,false,1600310000,Santa Josefa,direct
fic,female,1600310,citymun,281,,,false,1600310000,Santa Josefa,direct
cic,total,1600310,citymun,0,-5,0.0,false,1600310000,Santa Josefa,direct
cic,male,1600310,citymun,0,,,false,1600310000,Santa Josefa,direct
cic,female,1600310,citymun,0,,,false,1600310000,Santa Josefa,direct
fic,total,1600311,citymun,602,1039,57.94032723772858,false,1600311000,Talacogon,direct
fic,male,1600311,citymun,300,,,false,1600311000,Talacogon,direct
fic,female,1600311,citymun,302,,,false,1600311000,Talacogon,direct
cic,total,1600311,citymun,21,342,6.140350877192982,false,1600311000,Talacogon,direct
cic,male,1600311,citymun,9,,,false,1600311000,Talacogon,direct
cic,female,1600311,citymun,12,,,false,1600311000,Talacogon,direct
fic,total,1600312,citymun,972,1118,86.94096601073346,false,1600312000,Trento,direct
fic,male,1600312,citymun,505,,,false,1600312000,Trento,direct
fic,female,1600312,citymun,467,,,false,1600312000,Trento,direct
cic,total,1600312,citymun,16,137,11.678832116788321,false,1600312000,Trento,direct
cic,male,1600312,citymun,8,,,false,1600312000,Trento,direct
cic,female,1600312,citymun,8,,,false,1600312000,Trento,direct
fic,total,1600313,citymun,913,921,99.1313789359392,false,1600313000,Veruela,direct
fic,male,1600313,citymun,462,,,false,1600313000,Veruela,direct
fic,female,1600313,citymun,451,,,false,1600313000,Veruela,direct
cic,total,1600313,citymun,4,19,21.052631578947366,false,1600313000,Veruela,direct
cic,male,1600313,citymun,1,,,false,1600313000,Veruela,direct
cic,female,1600313,citymun,3,,,false,1600313000,Veruela,direct
fic,total,1600314,citymun,518,744,69.6236559139785,false,1600314000,Sibagat,direct
fic,male,1600314,citymun,270,,,false,1600314000,Sibagat,direct
fic,female,1600314,citymun,248,,,false,1600314000,Sibagat,direct
cic,total,1600314,citymun,19,142,13.380281690140844,false,1600314000,Sibagat,direct
cic,male,1600314,citymun,8,,,false,1600314000,Sibagat,direct
cic,female,1600314,citymun,11,,,false,1600314000,Sibagat,direct
fic,total,16067,province,7402,11072,66.85332369942196,false,1606701000,Surigao del Norte,name_override
fic,male,16067,province,3857,,,false,1606701000,Surigao del Norte,name_override
fic,female,16067,province,3545,,,false,1606701000,Surigao del Norte,name_override
cic,total,16067,province,310,2553,12.142577359968666,false,1606701000,Surigao del Norte,name_override
cic,male,16067,province,174,,,false,1606701000,Surigao del Norte,name_override
cic,female,16067,province,136,,,false,1606701000,Surigao del Norte,name_override
fic,total,1606701,citymun,288,326,88.34355828220859,false,1606700000,Alegria,name_override
fic,male,1606701,citymun,156,,,false,1606700000,Alegria,name_override
fic,female,1606701,citymun,132,,,false,1606700000,Alegria,name_override
cic,total,1606701,citymun,48,7,685.7142857142857,true,1606700000,Alegria,name_override
cic,male,1606701,citymun,31,,,false,1606700000,Alegria,name_override
cic,female,1606701,citymun,17,,,false,1606700000,Alegria,name_override
fic,total,1606702,citymun,147,267,55.0561797752809,false,1606702000,Bacuag,direct
fic,male,1606702,citymun,80,,,false,1606702000,Bacuag,direct
fic,female,1606702,citymun,67,,,false,1606702000,Bacuag,direct
cic,total,1606702,citymun,1,57,1.7543859649122806,false,1606702000,Bacuag,direct
cic,male,1606702,citymun,1,,,false,1606702000,Bacuag,direct
cic,female,1606702,citymun,0,,,false,1606702000,Bacuag,direct
fic,total,1606704,citymun,60,94,63.829787234042556,false,1606704000,Burgos,direct
fic,male,1606704,citymun,28,,,false,1606704000,Burgos,direct
fic,female,1606704,citymun,32,,,false,1606704000,Burgos,direct
cic,total,1606704,citymun,2,27,7.4074074074074066,false,1606704000,Burgos,direct
cic,male,1606704,citymun,1,,,false,1606704000,Burgos,direct
cic,female,1606704,citymun,1,,,false,1606704000,Burgos,direct
fic,total,1606706,citymun,605,808,74.87623762376238,false,1606706000,Claver,direct
fic,male,1606706,citymun,318,,,false,1606706000,Claver,direct
fic,female,1606706,citymun,287,,,false,1606706000,Claver,direct
cic,total,1606706,citymun,12,134,8.955223880597014,false,1606706000,Claver,direct
cic,male,1606706,citymun,9,,,false,1606706000,Claver,direct
cic,female,1606706,citymun,3,,,false,1606706000,Claver,direct
fic,total,1606707,citymun,401,587,68.31345826235093,false,1606707000,Dapa,direct
fic,male,1606707,citymun,189,,,false,1606707000,Dapa,direct
fic,female,1606707,citymun,212,,,false,1606707000,Dapa,direct
cic,total,1606707,citymun,24,48,50.0,false,1606707000,Dapa,direct
cic,male,1606707,citymun,7,,,false,1606707000,Dapa,direct
cic,female,1606707,citymun,17,,,false,1606707000,Dapa,direct
fic,total,1606708,citymun,282,455,61.97802197802198,false,1606708000,Del Carmen,direct
fic,male,1606708,citymun,164,,,false,1606708000,Del Carmen,direct
fic,female,1606708,citymun,118,,,false,1606708000,Del Carmen,direct
cic,total,1606708,citymun,7,188,3.723404255319149,false,1606708000,Del Carmen,direct
cic,male,1606708,citymun,2,,,false,1606708000,Del Carmen,direct
cic,female,1606708,citymun,5,,,false,1606708000,Del Carmen,direct
fic,total,1606710,citymun,266,514,51.75097276264592,false,1606710000,General Luna,direct
fic,male,1606710,citymun,144,,,false,1606710000,General Luna,direct
fic,female,1606710,citymun,122,,,false,1606710000,General Luna,direct
cic,total,1606710,citymun,56,225,24.88888888888889,false,1606710000,General Luna,direct
cic,male,1606710,citymun,32,,,false,1606710000,General Luna,direct
cic,female,1606710,citymun,24,,,false,1606710000,General Luna,direct
fic,total,1606711,citymun,238,423,56.26477541371159,false,1606711000,Gigaquit,direct
fic,male,1606711,citymun,138,,,false,1606711000,Gigaquit,direct
fic,female,1606711,citymun,100,,,false,1606711000,Gigaquit,direct
cic,total,1606711,citymun,18,83,21.686746987951807,false,1606711000,Gigaquit,direct
cic,male,1606711,citymun,8,,,false,1606711000,Gigaquit,direct
cic,female,1606711,citymun,10,,,false,1606711000,Gigaquit,direct
fic,total,1606714,citymun,421,594,70.87542087542089,false,1606714000,Mainit,direct
fic,male,1606714,citymun,217,,,false,1606714000,Mainit,direct
fic,female,1606714,citymun,204,,,false,1606714000,Mainit,direct
cic,total,1606714,citymun,4,79,5.063291139240507,false,1606714000,Mainit,direct
cic,male,1606714,citymun,3,,,false,1606714000,Mainit,direct
cic,female,1606714,citymun,1,,,false,1606714000,Mainit,direct
fic,total,1606715,citymun,221,302,73.17880794701986,false,1606715000,Malimono,direct
fic,male,1606715,citymun,107,,,false,1606715000,Malimono,direct
fic,female,1606715,citymun,114,,,false,1606715000,Malimono,direct
cic,total,1606715,citymun,7,69,10.144927536231885,false,1606715000,Malimono,direct
cic,male,1606715,citymun,7,,,false,1606715000,Malimono,direct
cic,female,1606715,citymun,0,,,false,1606715000,Malimono,direct
fic,total,1606716,citymun,140,233,60.08583690987125,false,1606716000,Pilar,direct
fic,male,1606716,citymun,56,,,false,1606716000,Pilar,direct
fic,female,1606716,citymun,84,,,false,1606716000,Pilar,direct
cic,total,1606716,citymun,7,90,7.777777777777778,false,1606716000,Pilar,direct
cic,male,1606716,citymun,3,,,false,1606716000,Pilar,direct
cic,female,1606716,citymun,4,,,false,1606716000,Pilar,direct
fic,total,1606717,citymun,370,602,61.461794019933556,false,1606717000,Placer,direct
fic,male,1606717,citymun,187,,,false,1606717000,Placer,direct
fic,female,1606717,citymun,183,,,false,1606717000,Placer,direct
cic,total,1606717,citymun,8,153,5.228758169934641,false,1606717000,Placer,direct
cic,male,1606717,citymun,5,,,false,1606717000,Placer,direct
cic,female,1606717,citymun,3,,,false,1606717000,Placer,direct
fic,total,1606718,citymun,71,120,59.166666666666664,false,1606718000,San Benito,direct
fic,male,1606718,citymun,41,,,false,1606718000,San Benito,direct
fic,female,1606718,citymun,30,,,false,1606718000,San Benito,direct
cic,total,1606718,citymun,3,21,14.285714285714285,false,1606718000,San Benito,direct
cic,male,1606718,citymun,2,,,false,1606718000,San Benito,direct
cic,female,1606718,citymun,1,,,false,1606718000,San Benito,direct
fic,total,1606719,citymun,188,252,74.60317460317461,false,1606719000,San Francisco,direct
fic,male,1606719,citymun,100,,,false,1606719000,San Francisco,direct
fic,female,1606719,citymun,88,,,false,1606719000,San Francisco,direct
cic,total,1606719,citymun,12,37,32.432432432432435,false,1606719000,San Francisco,direct
cic,male,1606719,citymun,6,,,false,1606719000,San Francisco,direct
cic,female,1606719,citymun,6,,,false,1606719000,San Francisco,direct
fic,total,1606720,citymun,98,181,54.14364640883977,false,1606720000,San Isidro,direct
fic,male,1606720,citymun,50,,,false,1606720000,San Isidro,direct
fic,female,1606720,citymun,48,,,false,1606720000,San Isidro,direct
cic,total,1606720,citymun,7,93,7.526881720430108,false,1606720000,San Isidro,direct
cic,male,1606720,citymun,4,,,false,1606720000,San Isidro,direct
cic,female,1606720,citymun,3,,,false,1606720000,San Isidro,direct
fic,total,1606721,citymun,123,187,65.77540106951871,false,1606721000,Santa Monica,direct
fic,male,1606721,citymun,67,,,false,1606721000,Santa Monica,direct
fic,female,1606721,citymun,56,,,false,1606721000,Santa Monica,direct
cic,total,1606721,citymun,1,74,1.3513513513513513,false,1606721000,Santa Monica,direct
cic,male,1606721,citymun,0,,,false,1606721000,Santa Monica,direct
cic,female,1606721,citymun,1,,,false,1606721000,Santa Monica,direct
fic,total,1606722,citymun,210,285,73.68421052631578,false,1606722000,Sison,direct
fic,male,1606722,citymun,114,,,false,1606722000,Sison,direct
fic,female,1606722,citymun,96,,,false,1606722000,Sison,direct
cic,total,1606722,citymun,0,3,0.0,false,1606722000,Sison,direct
cic,male,1606722,citymun,0,,,false,1606722000,Sison,direct
cic,female,1606722,citymun,0,,,false,1606722000,Sison,direct
fic,total,1606723,citymun,394,842,46.79334916864608,false,1606723000,Socorro,direct
fic,male,1606723,citymun,191,,,false,1606723000,Socorro,direct
fic,female,1606723,citymun,203,,,false,1606723000,Socorro,direct
cic,total,1606723,citymun,30,405,7.4074074074074066,false,1606723000,Socorro,direct
cic,male,1606723,citymun,18,,,false,1606723000,Socorro,direct
cic,female,1606723,citymun,12,,,false,1606723000,Socorro,direct
fic,total,1606724,citymun,2387,3414,69.91798476859988,false,1606724000,City of Surigao,direct
fic,male,1606724,citymun,1257,,,false,1606724000,City of Surigao,direct
fic,female,1606724,citymun,1130,,,false,1606724000,City of Surigao,direct
cic,total,1606724,citymun,62,703,8.819345661450924,false,1606724000,City of Surigao,direct
cic,male,1606724,citymun,35,,,false,1606724000,City of Surigao,direct
cic,female,1606724,citymun,27,,,false,1606724000,City of Surigao,direct
fic,total,1606725,citymun,270,329,82.06686930091185,false,1606725000,Tagana-An,direct
fic,male,1606725,citymun,142,,,false,1606725000,Tagana-An,direct
fic,female,1606725,citymun,128,,,false,1606725000,Tagana-An,direct
cic,total,1606725,citymun,1,55,1.8181818181818181,false,1606725000,Tagana-An,direct
cic,male,1606725,citymun,0,,,false,1606725000,Tagana-An,direct
cic,female,1606725,citymun,1,,,false,1606725000,Tagana-An,direct
fic,total,1606727,citymun,222,257,86.38132295719845,false,1606727000,Tubod,direct
fic,male,1606727,citymun,111,,,false,1606727000,Tubod,direct
fic,female,1606727,citymun,111,,,false,1606727000,Tubod,direct
cic,total,1606727,citymun,0,2,0.0,false,1606727000,Tubod,direct
cic,male,1606727,citymun,0,,,false,1606727000,Tubod,direct
cic,female,1606727,citymun,0,,,false,1606727000,Tubod,direct
fic,total,16068,province,7823,13988,55.92650843580211,false,1606800000,Surigao del Sur,direct
fic,male,16068,province,3978,,,false,1606800000,Surigao del Sur,direct
fic,female,16068,province,3845,,,false,1606800000,Surigao del Sur,direct
cic,total,16068,province,813,4975,16.34170854271357,false,1606800000,Surigao del Sur,direct
cic,male,16068,province,407,,,false,1606800000,Surigao del Sur,direct
cic,female,16068,province,406,,,false,1606800000,Surigao del Sur,direct
fic,total,1606801,citymun,758,1128,67.19858156028369,false,1606801000,Barobo,direct
fic,male,1606801,citymun,399,,,false,1606801000,Barobo,direct
fic,female,1606801,citymun,359,,,false,1606801000,Barobo,direct
cic,total,1606801,citymun,78,185,42.16216216216216,false,1606801000,Barobo,direct
cic,male,1606801,citymun,40,,,false,1606801000,Barobo,direct
cic,female,1606801,citymun,38,,,false,1606801000,Barobo,direct
fic,total,1606802,citymun,120,193,62.17616580310881,false,1606802000,Bayabas,direct
fic,male,1606802,citymun,63,,,false,1606802000,Bayabas,direct
fic,female,1606802,citymun,57,,,false,1606802000,Bayabas,direct
cic,total,1606802,citymun,4,67,5.970149253731343,false,1606802000,Bayabas,direct
cic,male,1606802,citymun,1,,,false,1606802000,Bayabas,direct
cic,female,1606802,citymun,3,,,false,1606802000,Bayabas,direct
fic,total,1606803,citymun,1287,2081,61.84526669870255,false,1606803000,City of Bislig,direct
fic,male,1606803,citymun,666,,,false,1606803000,City of Bislig,direct
fic,female,1606803,citymun,621,,,false,1606803000,City of Bislig,direct
cic,total,1606803,citymun,53,677,7.828655834564254,false,1606803000,City of Bislig,direct
cic,male,1606803,citymun,16,,,false,1606803000,City of Bislig,direct
cic,female,1606803,citymun,37,,,false,1606803000,City of Bislig,direct
fic,total,1606804,citymun,193,477,40.461215932914044,false,1606804000,Cagwait,direct
fic,male,1606804,citymun,105,,,false,1606804000,Cagwait,direct
fic,female,1606804,citymun,88,,,false,1606804000,Cagwait,direct
cic,total,1606804,citymun,37,219,16.894977168949772,false,1606804000,Cagwait,direct
cic,male,1606804,citymun,26,,,false,1606804000,Cagwait,direct
cic,female,1606804,citymun,11,,,false,1606804000,Cagwait,direct
fic,total,1606805,citymun,437,648,67.43827160493827,false,1606805000,Cantilan,direct
fic,male,1606805,citymun,211,,,false,1606805000,Cantilan,direct
fic,female,1606805,citymun,226,,,false,1606805000,Cantilan,direct
cic,total,1606805,citymun,24,95,25.263157894736842,false,1606805000,Cantilan,direct
cic,male,1606805,citymun,8,,,false,1606805000,Cantilan,direct
cic,female,1606805,citymun,16,,,false,1606805000,Cantilan,direct
fic,total,1606806,citymun,123,223,55.15695067264574,false,1606806000,Carmen,direct
fic,male,1606806,citymun,63,,,false,1606806000,Carmen,direct
fic,female,1606806,citymun,60,,,false,1606806000,Carmen,direct
cic,total,1606806,citymun,11,82,13.414634146341465,false,1606806000,Carmen,direct
cic,male,1606806,citymun,4,,,false,1606806000,Carmen,direct
cic,female,1606806,citymun,7,,,false,1606806000,Carmen,direct
fic,total,1606807,citymun,350,519,67.4373795761079,false,1606807000,Carrascal,direct
fic,male,1606807,citymun,162,,,false,1606807000,Carrascal,direct
fic,female,1606807,citymun,188,,,false,1606807000,Carrascal,direct
cic,total,1606807,citymun,66,158,41.77215189873418,false,1606807000,Carrascal,direct
cic,male,1606807,citymun,40,,,false,1606807000,Carrascal,direct
cic,female,1606807,citymun,26,,,false,1606807000,Carrascal,direct
fic,total,1606808,citymun,154,355,43.38028169014084,false,1606808000,Cortes,direct
fic,male,1606808,citymun,67,,,false,1606808000,Cortes,direct
fic,female,1606808,citymun,87,,,false,1606808000,Cortes,direct
cic,total,1606808,citymun,20,130,15.384615384615385,false,1606808000,Cortes,direct
cic,male,1606808,citymun,10,,,false,1606808000,Cortes,direct
cic,female,1606808,citymun,10,,,false,1606808000,Cortes,direct
fic,total,1606809,citymun,585,957,61.12852664576802,false,1606809000,Hinatuan,direct
fic,male,1606809,citymun,286,,,false,1606809000,Hinatuan,direct
fic,female,1606809,citymun,299,,,false,1606809000,Hinatuan,direct
cic,total,1606809,citymun,19,388,4.896907216494846,false,1606809000,Hinatuan,direct
cic,male,1606809,citymun,8,,,false,1606809000,Hinatuan,direct
cic,female,1606809,citymun,11,,,false,1606809000,Hinatuan,direct
fic,total,1606810,citymun,149,333,44.74474474474475,false,1606810000,Lanuza,direct
fic,male,1606810,citymun,75,,,false,1606810000,Lanuza,direct
fic,female,1606810,citymun,74,,,false,1606810000,Lanuza,direct
cic,total,1606810,citymun,16,159,10.062893081761008,false,1606810000,Lanuza,direct
cic,male,1606810,citymun,7,,,false,1606810000,Lanuza,direct
cic,female,1606810,citymun,9,,,false,1606810000,Lanuza,direct
fic,total,1606811,citymun,414,755,54.83443708609271,false,1606811000,Lianga,direct
fic,male,1606811,citymun,213,,,false,1606811000,Lianga,direct
fic,female,1606811,citymun,201,,,false,1606811000,Lianga,direct
cic,total,1606811,citymun,70,339,20.64896755162242,false,1606811000,Lianga,direct
cic,male,1606811,citymun,33,,,false,1606811000,Lianga,direct
cic,female,1606811,citymun,37,,,false,1606811000,Lianga,direct
fic,total,1606812,citymun,427,804,53.10945273631841,false,1606812000,Lingig,direct
fic,male,1606812,citymun,217,,,false,1606812000,Lingig,direct
fic,female,1606812,citymun,210,,,false,1606812000,Lingig,direct
cic,total,1606812,citymun,63,242,26.033057851239672,false,1606812000,Lingig,direct
cic,male,1606812,citymun,30,,,false,1606812000,Lingig,direct
cic,female,1606812,citymun,33,,,false,1606812000,Lingig,direct
fic,total,1606813,citymun,205,317,64.66876971608832,false,1606813000,Madrid,direct
fic,male,1606813,citymun,104,,,false,1606813000,Madrid,direct
fic,female,1606813,citymun,101,,,false,1606813000,Madrid,direct
cic,total,1606813,citymun,8,123,6.504065040650407,false,1606813000,Madrid,direct
cic,male,1606813,citymun,5,,,false,1606813000,Madrid,direct
cic,female,1606813,citymun,3,,,false,1606813000,Madrid,direct
fic,total,1606814,citymun,210,473,44.397463002114165,false,1606814000,Marihatag,direct
fic,male,1606814,citymun,112,,,false,1606814000,Marihatag,direct
fic,female,1606814,citymun,98,,,false,1606814000,Marihatag,direct
cic,total,1606814,citymun,22,206,10.679611650485436,false,1606814000,Marihatag,direct
cic,male,1606814,citymun,13,,,false,1606814000,Marihatag,direct
cic,female,1606814,citymun,9,,,false,1606814000,Marihatag,direct
fic,total,1606815,citymun,233,484,48.14049586776859,false,1606815000,San Agustin,direct
fic,male,1606815,citymun,129,,,false,1606815000,San Agustin,direct
fic,female,1606815,citymun,104,,,false,1606815000,San Agustin,direct
cic,total,1606815,citymun,35,277,12.63537906137184,false,1606815000,San Agustin,direct
cic,male,1606815,citymun,20,,,false,1606815000,San Agustin,direct
cic,female,1606815,citymun,15,,,false,1606815000,San Agustin,direct
fic,total,1606816,citymun,524,1096,47.81021897810219,false,1606816000,San Miguel,direct
fic,male,1606816,citymun,282,,,false,1606816000,San Miguel,direct
fic,female,1606816,citymun,242,,,false,1606816000,San Miguel,direct
cic,total,1606816,citymun,56,486,11.522633744855968,false,1606816000,San Miguel,direct
cic,male,1606816,citymun,32,,,false,1606816000,San Miguel,direct
cic,female,1606816,citymun,24,,,false,1606816000,San Miguel,direct
fic,total,1606817,citymun,487,919,52.9923830250272,false,1606817000,Tagbina,direct
fic,male,1606817,citymun,242,,,false,1606817000,Tagbina,direct
fic,female,1606817,citymun,245,,,false,1606817000,Tagbina,direct
cic,total,1606817,citymun,45,395,11.39240506329114,false,1606817000,Tagbina,direct
cic,male,1606817,citymun,21,,,false,1606817000,Tagbina,direct
cic,female,1606817,citymun,24,,,false,1606817000,Tagbina,direct
fic,total,1606818,citymun,439,846,51.89125295508275,false,1606818000,Tago,direct
fic,male,1606818,citymun,231,,,false,1606818000,Tago,direct
fic,female,1606818,citymun,208,,,false,1606818000,Tago,direct
cic,total,1606818,citymun,50,362,13.812154696132598,false,1606818000,Tago,direct
cic,male,1606818,citymun,25,,,false,1606818000,Tago,direct
cic,female,1606818,citymun,25,,,false,1606818000,Tago,direct
fic,total,1606819,citymun,728,1380,52.7536231884058,false,1606819000,City of Tandag,direct
fic,male,1606819,citymun,351,,,false,1606819000,City of Tandag,direct
fic,female,1606819,citymun,377,,,false,1606819000,City of Tandag,direct
cic,total,1606819,citymun,136,385,35.324675324675326,false,1606819000,City of Tandag,direct
cic,male,1606819,citymun,68,,,false,1606819000,City of Tandag,direct
cic,female,1606819,citymun,68,,,false,1606819000,City of Tandag,direct
fic,total,16085,province,1441,2322,62.05857019810508,false,1608500000,Dinagat Islands,direct
fic,male,16085,province,734,,,false,1608500000,Dinagat Islands,direct
fic,female,16085,province,707,,,false,1608500000,Dinagat Islands,direct
cic,total,16085,province,163,677,24.076809453471196,false,1608500000,Dinagat Islands,direct
cic,male,16085,province,90,,,false,1608500000,Dinagat Islands,direct
cic,female,16085,province,73,,,false,1608500000,Dinagat Islands,direct
fic,total,1608501,citymun,177,682,25.95307917888563,false,1608501000,Basilisa,direct
fic,male,1608501,citymun,80,,,false,1608501000,Basilisa,direct
fic,female,1608501,citymun,97,,,false,1608501000,Basilisa,direct
cic,total,1608501,citymun,65,433,15.011547344110854,false,1608501000,Basilisa,direct
cic,male,1608501,citymun,32,,,false,1608501000,Basilisa,direct
cic,female,1608501,citymun,33,,,false,1608501000,Basilisa,direct
fic,total,1608502,citymun,315,330,95.45454545454545,false,1608502000,Cagdianao,direct
fic,male,1608502,citymun,161,,,false,1608502000,Cagdianao,direct
fic,female,1608502,citymun,154,,,false,1608502000,Cagdianao,direct
cic,total,1608502,citymun,0,-3,0.0,false,1608502000,Cagdianao,direct
cic,male,1608502,citymun,0,,,false,1608502000,Cagdianao,direct
cic,female,1608502,citymun,0,,,false,1608502000,Cagdianao,direct
fic,total,1608503,citymun,147,222,66.21621621621621,false,1608503000,Dinagat,direct
fic,male,1608503,citymun,73,,,false,1608503000,Dinagat,direct
fic,female,1608503,citymun,74,,,false,1608503000,Dinagat,direct
cic,total,1608503,citymun,11,43,25.581395348837212,false,1608503000,Dinagat,direct
cic,male,1608503,citymun,3,,,false,1608503000,Dinagat,direct
cic,female,1608503,citymun,8,,,false,1608503000,Dinagat,direct
fic,total,1608504,citymun,280,308,90.9090909090909,false,1608504000,Libjo,direct
fic,male,1608504,citymun,142,,,false,1608504000,Libjo,direct
fic,female,1608504,citymun,138,,,false,1608504000,Libjo,direct
cic,total,1608504,citymun,13,-29,-44.827586206896555,false,1608504000,Libjo,direct
cic,male,1608504,citymun,10,,,false,1608504000,Libjo,direct
cic,female,1608504,citymun,3,,,false,1608504000,Libjo,direct
fic,total,1608505,citymun,119,149,79.86577181208054,false,1608505000,Loreto,direct
fic,male,1608505,citymun,71,,,false,1608505000,Loreto,direct
fic,female,1608505,citymun,48,,,false,1608505000,Loreto,direct
cic,total,1608505,citymun,15,4,375.0,true,1608505000,Loreto,direct
cic,male,1608505,citymun,12,,,false,1608505000,Loreto,direct
cic,female,1608505,citymun,3,,,false,1608505000,Loreto,direct
fic,total,1608506,citymun,323,480,67.29166666666667,false,1608506000,San Jose,direct
fic,male,1608506,citymun,165,,,false,1608506000,San Jose,direct
fic,female,1608506,citymun,158,,,false,1608506000,San Jose,direct
cic,total,1608506,citymun,52,184,28.26086956521739,false,1608506000,San Jose,direct
cic,male,1608506,citymun,29,,,false,1608506000,San Jose,direct
cic,female,1608506,citymun,23,,,false,1608506000,San Jose,direct
fic,total,1608507,citymun,80,151,52.980132450331126,false,1608507000,Tubajon,direct
fic,male,1608507,citymun,42,,,false,1608507000,Tubajon,direct
fic,female,1608507,citymun,38,,,false,1608507000,Tubajon,direct
cic,total,1608507,citymun,7,45,15.555555555555555,false,1608507000,Tubajon,direct
cic,male,1608507,citymun,4,,,false,1608507000,Tubajon,direct
cic,female,1608507,citymun,3,,,false,1608507000,Tubajon,direct
fic,total,16304,province,6712,7313,91.78175851223848,false,1630400000,City of Butuan,direct
fic,male,16304,province,3455,,,false,1630400000,City of Butuan,direct
fic,female,16304,province,3257,,,false,1630400000,City of Butuan,direct
cic,total,16304,province,27,-70,-38.57142857142858,false,1630400000,City of Butuan,direct
cic,male,16304,province,16,,,false,1630400000,City of Butuan,direct
cic,female,16304,province,11,,,false,1630400000,City of Butuan,direct
fic,total,19,region,87319,147247,59.30103839127453,false,1900000000,BARMM,direct
fic,male,19,region,43512,,,false,1900000000,BARMM,direct
fic,female,19,region,43807,,,false,1900000000,BARMM,direct
cic,total,19,region,6888,71146,9.681500014055604,false,1900000000,BARMM,direct
cic,male,19,region,3456,,,false,1900000000,BARMM,direct
cic,female,19,region,3432,,,false,1900000000,BARMM,direct
fic,total,19007,province,3733,12747,29.28532203655762,false,1900700000,Basilan,direct
fic,male,19007,province,1893,,,false,1900700000,Basilan,direct
fic,female,19007,province,1840,,,false,1900700000,Basilan,direct
cic,total,19007,province,812,8794,9.233568342051399,false,1900700000,Basilan,direct
cic,male,19007,province,395,,,false,1900700000,Basilan,direct
cic,female,19007,province,417,,,false,1900700000,Basilan,direct
fic,total,1900702,citymun,1219,2866,42.53314724354501,false,1900702000,City of Lamitan,direct
fic,male,1900702,citymun,629,,,false,1900702000,City of Lamitan,direct
fic,female,1900702,citymun,590,,,false,1900702000,City of Lamitan,direct
cic,total,1900702,citymun,158,1793,8.812046848856665,false,1900702000,City of Lamitan,direct
cic,male,1900702,citymun,66,,,false,1900702000,City of Lamitan,direct
cic,female,1900702,citymun,92,,,false,1900702000,City of Lamitan,direct
fic,total,1900703,citymun,207,978,21.165644171779142,false,1900703000,Lantawan,direct
fic,male,1900703,citymun,111,,,false,1900703000,Lantawan,direct
fic,female,1900703,citymun,96,,,false,1900703000,Lantawan,direct
cic,total,1900703,citymun,34,718,4.735376044568245,false,1900703000,Lantawan,direct
cic,male,1900703,citymun,21,,,false,1900703000,Lantawan,direct
cic,female,1900703,citymun,13,,,false,1900703000,Lantawan,direct
fic,total,1900704,citymun,427,1323,32.27513227513227,false,1900704000,Maluso,direct
fic,male,1900704,citymun,214,,,false,1900704000,Maluso,direct
fic,female,1900704,citymun,213,,,false,1900704000,Maluso,direct
cic,total,1900704,citymun,85,836,10.167464114832537,false,1900704000,Maluso,direct
cic,male,1900704,citymun,38,,,false,1900704000,Maluso,direct
cic,female,1900704,citymun,47,,,false,1900704000,Maluso,direct
fic,total,1900705,citymun,477,1544,30.893782383419687,false,1900705000,Sumisip,direct
fic,male,1900705,citymun,251,,,false,1900705000,Sumisip,direct
fic,female,1900705,citymun,226,,,false,1900705000,Sumisip,direct
cic,total,1900705,citymun,118,966,12.215320910973086,false,1900705000,Sumisip,direct
cic,male,1900705,citymun,55,,,false,1900705000,Sumisip,direct
cic,female,1900705,citymun,63,,,false,1900705000,Sumisip,direct
fic,total,1900706,citymun,213,713,29.873772791023846,false,1900706000,Tipo-Tipo,direct
fic,male,1900706,citymun,102,,,false,1900706000,Tipo-Tipo,direct
fic,female,1900706,citymun,111,,,false,1900706000,Tipo-Tipo,direct
cic,total,1900706,citymun,29,493,5.88235294117647,false,1900706000,Tipo-Tipo,direct
cic,male,1900706,citymun,16,,,false,1900706000,Tipo-Tipo,direct
cic,female,1900706,citymun,13,,,false,1900706000,Tipo-Tipo,direct
fic,total,1900707,citymun,489,803,60.89663760896637,false,1900707000,Tuburan,direct
fic,male,1900707,citymun,226,,,false,1900707000,Tuburan,direct
fic,female,1900707,citymun,263,,,false,1900707000,Tuburan,direct
cic,total,1900707,citymun,7,363,1.9283746556473829,false,1900707000,Tuburan,direct
cic,male,1900707,citymun,5,,,false,1900707000,Tuburan,direct
cic,female,1900707,citymun,2,,,false,1900707000,Tuburan,direct
fic,total,1900708,citymun,44,539,8.16326530612245,false,1900708000,Akbar,direct
fic,male,1900708,citymun,24,,,false,1900708000,Akbar,direct
fic,female,1900708,citymun,20,,,false,1900708000,Akbar,direct
cic,total,1900708,citymun,40,505,7.920792079207921,false,1900708000,Akbar,direct
cic,male,1900708,citymun,17,,,false,1900708000,Akbar,direct
cic,female,1900708,citymun,23,,,false,1900708000,Akbar,direct
fic,total,1900709,citymun,174,841,20.689655172413794,false,1900709000,Al-Barka,direct
fic,male,1900709,citymun,96,,,false,1900709000,Al-Barka,direct
fic,female,1900709,citymun,78,,,false,1900709000,Al-Barka,direct
cic,total,1900709,citymun,22,673,3.268945022288262,false,1900709000,Al-Barka,direct
cic,male,1900709,citymun,12,,,false,1900709000,Al-Barka,direct
cic,female,1900709,citymun,10,,,false,1900709000,Al-Barka,direct
fic,total,1900710,citymun,97,843,11.506524317912218,false,1900710000,Hadji Mohammad Ajul,direct
fic,male,1900710,citymun,48,,,false,1900710000,Hadji Mohammad Ajul,direct
fic,female,1900710,citymun,49,,,false,1900710000,Hadji Mohammad Ajul,direct
cic,total,1900710,citymun,113,761,14.848883048620237,false,1900710000,Hadji Mohammad Ajul,direct
cic,male,1900710,citymun,59,,,false,1900710000,Hadji Mohammad Ajul,direct
cic,female,1900710,citymun,54,,,false,1900710000,Hadji Mohammad Ajul,direct
fic,total,1900711,citymun,117,958,12.21294363256785,false,1900711000,Ungkaya Pukan,direct
fic,male,1900711,citymun,55,,,false,1900711000,Ungkaya Pukan,direct
fic,female,1900711,citymun,62,,,false,1900711000,Ungkaya Pukan,direct
cic,total,1900711,citymun,64,760,8.421052631578947,false,1900711000,Ungkaya Pukan,direct
cic,male,1900711,citymun,32,,,false,1900711000,Ungkaya Pukan,direct
cic,female,1900711,citymun,32,,,false,1900711000,Ungkaya Pukan,direct
fic,total,1900712,citymun,102,770,13.246753246753245,false,1900712000,Hadji Muhtamad,direct
fic,male,1900712,citymun,52,,,false,1900712000,Hadji Muhtamad,direct
fic,female,1900712,citymun,50,,,false,1900712000,Hadji Muhtamad,direct
cic,total,1900712,citymun,61,596,10.234899328859061,false,1900712000,Hadji Muhtamad,direct
cic,male,1900712,citymun,29,,,false,1900712000,Hadji Muhtamad,direct
cic,female,1900712,citymun,32,,,false,1900712000,Hadji Muhtamad,direct
fic,total,1900713,citymun,167,569,29.349736379613354,false,1900713000,Tabuan-Lasa,direct
fic,male,1900713,citymun,85,,,false,1900713000,Tabuan-Lasa,direct
fic,female,1900713,citymun,82,,,false,1900713000,Tabuan-Lasa,direct
cic,total,1900713,citymun,81,330,24.545454545454547,false,1900713000,Tabuan-Lasa,direct
cic,male,1900713,citymun,45,,,false,1900713000,Tabuan-Lasa,direct
cic,female,1900713,citymun,36,,,false,1900713000,Tabuan-Lasa,direct
fic,total,19036,province,22943,36535,62.79731764061859,false,1903600000,Lanao Del Sur,direct
fic,male,19036,province,11461,,,false,1903600000,Lanao Del Sur,direct
fic,female,19036,province,11482,,,false,1903600000,Lanao Del Sur,direct
cic,total,19036,province,2386,16023,14.891094052299819,false,1903600000,Lanao Del Sur,direct
cic,male,19036,province,1237,,,false,1903600000,Lanao Del Sur,direct
cic,female,19036,province,1149,,,false,1903600000,Lanao Del Sur,direct
fic,total,1903601,citymun,197,646,30.495356037151705,false,1903601000,Bacolod-Kalawi,direct
fic,male,1903601,citymun,117,,,false,1903601000,Bacolod-Kalawi,direct
fic,female,1903601,citymun,80,,,false,1903601000,Bacolod-Kalawi,direct
cic,total,1903601,citymun,3,298,1.006711409395973,false,1903601000,Bacolod-Kalawi,direct
cic,male,1903601,citymun,1,,,false,1903601000,Bacolod-Kalawi,direct
cic,female,1903601,citymun,2,,,false,1903601000,Bacolod-Kalawi,direct
fic,total,1903602,citymun,393,841,46.730083234244944,false,1903602000,Balabagan,direct
fic,male,1903602,citymun,176,,,false,1903602000,Balabagan,direct
fic,female,1903602,citymun,217,,,false,1903602000,Balabagan,direct
cic,total,1903602,citymun,36,573,6.282722513089005,false,1903602000,Balabagan,direct
cic,male,1903602,citymun,19,,,false,1903602000,Balabagan,direct
cic,female,1903602,citymun,17,,,false,1903602000,Balabagan,direct
fic,total,1903603,citymun,753,880,85.56818181818183,false,1903603000,Balindong,direct
fic,male,1903603,citymun,399,,,false,1903603000,Balindong,direct
fic,female,1903603,citymun,354,,,false,1903603000,Balindong,direct
cic,total,1903603,citymun,56,144,38.88888888888889,false,1903603000,Balindong,direct
cic,male,1903603,citymun,34,,,false,1903603000,Balindong,direct
cic,female,1903603,citymun,22,,,false,1903603000,Balindong,direct
fic,total,1903604,citymun,244,392,62.244897959183675,false,1903604000,Bayang,direct
fic,male,1903604,citymun,121,,,false,1903604000,Bayang,direct
fic,female,1903604,citymun,123,,,false,1903604000,Bayang,direct
cic,total,1903604,citymun,59,226,26.10619469026549,false,1903604000,Bayang,direct
cic,male,1903604,citymun,29,,,false,1903604000,Bayang,direct
cic,female,1903604,citymun,30,,,false,1903604000,Bayang,direct
fic,total,1903605,citymun,323,808,39.975247524752476,false,1903605000,Binidayan,direct
fic,male,1903605,citymun,163,,,false,1903605000,Binidayan,direct
fic,female,1903605,citymun,160,,,false,1903605000,Binidayan,direct
cic,total,1903605,citymun,37,525,7.0476190476190474,false,1903605000,Binidayan,direct
cic,male,1903605,citymun,18,,,false,1903605000,Binidayan,direct
cic,female,1903605,citymun,19,,,false,1903605000,Binidayan,direct
fic,total,1903606,citymun,547,796,68.71859296482413,false,1903606000,Bubong,direct
fic,male,1903606,citymun,287,,,false,1903606000,Bubong,direct
fic,female,1903606,citymun,260,,,false,1903606000,Bubong,direct
cic,total,1903606,citymun,20,585,3.418803418803419,false,1903606000,Bubong,direct
cic,male,1903606,citymun,18,,,false,1903606000,Bubong,direct
cic,female,1903606,citymun,2,,,false,1903606000,Bubong,direct
fic,total,1903607,citymun,660,854,77.28337236533957,false,1903607000,Butig,direct
fic,male,1903607,citymun,324,,,false,1903607000,Butig,direct
fic,female,1903607,citymun,336,,,false,1903607000,Butig,direct
cic,total,1903607,citymun,74,612,12.091503267973856,false,1903607000,Butig,direct
cic,male,1903607,citymun,34,,,false,1903607000,Butig,direct
cic,female,1903607,citymun,40,,,false,1903607000,Butig,direct
fic,total,1903609,citymun,277,645,42.945736434108525,false,1903609000,Ganassi,direct
fic,male,1903609,citymun,137,,,false,1903609000,Ganassi,direct
fic,female,1903609,citymun,140,,,false,1903609000,Ganassi,direct
cic,total,1903609,citymun,76,387,19.638242894056848,false,1903609000,Ganassi,direct
cic,male,1903609,citymun,43,,,false,1903609000,Ganassi,direct
cic,female,1903609,citymun,33,,,false,1903609000,Ganassi,direct
fic,total,1903610,citymun,424,564,75.177304964539,false,1903610000,Kapai,direct
fic,male,1903610,citymun,207,,,false,1903610000,Kapai,direct
fic,female,1903610,citymun,217,,,false,1903610000,Kapai,direct
cic,total,1903610,citymun,120,331,36.25377643504532,false,1903610000,Kapai,direct
cic,male,1903610,citymun,61,,,false,1903610000,Kapai,direct
cic,female,1903610,citymun,59,,,false,1903610000,Kapai,direct
fic,total,1903611,citymun,896,1026,87.32943469785575,false,1903611000,Lumba-Bayabao,direct
fic,male,1903611,citymun,407,,,false,1903611000,Lumba-Bayabao,direct
fic,female,1903611,citymun,489,,,false,1903611000,Lumba-Bayabao,direct
cic,total,1903611,citymun,11,301,3.6544850498338874,false,1903611000,Lumba-Bayabao,direct
cic,male,1903611,citymun,1,,,false,1903611000,Lumba-Bayabao,direct
cic,female,1903611,citymun,10,,,false,1903611000,Lumba-Bayabao,direct
fic,total,1903612,citymun,243,709,34.27362482369535,false,1903612000,Lumbatan,direct
fic,male,1903612,citymun,117,,,false,1903612000,Lumbatan,direct
fic,female,1903612,citymun,126,,,false,1903612000,Lumbatan,direct
cic,total,1903612,citymun,26,504,5.158730158730158,false,1903612000,Lumbatan,direct
cic,male,1903612,citymun,11,,,false,1903612000,Lumbatan,direct
cic,female,1903612,citymun,15,,,false,1903612000,Lumbatan,direct
fic,total,1903613,citymun,523,817,64.01468788249693,false,1903613000,Madalum,direct
fic,male,1903613,citymun,283,,,false,1903613000,Madalum,direct
fic,female,1903613,citymun,240,,,false,1903613000,Madalum,direct
cic,total,1903613,citymun,62,354,17.51412429378531,false,1903613000,Madalum,direct
cic,male,1903613,citymun,34,,,false,1903613000,Madalum,direct
cic,female,1903613,citymun,28,,,false,1903613000,Madalum,direct
fic,total,1903614,citymun,489,721,67.82246879334258,false,1903614000,Madamba,direct
fic,male,1903614,citymun,244,,,false,1903614000,Madamba,direct
fic,female,1903614,citymun,245,,,false,1903614000,Madamba,direct
cic,total,1903614,citymun,64,272,23.52941176470588,false,1903614000,Madamba,direct
cic,male,1903614,citymun,36,,,false,1903614000,Madamba,direct
cic,female,1903614,citymun,28,,,false,1903614000,Madamba,direct
fic,total,1903615,citymun,1001,1460,68.56164383561644,false,1903615000,Malabang,direct
fic,male,1903615,citymun,489,,,false,1903615000,Malabang,direct
fic,female,1903615,citymun,512,,,false,1903615000,Malabang,direct
cic,total,1903615,citymun,150,453,33.11258278145696,false,1903615000,Malabang,direct
cic,male,1903615,citymun,70,,,false,1903615000,Malabang,direct
cic,female,1903615,citymun,80,,,false,1903615000,Malabang,direct
fic,total,1903616,citymun,726,1239,58.595641646489106,false,1903616000,Marantao,direct
fic,male,1903616,citymun,374,,,false,1903616000,Marantao,direct
fic,female,1903616,citymun,352,,,false,1903616000,Marantao,direct
cic,total,1903616,citymun,72,602,11.960132890365449,false,1903616000,Marantao,direct
cic,male,1903616,citymun,39,,,false,1903616000,Marantao,direct
cic,female,1903616,citymun,33,,,false,1903616000,Marantao,direct
fic,total,1903617,citymun,6252,6851,91.25675083929353,false,1903617000,City of Marawi,direct
fic,male,1903617,citymun,3078,,,false,1903617000,City of Marawi,direct
fic,female,1903617,citymun,3174,,,false,1903617000,City of Marawi,direct
cic,total,1903617,citymun,147,348,42.241379310344826,false,1903617000,City of Marawi,direct
cic,male,1903617,citymun,69,,,false,1903617000,City of Marawi,direct
cic,female,1903617,citymun,78,,,false,1903617000,City of Marawi,direct
fic,total,1903618,citymun,555,1049,52.907530981887504,false,1903618000,Masiu,direct
fic,male,1903618,citymun,306,,,false,1903618000,Masiu,direct
fic,female,1903618,citymun,249,,,false,1903618000,Masiu,direct
cic,total,1903618,citymun,167,993,16.817724068479357,false,1903618000,Masiu,direct
cic,male,1903618,citymun,89,,,false,1903618000,Masiu,direct
cic,female,1903618,citymun,78,,,false,1903618000,Masiu,direct
fic,total,1903619,citymun,322,788,40.86294416243655,false,1903619000,Mulondo,direct
fic,male,1903619,citymun,175,,,false,1903619000,Mulondo,direct
fic,female,1903619,citymun,147,,,false,1903619000,Mulondo,direct
cic,total,1903619,citymun,6,472,1.2711864406779663,false,1903619000,Mulondo,direct
cic,male,1903619,citymun,2,,,false,1903619000,Mulondo,direct
cic,female,1903619,citymun,4,,,false,1903619000,Mulondo,direct
fic,total,1903620,citymun,90,534,16.853932584269664,false,1903620000,Pagayawan,direct
fic,male,1903620,citymun,47,,,false,1903620000,Pagayawan,direct
fic,female,1903620,citymun,43,,,false,1903620000,Pagayawan,direct
cic,total,1903620,citymun,63,477,13.20754716981132,false,1903620000,Pagayawan,direct
cic,male,1903620,citymun,31,,,false,1903620000,Pagayawan,direct
cic,female,1903620,citymun,32,,,false,1903620000,Pagayawan,direct
fic,total,1903621,citymun,663,1062,62.42937853107344,false,1903621000,Piagapo,direct
fic,male,1903621,citymun,355,,,false,1903621000,Piagapo,direct
fic,female,1903621,citymun,308,,,false,1903621000,Piagapo,direct
cic,total,1903621,citymun,74,124,59.67741935483871,false,1903621000,Piagapo,direct
cic,male,1903621,citymun,38,,,false,1903621000,Piagapo,direct
cic,female,1903621,citymun,36,,,false,1903621000,Piagapo,direct
fic,total,1903622,citymun,433,1141,37.949167397020155,false,1903622000,Poona Bayabao,direct
fic,male,1903622,citymun,208,,,false,1903622000,Poona Bayabao,direct
fic,female,1903622,citymun,225,,,false,1903622000,Poona Bayabao,direct
cic,total,1903622,citymun,81,609,13.30049261083744,false,1903622000,Poona Bayabao,direct
cic,male,1903622,citymun,38,,,false,1903622000,Poona Bayabao,direct
cic,female,1903622,citymun,43,,,false,1903622000,Poona Bayabao,direct
fic,total,1903623,citymun,247,495,49.898989898989896,false,1903623000,Pualas,direct
fic,male,1903623,citymun,135,,,false,1903623000,Pualas,direct
fic,female,1903623,citymun,112,,,false,1903623000,Pualas,direct
cic,total,1903623,citymun,20,265,7.547169811320755,false,1903623000,Pualas,direct
cic,male,1903623,citymun,12,,,false,1903623000,Pualas,direct
cic,female,1903623,citymun,8,,,false,1903623000,Pualas,direct
fic,total,1903624,citymun,302,766,39.425587467362924,false,1903624000,Ditsaan-Ramain,direct
fic,male,1903624,citymun,127,,,false,1903624000,Ditsaan-Ramain,direct
fic,female,1903624,citymun,175,,,false,1903624000,Ditsaan-Ramain,direct
cic,total,1903624,citymun,35,528,6.628787878787879,false,1903624000,Ditsaan-Ramain,direct
cic,male,1903624,citymun,22,,,false,1903624000,Ditsaan-Ramain,direct
cic,female,1903624,citymun,13,,,false,1903624000,Ditsaan-Ramain,direct
fic,total,1903625,citymun,546,870,62.758620689655174,false,1903625000,Saguiaran,direct
fic,male,1903625,citymun,277,,,false,1903625000,Saguiaran,direct
fic,female,1903625,citymun,269,,,false,1903625000,Saguiaran,direct
cic,total,1903625,citymun,190,532,35.714285714285715,false,1903625000,Saguiaran,direct
cic,male,1903625,citymun,103,,,false,1903625000,Saguiaran,direct
cic,female,1903625,citymun,87,,,false,1903625000,Saguiaran,direct
fic,total,1903626,citymun,449,882,50.90702947845806,false,1903626000,Tamparan,direct
fic,male,1903626,citymun,237,,,false,1903626000,Tamparan,direct
fic,female,1903626,citymun,212,,,false,1903626000,Tamparan,direct
cic,total,1903626,citymun,29,323,8.978328173374612,false,1903626000,Tamparan,direct
cic,male,1903626,citymun,17,,,false,1903626000,Tamparan,direct
cic,female,1903626,citymun,12,,,false,1903626000,Tamparan,direct
fic,total,1903627,citymun,341,600,56.833333333333336,false,1903627000,Taraka,direct
fic,male,1903627,citymun,174,,,false,1903627000,Taraka,direct
fic,female,1903627,citymun,167,,,false,1903627000,Taraka,direct
cic,total,1903627,citymun,37,250,14.799999999999999,false,1903627000,Taraka,direct
cic,male,1903627,citymun,16,,,false,1903627000,Taraka,direct
cic,female,1903627,citymun,21,,,false,1903627000,Taraka,direct
fic,total,1903628,citymun,292,499,58.517034068136276,false,1903628000,Tubaran,direct
fic,male,1903628,citymun,144,,,false,1903628000,Tubaran,direct
fic,female,1903628,citymun,148,,,false,1903628000,Tubaran,direct
cic,total,1903628,citymun,17,350,4.857142857142857,false,1903628000,Tubaran,direct
cic,male,1903628,citymun,12,,,false,1903628000,Tubaran,direct
cic,female,1903628,citymun,5,,,false,1903628000,Tubaran,direct
fic,total,1903629,citymun,306,719,42.55910987482615,false,1903629000,Tugaya,direct
fic,male,1903629,citymun,151,,,false,1903629000,Tugaya,direct
fic,female,1903629,citymun,155,,,false,1903629000,Tugaya,direct
cic,total,1903629,citymun,55,441,12.471655328798185,false,1903629000,Tugaya,direct
cic,male,1903629,citymun,26,,,false,1903629000,Tugaya,direct
cic,female,1903629,citymun,29,,,false,1903629000,Tugaya,direct
fic,total,1903630,citymun,807,1304,61.88650306748467,false,1903630000,Wao,direct
fic,male,1903630,citymun,417,,,false,1903630000,Wao,direct
fic,female,1903630,citymun,390,,,false,1903630000,Wao,direct
cic,total,1903630,citymun,22,457,4.814004376367615,false,1903630000,Wao,direct
cic,male,1903630,citymun,9,,,false,1903630000,Wao,direct
cic,female,1903630,citymun,13,,,false,1903630000,Wao,direct
fic,total,1903631,citymun,290,1213,23.907666941467436,false,1903631000,Marogong,direct
fic,male,1903631,citymun,146,,,false,1903631000,Marogong,direct
fic,female,1903631,citymun,144,,,false,1903631000,Marogong,direct
cic,total,1903631,citymun,108,1056,10.227272727272728,false,1903631000,Marogong,direct
cic,male,1903631,citymun,62,,,false,1903631000,Marogong,direct
cic,female,1903631,citymun,46,,,false,1903631000,Marogong,direct
fic,total,1903632,citymun,379,519,73.02504816955684,false,1903632000,Calanogas,direct
fic,male,1903632,citymun,187,,,false,1903632000,Calanogas,direct
fic,female,1903632,citymun,192,,,false,1903632000,Calanogas,direct
cic,total,1903632,citymun,78,180,43.333333333333336,false,1903632000,Calanogas,direct
cic,male,1903632,citymun,51,,,false,1903632000,Calanogas,direct
cic,female,1903632,citymun,27,,,false,1903632000,Calanogas,direct
fic,total,1903633,citymun,313,447,70.02237136465325,false,1903633000,Buadiposo-Buntong,direct
fic,male,1903633,citymun,168,,,false,1903633000,Buadiposo-Buntong,direct
fic,female,1903633,citymun,145,,,false,1903633000,Buadiposo-Buntong,direct
cic,total,1903633,citymun,4,96,4.166666666666666,false,1903633000,Buadiposo-Buntong,direct
cic,male,1903633,citymun,3,,,false,1903633000,Buadiposo-Buntong,direct
cic,female,1903633,citymun,1,,,false,1903633000,Buadiposo-Buntong,direct
fic,total,1903634,citymun,529,1030,51.35922330097087,false,1903634000,Maguing,direct
fic,male,1903634,citymun,238,,,false,1903634000,Maguing,direct
fic,female,1903634,citymun,291,,,false,1903634000,Maguing,direct
cic,total,1903634,citymun,173,921,18.783930510314875,false,1903634000,Maguing,direct
cic,male,1903634,citymun,94,,,false,1903634000,Maguing,direct
cic,female,1903634,citymun,79,,,false,1903634000,Maguing,direct
fic,total,1903635,citymun,303,426,71.12676056338029,false,1903635000,Picong,direct
fic,male,1903635,citymun,148,,,false,1903635000,Picong,direct
fic,female,1903635,citymun,155,,,false,1903635000,Picong,direct
cic,total,1903635,citymun,71,217,32.71889400921659,false,1903635000,Picong,direct
cic,male,1903635,citymun,32,,,false,1903635000,Picong,direct
cic,female,1903635,citymun,39,,,false,1903635000,Picong,direct
fic,total,1903636,citymun,338,710,47.6056338028169,false,1903636000,Lumbayanague,direct
fic,male,1903636,citymun,157,,,false,1903636000,Lumbayanague,direct
fic,female,1903636,citymun,181,,,false,1903636000,Lumbayanague,direct
cic,total,1903636,citymun,73,510,14.313725490196077,false,1903636000,Lumbayanague,direct
cic,male,1903636,citymun,32,,,false,1903636000,Lumbayanague,direct
cic,female,1903636,citymun,41,,,false,1903636000,Lumbayanague,direct
fic,total,1903637,citymun,411,458,89.73799126637554,false,1903637000,Amai Manabilang,direct
fic,male,1903637,citymun,204,,,false,1903637000,Amai Manabilang,direct
fic,female,1903637,citymun,207,,,false,1903637000,Amai Manabilang,direct
cic,total,1903637,citymun,16,62,25.806451612903224,false,1903637000,Amai Manabilang,direct
cic,male,1903637,citymun,3,,,false,1903637000,Amai Manabilang,direct
cic,female,1903637,citymun,13,,,false,1903637000,Amai Manabilang,direct
fic,total,1903638,citymun,214,262,81.67938931297711,false,1903638000,Tagoloan Ii,direct
fic,male,1903638,citymun,103,,,false,1903638000,Tagoloan Ii,direct
fic,female,1903638,citymun,111,,,false,1903638000,Tagoloan Ii,direct
cic,total,1903638,citymun,31,81,38.2716049382716,false,1903638000,Tagoloan Ii,direct
cic,male,1903638,citymun,16,,,false,1903638000,Tagoloan Ii,direct
cic,female,1903638,citymun,15,,,false,1903638000,Tagoloan Ii,direct
fic,total,1903639,citymun,569,725,78.48275862068965,false,1903639000,Kapatagan,direct
fic,male,1903639,citymun,295,,,false,1903639000,Kapatagan,direct
fic,female,1903639,citymun,274,,,false,1903639000,Kapatagan,direct
cic,total,1903639,citymun,8,231,3.463203463203463,false,1903639000,Kapatagan,direct
cic,male,1903639,citymun,4,,,false,1903639000,Kapatagan,direct
cic,female,1903639,citymun,4,,,false,1903639000,Kapatagan,direct
fic,total,1903640,citymun,215,477,45.073375262054505,false,1903640000,Sultan Dumalondong,direct
fic,male,1903640,citymun,104,,,false,1903640000,Sultan Dumalondong,direct
fic,female,1903640,citymun,111,,,false,1903640000,Sultan Dumalondong,direct
cic,total,1903640,citymun,12,163,7.361963190184049,false,1903640000,Sultan Dumalondong,direct
cic,male,1903640,citymun,7,,,false,1903640000,Sultan Dumalondong,direct
cic,female,1903640,citymun,5,,,false,1903640000,Sultan Dumalondong,direct
fic,total,1903641,citymun,81,310,26.129032258064516,false,1903641000,Lumbaca-Unayan,direct
fic,male,1903641,citymun,35,,,false,1903641000,Lumbaca-Unayan,direct
fic,female,1903641,citymun,46,,,false,1903641000,Lumbaca-Unayan,direct
cic,total,1903641,citymun,3,170,1.7647058823529411,false,1903641000,Lumbaca-Unayan,direct
cic,male,1903641,citymun,1,,,false,1903641000,Lumbaca-Unayan,direct
cic,female,1903641,citymun,2,,,false,1903641000,Lumbaca-Unayan,direct
fic,total,19066,province,11710,23547,49.73032658088079,false,1906600000,Sulu,direct
fic,male,19066,province,5781,,,false,1906600000,Sulu,direct
fic,female,19066,province,5929,,,false,1906600000,Sulu,direct
cic,total,19066,province,782,13123,5.959003276689781,false,1906600000,Sulu,direct
cic,male,19066,province,389,,,false,1906600000,Sulu,direct
cic,female,19066,province,393,,,false,1906600000,Sulu,direct
fic,total,1906601,citymun,1238,2493,49.65904532691536,false,1906601000,Indanan,direct
fic,male,1906601,citymun,633,,,false,1906601000,Indanan,direct
fic,female,1906601,citymun,605,,,false,1906601000,Indanan,direct
cic,total,1906601,citymun,108,1194,9.045226130653267,false,1906601000,Indanan,direct
cic,male,1906601,citymun,55,,,false,1906601000,Indanan,direct
cic,female,1906601,citymun,53,,,false,1906601000,Indanan,direct
fic,total,1906602,citymun,1695,3094,54.783451842275376,false,1906602000,Jolo,direct
fic,male,1906602,citymun,895,,,false,1906602000,Jolo,direct
fic,female,1906602,citymun,800,,,false,1906602000,Jolo,direct
cic,total,1906602,citymun,258,1511,17.074784910655193,false,1906602000,Jolo,direct
cic,male,1906602,citymun,132,,,false,1906602000,Jolo,direct
cic,female,1906602,citymun,126,,,false,1906602000,Jolo,direct
fic,total,1906603,citymun,663,689,96.22641509433963,false,1906603000,Kalingalan Caluang,direct
fic,male,1906603,citymun,325,,,false,1906603000,Kalingalan Caluang,direct
fic,female,1906603,citymun,338,,,false,1906603000,Kalingalan Caluang,direct
cic,total,1906603,citymun,0,139,0.0,false,1906603000,Kalingalan Caluang,direct
cic,male,1906603,citymun,0,,,false,1906603000,Kalingalan Caluang,direct
cic,female,1906603,citymun,0,,,false,1906603000,Kalingalan Caluang,direct
fic,total,1906604,citymun,401,805,49.81366459627329,false,1906604000,Luuk,direct
fic,male,1906604,citymun,198,,,false,1906604000,Luuk,direct
fic,female,1906604,citymun,203,,,false,1906604000,Luuk,direct
cic,total,1906604,citymun,22,448,4.910714285714286,false,1906604000,Luuk,direct
cic,male,1906604,citymun,11,,,false,1906604000,Luuk,direct
cic,female,1906604,citymun,11,,,false,1906604000,Luuk,direct
fic,total,1906605,citymun,747,1609,46.42635177128651,false,1906605000,Maimbung,direct
fic,male,1906605,citymun,395,,,false,1906605000,Maimbung,direct
fic,female,1906605,citymun,352,,,false,1906605000,Maimbung,direct
cic,total,1906605,citymun,24,1027,2.3369036027263874,false,1906605000,Maimbung,direct
cic,male,1906605,citymun,17,,,false,1906605000,Maimbung,direct
cic,female,1906605,citymun,7,,,false,1906605000,Maimbung,direct
fic,total,1906606,citymun,91,277,32.851985559566785,false,1906606000,Hadji Panglima Tahil,direct
fic,male,1906606,citymun,39,,,false,1906606000,Hadji Panglima Tahil,direct
fic,female,1906606,citymun,52,,,false,1906606000,Hadji Panglima Tahil,direct
cic,total,1906606,citymun,16,205,7.804878048780488,false,1906606000,Hadji Panglima Tahil,direct
cic,male,1906606,citymun,7,,,false,1906606000,Hadji Panglima Tahil,direct
cic,female,1906606,citymun,9,,,false,1906606000,Hadji Panglima Tahil,direct
fic,total,1906607,citymun,460,899,51.16796440489433,false,1906607000,Old Panamao,direct
fic,male,1906607,citymun,223,,,false,1906607000,Old Panamao,direct
fic,female,1906607,citymun,237,,,false,1906607000,Old Panamao,direct
cic,total,1906607,citymun,13,473,2.748414376321353,false,1906607000,Old Panamao,direct
cic,male,1906607,citymun,5,,,false,1906607000,Old Panamao,direct
cic,female,1906607,citymun,8,,,false,1906607000,Old Panamao,direct
fic,total,1906608,citymun,370,1259,29.388403494837174,false,1906608000,Pangutaran,direct
fic,male,1906608,citymun,192,,,false,1906608000,Pangutaran,direct
fic,female,1906608,citymun,178,,,false,1906608000,Pangutaran,direct
cic,total,1906608,citymun,66,965,6.839378238341968,false,1906608000,Pangutaran,direct
cic,male,1906608,citymun,38,,,false,1906608000,Pangutaran,direct
cic,female,1906608,citymun,28,,,false,1906608000,Pangutaran,direct
fic,total,1906609,citymun,876,1593,54.99058380414312,false,1906609000,Parang,direct
fic,male,1906609,citymun,416,,,false,1906609000,Parang,direct
fic,female,1906609,citymun,460,,,false,1906609000,Parang,direct
cic,total,1906609,citymun,3,669,0.4484304932735426,false,1906609000,Parang,direct
cic,male,1906609,citymun,1,,,false,1906609000,Parang,direct
cic,female,1906609,citymun,2,,,false,1906609000,Parang,direct
fic,total,1906610,citymun,152,551,27.586206896551722,false,1906610000,Pata,direct
fic,male,1906610,citymun,71,,,false,1906610000,Pata,direct
fic,female,1906610,citymun,81,,,false,1906610000,Pata,direct
cic,total,1906610,citymun,6,389,1.5424164524421593,false,1906610000,Pata,direct
cic,male,1906610,citymun,4,,,false,1906610000,Pata,direct
cic,female,1906610,citymun,2,,,false,1906610000,Pata,direct
fic,total,1906611,citymun,780,1751,44.54597372929754,false,1906611000,Patikul,direct
fic,male,1906611,citymun,361,,,false,1906611000,Patikul,direct
fic,female,1906611,citymun,419,,,false,1906611000,Patikul,direct
cic,total,1906611,citymun,72,1109,6.4923354373309285,false,1906611000,Patikul,direct
cic,male,1906611,citymun,39,,,false,1906611000,Patikul,direct
cic,female,1906611,citymun,33,,,false,1906611000,Patikul,direct
fic,total,1906612,citymun,834,1531,54.47419986936642,false,1906612000,Siasi,direct
fic,male,1906612,citymun,431,,,false,1906612000,Siasi,direct
fic,female,1906612,citymun,403,,,false,1906612000,Siasi,direct
cic,total,1906612,citymun,4,882,0.45351473922902497,false,1906612000,Siasi,direct
cic,male,1906612,citymun,0,,,false,1906612000,Siasi,direct
cic,female,1906612,citymun,4,,,false,1906612000,Siasi,direct
fic,total,1906613,citymun,940,2157,43.579044969865556,false,1906613000,Talipao,direct
fic,male,1906613,citymun,441,,,false,1906613000,Talipao,direct
fic,female,1906613,citymun,499,,,false,1906613000,Talipao,direct
cic,total,1906613,citymun,0,1344,0.0,false,1906613000,Talipao,direct
cic,male,1906613,citymun,0,,,false,1906613000,Talipao,direct
cic,female,1906613,citymun,0,,,false,1906613000,Talipao,direct
fic,total,1906614,citymun,319,468,68.16239316239316,false,1906614000,Tapul,direct
fic,male,1906614,citymun,135,,,false,1906614000,Tapul,direct
fic,female,1906614,citymun,184,,,false,1906614000,Tapul,direct
cic,total,1906614,citymun,4,217,1.8433179723502304,false,1906614000,Tapul,direct
cic,male,1906614,citymun,0,,,false,1906614000,Tapul,direct
cic,female,1906614,citymun,4,,,false,1906614000,Tapul,direct
fic,total,1906615,citymun,255,1306,19.525267993874426,false,1906615000,Tongkil,direct
fic,male,1906615,citymun,128,,,false,1906615000,Tongkil,direct
fic,female,1906615,citymun,127,,,false,1906615000,Tongkil,direct
cic,total,1906615,citymun,104,1144,9.090909090909092,false,1906615000,Tongkil,direct
cic,male,1906615,citymun,53,,,false,1906615000,Tongkil,direct
cic,female,1906615,citymun,51,,,false,1906615000,Tongkil,direct
fic,total,1906616,citymun,596,769,77.50325097529259,false,1906616000,Panglima Estino,direct
fic,male,1906616,citymun,273,,,false,1906616000,Panglima Estino,direct
fic,female,1906616,citymun,323,,,false,1906616000,Panglima Estino,direct
cic,total,1906616,citymun,10,291,3.436426116838488,false,1906616000,Panglima Estino,direct
cic,male,1906616,citymun,3,,,false,1906616000,Panglima Estino,direct
cic,female,1906616,citymun,7,,,false,1906616000,Panglima Estino,direct
fic,total,1906617,citymun,240,794,30.22670025188917,false,1906617000,Lugus,direct
fic,male,1906617,citymun,111,,,false,1906617000,Lugus,direct
fic,female,1906617,citymun,129,,,false,1906617000,Lugus,direct
cic,total,1906617,citymun,48,611,7.855973813420622,false,1906617000,Lugus,direct
cic,male,1906617,citymun,18,,,false,1906617000,Lugus,direct
cic,female,1906617,citymun,30,,,false,1906617000,Lugus,direct
fic,total,1906618,citymun,601,858,70.04662004662005,false,1906618000,Pandami,direct
fic,male,1906618,citymun,294,,,false,1906618000,Pandami,direct
fic,female,1906618,citymun,307,,,false,1906618000,Pandami,direct
cic,total,1906618,citymun,18,343,5.247813411078718,false,1906618000,Pandami,direct
cic,male,1906618,citymun,5,,,false,1906618000,Pandami,direct
cic,female,1906618,citymun,13,,,false,1906618000,Pandami,direct
fic,total,1906619,citymun,452,644,70.1863354037267,false,1906619000,Omar,direct
fic,male,1906619,citymun,220,,,false,1906619000,Omar,direct
fic,female,1906619,citymun,232,,,false,1906619000,Omar,direct
cic,total,1906619,citymun,6,162,3.7037037037037033,false,1906619000,Omar,direct
cic,male,1906619,citymun,1,,,false,1906619000,Omar,direct
cic,female,1906619,citymun,5,,,false,1906619000,Omar,direct
fic,total,19070,province,5031,13789,36.48560446732903,false,1907000000,Tawi-Tawi,direct
fic,male,19070,province,2512,,,false,1907000000,Tawi-Tawi,direct
fic,female,19070,province,2519,,,false,1907000000,Tawi-Tawi,direct
cic,total,19070,province,395,8306,4.755598362629424,false,1907000000,Tawi-Tawi,direct
cic,male,19070,province,194,,,false,1907000000,Tawi-Tawi,direct
cic,female,19070,province,201,,,false,1907000000,Tawi-Tawi,direct
fic,total,1907001,citymun,288,1543,18.6649384316267,false,1907001000,Panglima Sugala,direct
fic,male,1907001,citymun,128,,,false,1907001000,Panglima Sugala,direct
fic,female,1907001,citymun,160,,,false,1907001000,Panglima Sugala,direct
cic,total,1907001,citymun,170,1282,13.260530421216849,false,1907001000,Panglima Sugala,direct
cic,male,1907001,citymun,83,,,false,1907001000,Panglima Sugala,direct
cic,female,1907001,citymun,87,,,false,1907001000,Panglima Sugala,direct
fic,total,1907002,citymun,1585,3813,41.56831890899554,false,1907002000,Bongao,direct
fic,male,1907002,citymun,819,,,false,1907002000,Bongao,direct
fic,female,1907002,citymun,766,,,false,1907002000,Bongao,direct
cic,total,1907002,citymun,37,2149,1.72173103769195,false,1907002000,Bongao,direct
cic,male,1907002,citymun,19,,,false,1907002000,Bongao,direct
cic,female,1907002,citymun,18,,,false,1907002000,Bongao,direct
fic,total,1907003,citymun,429,759,56.52173913043478,false,1907003000,Mapun,direct
fic,male,1907003,citymun,211,,,false,1907003000,Mapun,direct
fic,female,1907003,citymun,218,,,false,1907003000,Mapun,direct
cic,total,1907003,citymun,0,367,0.0,false,1907003000,Mapun,direct
cic,male,1907003,citymun,0,,,false,1907003000,Mapun,direct
cic,female,1907003,citymun,0,,,false,1907003000,Mapun,direct
fic,total,1907004,citymun,274,836,32.77511961722488,false,1907004000,Simunul,direct
fic,male,1907004,citymun,128,,,false,1907004000,Simunul,direct
fic,female,1907004,citymun,146,,,false,1907004000,Simunul,direct
cic,total,1907004,citymun,30,389,7.712082262210797,false,1907004000,Simunul,direct
cic,male,1907004,citymun,11,,,false,1907004000,Simunul,direct
cic,female,1907004,citymun,19,,,false,1907004000,Simunul,direct
fic,total,1907005,citymun,749,1048,71.46946564885496,false,1907005000,Sitangkai,direct
fic,male,1907005,citymun,357,,,false,1907005000,Sitangkai,direct
fic,female,1907005,citymun,392,,,false,1907005000,Sitangkai,direct
cic,total,1907005,citymun,29,363,7.988980716253444,false,1907005000,Sitangkai,direct
cic,male,1907005,citymun,10,,,false,1907005000,Sitangkai,direct
cic,female,1907005,citymun,19,,,false,1907005000,Sitangkai,direct
fic,total,1907006,citymun,303,728,41.620879120879124,false,1907006000,South Ubian,direct
fic,male,1907006,citymun,151,,,false,1907006000,South Ubian,direct
fic,female,1907006,citymun,152,,,false,1907006000,South Ubian,direct
cic,total,1907006,citymun,22,407,5.405405405405405,false,1907006000,South Ubian,direct
cic,male,1907006,citymun,11,,,false,1907006000,South Ubian,direct
cic,female,1907006,citymun,11,,,false,1907006000,South Ubian,direct
fic,total,1907007,citymun,427,884,48.30316742081448,false,1907007000,Tandubas,direct
fic,male,1907007,citymun,211,,,false,1907007000,Tandubas,direct
fic,female,1907007,citymun,216,,,false,1907007000,Tandubas,direct
cic,total,1907007,citymun,0,363,0.0,false,1907007000,Tandubas,direct
cic,male,1907007,citymun,0,,,false,1907007000,Tandubas,direct
cic,female,1907007,citymun,0,,,false,1907007000,Tandubas,direct
fic,total,1907008,citymun,87,157,55.4140127388535,false,1907008000,Turtle Islands,direct
fic,male,1907008,citymun,50,,,false,1907008000,Turtle Islands,direct
fic,female,1907008,citymun,37,,,false,1907008000,Turtle Islands,direct
cic,total,1907008,citymun,0,54,0.0,false,1907008000,Turtle Islands,direct
cic,male,1907008,citymun,0,,,false,1907008000,Turtle Islands,direct
cic,female,1907008,citymun,0,,,false,1907008000,Turtle Islands,direct
fic,total,1907009,citymun,153,1588,9.634760705289674,false,1907009000,Languyan,direct
fic,male,1907009,citymun,90,,,false,1907009000,Languyan,direct
fic,female,1907009,citymun,63,,,false,1907009000,Languyan,direct
cic,total,1907009,citymun,90,1395,6.451612903225806,false,1907009000,Languyan,direct
cic,male,1907009,citymun,53,,,false,1907009000,Languyan,direct
cic,female,1907009,citymun,37,,,false,1907009000,Languyan,direct
fic,total,1907010,citymun,347,1397,24.838940586972083,false,1907010000,Sapa-Sapa,direct
fic,male,1907010,citymun,173,,,false,1907010000,Sapa-Sapa,direct
fic,female,1907010,citymun,174,,,false,1907010000,Sapa-Sapa,direct
cic,total,1907010,citymun,17,983,1.7293997965412005,false,1907010000,Sapa-Sapa,direct
cic,male,1907010,citymun,7,,,false,1907010000,Sapa-Sapa,direct
cic,female,1907010,citymun,10,,,false,1907010000,Sapa-Sapa,direct
fic,total,1907011,citymun,389,1036,37.54826254826255,false,1907011000,Sibutu,direct
fic,male,1907011,citymun,194,,,false,1907011000,Sibutu,direct
fic,female,1907011,citymun,195,,,false,1907011000,Sibutu,direct
cic,total,1907011,citymun,0,554,0.0,false,1907011000,Sibutu,direct
cic,male,1907011,citymun,0,,,false,1907011000,Sibutu,direct
cic,female,1907011,citymun,0,,,false,1907011000,Sibutu,direct
fic,total,19087,province,17191,20607,83.42310865239966,false,1908700000,Maguindanao del Norte,direct
fic,male,19087,province,8595,,,false,1908700000,Maguindanao del Norte,direct
fic,female,19087,province,8596,,,false,1908700000,Maguindanao del Norte,direct
cic,total,19087,province,558,6159,9.059912323429128,false,1908700000,Maguindanao del Norte,direct
cic,male,19087,province,283,,,false,1908700000,Maguindanao del Norte,direct
cic,female,19087,province,275,,,false,1908700000,Maguindanao del Norte,direct
fic,total,1908701,citymun,955,1156,82.61245674740483,false,1908701000,Barira,direct
fic,male,1908701,citymun,444,,,false,1908701000,Barira,direct
fic,female,1908701,citymun,511,,,false,1908701000,Barira,direct
cic,total,1908701,citymun,43,338,12.721893491124261,false,1908701000,Barira,direct
cic,male,1908701,citymun,22,,,false,1908701000,Barira,direct
cic,female,1908701,citymun,21,,,false,1908701000,Barira,direct
fic,total,1908702,citymun,1372,1541,89.0330953926022,false,1908702000,Buldon,direct
fic,male,1908702,citymun,713,,,false,1908702000,Buldon,direct
fic,female,1908702,citymun,659,,,false,1908702000,Buldon,direct
cic,total,1908702,citymun,61,240,25.416666666666664,false,1908702000,Buldon,direct
cic,male,1908702,citymun,26,,,false,1908702000,Buldon,direct
cic,female,1908702,citymun,35,,,false,1908702000,Buldon,direct
fic,total,1908704,citymun,558,910,61.31868131868132,false,1908704000,Datu Blah T. Sinsuat,direct
fic,male,1908704,citymun,268,,,false,1908704000,Datu Blah T. Sinsuat,direct
fic,female,1908704,citymun,290,,,false,1908704000,Datu Blah T. Sinsuat,direct
cic,total,1908704,citymun,23,378,6.084656084656085,false,1908704000,Datu Blah T. Sinsuat,direct
cic,male,1908704,citymun,12,,,false,1908704000,Datu Blah T. Sinsuat,direct
cic,female,1908704,citymun,11,,,false,1908704000,Datu Blah T. Sinsuat,direct
fic,total,1908705,citymun,3335,3916,85.16343207354443,false,1908705000,Datu Odin Sinsuat,direct
fic,male,1908705,citymun,1666,,,false,1908705000,Datu Odin Sinsuat,direct
fic,female,1908705,citymun,1669,,,false,1908705000,Datu Odin Sinsuat,direct
cic,total,1908705,citymun,199,1514,13.143989431968295,false,1908705000,Datu Odin Sinsuat,direct
cic,male,1908705,citymun,102,,,false,1908705000,Datu Odin Sinsuat,direct
cic,female,1908705,citymun,97,,,false,1908705000,Datu Odin Sinsuat,direct
fic,total,1908706,citymun,777,883,87.99546998867497,false,1908706000,Kabuntalan,direct
fic,male,1908706,citymun,382,,,false,1908706000,Kabuntalan,direct
fic,female,1908706,citymun,395,,,false,1908706000,Kabuntalan,direct
cic,total,1908706,citymun,15,154,9.740259740259742,false,1908706000,Kabuntalan,direct
cic,male,1908706,citymun,9,,,false,1908706000,Kabuntalan,direct
cic,female,1908706,citymun,6,,,false,1908706000,Kabuntalan,direct
fic,total,1908707,citymun,1014,1439,70.46560111188325,false,1908707000,Matanog,direct
fic,male,1908707,citymun,500,,,false,1908707000,Matanog,direct
fic,female,1908707,citymun,514,,,false,1908707000,Matanog,direct
cic,total,1908707,citymun,27,649,4.160246533127889,false,1908707000,Matanog,direct
cic,male,1908707,citymun,11,,,false,1908707000,Matanog,direct
cic,female,1908707,citymun,16,,,false,1908707000,Matanog,direct
fic,total,1908708,citymun,589,569,103.51493848857645,true,1908708000,Northern Kabuntalan,direct
fic,male,1908708,citymun,301,,,false,1908708000,Northern Kabuntalan,direct
fic,female,1908708,citymun,288,,,false,1908708000,Northern Kabuntalan,direct
cic,total,1908708,citymun,12,50,24.0,false,1908708000,Northern Kabuntalan,direct
cic,male,1908708,citymun,6,,,false,1908708000,Northern Kabuntalan,direct
cic,female,1908708,citymun,6,,,false,1908708000,Northern Kabuntalan,direct
fic,total,1908709,citymun,2752,3172,86.75914249684742,false,1908709000,Parang,direct
fic,male,1908709,citymun,1370,,,false,1908709000,Parang,direct
fic,female,1908709,citymun,1382,,,false,1908709000,Parang,direct
cic,total,1908709,citymun,36,1378,2.6124818577648767,false,1908709000,Parang,direct
cic,male,1908709,citymun,18,,,false,1908709000,Parang,direct
cic,female,1908709,citymun,18,,,false,1908709000,Parang,direct
fic,total,1908710,citymun,3340,3528,94.67120181405896,false,1908710000,Sultan Kudarat,direct
fic,male,1908710,citymun,1752,,,false,1908710000,Sultan Kudarat,direct
fic,female,1908710,citymun,1588,,,false,1908710000,Sultan Kudarat,direct
cic,total,1908710,citymun,83,209,39.71291866028708,false,1908710000,Sultan Kudarat,direct
cic,male,1908710,citymun,43,,,false,1908710000,Sultan Kudarat,direct
cic,female,1908710,citymun,40,,,false,1908710000,Sultan Kudarat,direct
fic,total,1908711,citymun,710,1002,70.85828343313374,false,1908711000,Sultan Mastura,direct
fic,male,1908711,citymun,360,,,false,1908711000,Sultan Mastura,direct
fic,female,1908711,citymun,350,,,false,1908711000,Sultan Mastura,direct
cic,total,1908711,citymun,17,340,5.0,false,1908711000,Sultan Mastura,direct
cic,male,1908711,citymun,10,,,false,1908711000,Sultan Mastura,direct
cic,female,1908711,citymun,7,,,false,1908711000,Sultan Mastura,direct
fic,total,1908712,citymun,401,460,87.17391304347825,false,1908712000,Talitay,direct
fic,male,1908712,citymun,184,,,false,1908712000,Talitay,direct
fic,female,1908712,citymun,217,,,false,1908712000,Talitay,direct
cic,total,1908712,citymun,10,21,47.61904761904761,false,1908712000,Talitay,direct
cic,male,1908712,citymun,5,,,false,1908712000,Talitay,direct
cic,female,1908712,citymun,5,,,false,1908712000,Talitay,direct
fic,total,1908713,citymun,1388,2031,68.34071885770557,false,1908713000,Upi,direct
fic,male,1908713,citymun,655,,,false,1908713000,Upi,direct
fic,female,1908713,citymun,733,,,false,1908713000,Upi,direct
cic,total,1908713,citymun,32,888,3.6036036036036037,false,1908713000,Upi,direct
cic,male,1908713,citymun,19,,,false,1908713000,Upi,direct
cic,female,1908713,citymun,13,,,false,1908713000,Upi,direct
fic,total,19088,province,18268,25329,72.12286312132339,false,1908800000,Maguindanao del Sur,direct
fic,male,19088,province,9016,,,false,1908800000,Maguindanao del Sur,direct
fic,female,19088,province,9252,,,false,1908800000,Maguindanao del Sur,direct
cic,total,19088,province,1440,10539,13.663535439795046,false,1908800000,Maguindanao del Sur,direct
cic,male,19088,province,688,,,false,1908800000,Maguindanao del Sur,direct
cic,female,19088,province,752,,,false,1908800000,Maguindanao del Sur,direct
fic,total,1908801,citymun,650,863,75.31865585168018,false,1908801000,Ampatuan,direct
fic,male,1908801,citymun,297,,,false,1908801000,Ampatuan,direct
fic,female,1908801,citymun,353,,,false,1908801000,Ampatuan,direct
cic,total,1908801,citymun,74,302,24.503311258278146,false,1908801000,Ampatuan,direct
cic,male,1908801,citymun,36,,,false,1908801000,Ampatuan,direct
cic,female,1908801,citymun,38,,,false,1908801000,Ampatuan,direct
fic,total,1908802,citymun,826,1775,46.53521126760564,false,1908802000,Buluan,direct
fic,male,1908802,citymun,390,,,false,1908802000,Buluan,direct
fic,female,1908802,citymun,436,,,false,1908802000,Buluan,direct
cic,total,1908802,citymun,216,1293,16.70533642691415,false,1908802000,Buluan,direct
cic,male,1908802,citymun,104,,,false,1908802000,Buluan,direct
cic,female,1908802,citymun,112,,,false,1908802000,Buluan,direct
fic,total,1908803,citymun,565,1133,49.86760812003531,false,1908803000,Datu Abdullah Sangki,direct
fic,male,1908803,citymun,272,,,false,1908803000,Datu Abdullah Sangki,direct
fic,female,1908803,citymun,293,,,false,1908803000,Datu Abdullah Sangki,direct
cic,total,1908803,citymun,125,699,17.8826895565093,false,1908803000,Datu Abdullah Sangki,direct
cic,male,1908803,citymun,54,,,false,1908803000,Datu Abdullah Sangki,direct
cic,female,1908803,citymun,71,,,false,1908803000,Datu Abdullah Sangki,direct
fic,total,1908804,citymun,725,917,79.06215921483097,false,1908804000,Datu Anggal Midtimbang,direct
fic,male,1908804,citymun,331,,,false,1908804000,Datu Anggal Midtimbang,direct
fic,female,1908804,citymun,394,,,false,1908804000,Datu Anggal Midtimbang,direct
cic,total,1908804,citymun,26,504,5.158730158730158,false,1908804000,Datu Anggal Midtimbang,direct
cic,male,1908804,citymun,12,,,false,1908804000,Datu Anggal Midtimbang,direct
cic,female,1908804,citymun,14,,,false,1908804000,Datu Anggal Midtimbang,direct
fic,total,1908805,citymun,377,836,45.09569377990431,false,1908805000,Datu Hoffer Ampatuan,direct
fic,male,1908805,citymun,172,,,false,1908805000,Datu Hoffer Ampatuan,direct
fic,female,1908805,citymun,205,,,false,1908805000,Datu Hoffer Ampatuan,direct
cic,total,1908805,citymun,64,474,13.502109704641349,false,1908805000,Datu Hoffer Ampatuan,direct
cic,male,1908805,citymun,33,,,false,1908805000,Datu Hoffer Ampatuan,direct
cic,female,1908805,citymun,31,,,false,1908805000,Datu Hoffer Ampatuan,direct
fic,total,1908806,citymun,1109,1205,92.03319502074689,false,1908806000,Datu Paglas,direct
fic,male,1908806,citymun,562,,,false,1908806000,Datu Paglas,direct
fic,female,1908806,citymun,547,,,false,1908806000,Datu Paglas,direct
cic,total,1908806,citymun,11,138,7.971014492753622,false,1908806000,Datu Paglas,direct
cic,male,1908806,citymun,3,,,false,1908806000,Datu Paglas,direct
cic,female,1908806,citymun,8,,,false,1908806000,Datu Paglas,direct
fic,total,1908807,citymun,737,772,95.46632124352331,false,1908807000,Datu Piang,direct
fic,male,1908807,citymun,348,,,false,1908807000,Datu Piang,direct
fic,female,1908807,citymun,389,,,false,1908807000,Datu Piang,direct
cic,total,1908807,citymun,17,101,16.831683168316832,false,1908807000,Datu Piang,direct
cic,male,1908807,citymun,7,,,false,1908807000,Datu Piang,direct
cic,female,1908807,citymun,10,,,false,1908807000,Datu Piang,direct
fic,total,1908808,citymun,629,837,75.14934289127837,false,1908808000,Datu Salibo,direct
fic,male,1908808,citymun,300,,,false,1908808000,Datu Salibo,direct
fic,female,1908808,citymun,329,,,false,1908808000,Datu Salibo,direct
cic,total,1908808,citymun,45,365,12.32876712328767,false,1908808000,Datu Salibo,direct
cic,male,1908808,citymun,22,,,false,1908808000,Datu Salibo,direct
cic,female,1908808,citymun,23,,,false,1908808000,Datu Salibo,direct
fic,total,1908809,citymun,805,983,81.89216683621567,false,1908809000,Datu Saudi Ampatuan,direct
fic,male,1908809,citymun,390,,,false,1908809000,Datu Saudi Ampatuan,direct
fic,female,1908809,citymun,415,,,false,1908809000,Datu Saudi Ampatuan,direct
cic,total,1908809,citymun,58,509,11.394891944990176,false,1908809000,Datu Saudi Ampatuan,direct
cic,male,1908809,citymun,27,,,false,1908809000,Datu Saudi Ampatuan,direct
cic,female,1908809,citymun,31,,,false,1908809000,Datu Saudi Ampatuan,direct
fic,total,1908810,citymun,295,309,95.46925566343042,false,1908810000,Datu Unsay,direct
fic,male,1908810,citymun,145,,,false,1908810000,Datu Unsay,direct
fic,female,1908810,citymun,150,,,false,1908810000,Datu Unsay,direct
cic,total,1908810,citymun,26,48,54.166666666666664,false,1908810000,Datu Unsay,direct
cic,male,1908810,citymun,11,,,false,1908810000,Datu Unsay,direct
cic,female,1908810,citymun,15,,,false,1908810000,Datu Unsay,direct
fic,total,1908811,citymun,858,1248,68.75,false,1908811000,Gen. S.K. Pendatun,direct
fic,male,1908811,citymun,442,,,false,1908811000,Gen. S.K. Pendatun,direct
fic,female,1908811,citymun,416,,,false,1908811000,Gen. S.K. Pendatun,direct
cic,total,1908811,citymun,43,565,7.610619469026549,false,1908811000,Gen. S.K. Pendatun,direct
cic,male,1908811,citymun,24,,,false,1908811000,Gen. S.K. Pendatun,direct
cic,female,1908811,citymun,19,,,false,1908811000,Gen. S.K. Pendatun,direct
fic,total,1908812,citymun,811,846,95.8628841607565,false,1908812000,Guindulungan,direct
fic,male,1908812,citymun,398,,,false,1908812000,Guindulungan,direct
fic,female,1908812,citymun,413,,,false,1908812000,Guindulungan,direct
cic,total,1908812,citymun,13,206,6.310679611650485,false,1908812000,Guindulungan,direct
cic,male,1908812,citymun,7,,,false,1908812000,Guindulungan,direct
cic,female,1908812,citymun,6,,,false,1908812000,Guindulungan,direct
fic,total,1908813,citymun,687,952,72.16386554621849,false,1908813000,Mamasapano,direct
fic,male,1908813,citymun,334,,,false,1908813000,Mamasapano,direct
fic,female,1908813,citymun,353,,,false,1908813000,Mamasapano,direct
cic,total,1908813,citymun,41,317,12.933753943217665,false,1908813000,Mamasapano,direct
cic,male,1908813,citymun,21,,,false,1908813000,Mamasapano,direct
cic,female,1908813,citymun,20,,,false,1908813000,Mamasapano,direct
fic,total,1908814,citymun,672,1121,59.94647636039251,false,1908814000,Mangudadatu,direct
fic,male,1908814,citymun,328,,,false,1908814000,Mangudadatu,direct
fic,female,1908814,citymun,344,,,false,1908814000,Mangudadatu,direct
cic,total,1908814,citymun,33,672,4.910714285714286,false,1908814000,Mangudadatu,direct
cic,male,1908814,citymun,19,,,false,1908814000,Mangudadatu,direct
cic,female,1908814,citymun,14,,,false,1908814000,Mangudadatu,direct
fic,total,1908815,citymun,1039,1170,88.8034188034188,false,1908815000,Pagagawan,direct
fic,male,1908815,citymun,495,,,false,1908815000,Pagagawan,direct
fic,female,1908815,citymun,544,,,false,1908815000,Pagagawan,direct
cic,total,1908815,citymun,140,288,48.61111111111111,false,1908815000,Pagagawan,direct
cic,male,1908815,citymun,67,,,false,1908815000,Pagagawan,direct
cic,female,1908815,citymun,73,,,false,1908815000,Pagagawan,direct
fic,total,1908816,citymun,1207,1644,73.41849148418491,false,1908816000,Pagalungan,direct
fic,male,1908816,citymun,656,,,false,1908816000,Pagalungan,direct
fic,female,1908816,citymun,551,,,false,1908816000,Pagalungan,direct
cic,total,1908816,citymun,119,436,27.293577981651374,false,1908816000,Pagalungan,direct
cic,male,1908816,citymun,48,,,false,1908816000,Pagalungan,direct
cic,female,1908816,citymun,71,,,false,1908816000,Pagalungan,direct
fic,total,1908817,citymun,512,773,66.23544631306598,false,1908817000,Paglat,direct
fic,male,1908817,citymun,285,,,false,1908817000,Paglat,direct
fic,female,1908817,citymun,227,,,false,1908817000,Paglat,direct
cic,total,1908817,citymun,41,469,8.742004264392325,false,1908817000,Paglat,direct
cic,male,1908817,citymun,14,,,false,1908817000,Paglat,direct
cic,female,1908817,citymun,27,,,false,1908817000,Paglat,direct
fic,total,1908818,citymun,647,1258,51.430842607313195,false,1908818000,Pandag,direct
fic,male,1908818,citymun,328,,,false,1908818000,Pandag,direct
fic,female,1908818,citymun,319,,,false,1908818000,Pandag,direct
cic,total,1908818,citymun,27,750,3.5999999999999996,false,1908818000,Pandag,direct
cic,male,1908818,citymun,7,,,false,1908818000,Pandag,direct
cic,female,1908818,citymun,20,,,false,1908818000,Pandag,direct
fic,total,1908819,citymun,1021,1382,73.87843704775688,false,1908819000,Rajah Buayan,direct
fic,male,1908819,citymun,495,,,false,1908819000,Rajah Buayan,direct
fic,female,1908819,citymun,526,,,false,1908819000,Rajah Buayan,direct
cic,total,1908819,citymun,11,589,1.8675721561969438,false,1908819000,Rajah Buayan,direct
cic,male,1908819,citymun,4,,,false,1908819000,Rajah Buayan,direct
cic,female,1908819,citymun,7,,,false,1908819000,Rajah Buayan,direct
fic,total,1908820,citymun,979,1249,78.38270616493195,false,1908820000,Shariff Aguak,direct
fic,male,1908820,citymun,486,,,false,1908820000,Shariff Aguak,direct
fic,female,1908820,citymun,493,,,false,1908820000,Shariff Aguak,direct
cic,total,1908820,citymun,115,625,18.4,false,1908820000,Shariff Aguak,direct
cic,male,1908820,citymun,57,,,false,1908820000,Shariff Aguak,direct
cic,female,1908820,citymun,58,,,false,1908820000,Shariff Aguak,direct
fic,total,1908821,citymun,567,829,68.39565741857659,false,1908821000,Shariff Saydona Mustapha,direct
fic,male,1908821,citymun,289,,,false,1908821000,Shariff Saydona Mustapha,direct
fic,female,1908821,citymun,278,,,false,1908821000,Shariff Saydona Mustapha,direct
cic,total,1908821,citymun,41,352,11.647727272727272,false,1908821000,Shariff Saydona Mustapha,direct
cic,male,1908821,citymun,29,,,false,1908821000,Shariff Saydona Mustapha,direct
cic,female,1908821,citymun,12,,,false,1908821000,Shariff Saydona Mustapha,direct
fic,total,1908822,citymun,1205,1528,78.86125654450262,false,1908822000,South Upi,direct
fic,male,1908822,citymun,604,,,false,1908822000,South Upi,direct
fic,female,1908822,citymun,601,,,false,1908822000,South Upi,direct
cic,total,1908822,citymun,52,318,16.352201257861633,false,1908822000,South Upi,direct
cic,male,1908822,citymun,29,,,false,1908822000,South Upi,direct
cic,female,1908822,citymun,23,,,false,1908822000,South Upi,direct
fic,total,1908823,citymun,609,899,67.74193548387096,false,1908823000,Sultan Sa Barongis,direct
fic,male,1908823,citymun,294,,,false,1908823000,Sultan Sa Barongis,direct
fic,female,1908823,citymun,315,,,false,1908823000,Sultan Sa Barongis,direct
cic,total,1908823,citymun,41,459,8.932461873638346,false,1908823000,Sultan Sa Barongis,direct
cic,male,1908823,citymun,18,,,false,1908823000,Sultan Sa Barongis,direct
cic,female,1908823,citymun,23,,,false,1908823000,Sultan Sa Barongis,direct
fic,total,1908824,citymun,736,800,92.0,false,1908824000,Talayan,direct
fic,male,1908824,citymun,375,,,false,1908824000,Talayan,direct
fic,female,1908824,citymun,361,,,false,1908824000,Talayan,direct
cic,total,1908824,citymun,61,60,101.66666666666666,true,1908824000,Talayan,direct
cic,male,1908824,citymun,35,,,false,1908824000,Talayan,direct
cic,female,1908824,citymun,26,,,false,1908824000,Talayan,direct
fic,total,19999,province,3864,6889,56.089417912614316,false,1999900000,Special Geographic Area (SGA),direct
fic,male,19999,province,1953,,,false,1999900000,Special Geographic Area (SGA),direct
fic,female,19999,province,1911,,,false,1999900000,Special Geographic Area (SGA),direct
cic,total,19999,province,361,4701,7.679217187832377,false,1999900000,Special Geographic Area (SGA),direct
cic,male,19999,province,188,,,false,1999900000,Special Geographic Area (SGA),direct
cic,female,19999,province,173,,,false,1999900000,Special Geographic Area (SGA),direct
fic,total,1999901,citymun,563,1066,52.81425891181989,false,1999901000,Carmen Cluster,direct
fic,male,1999901,citymun,265,,,false,1999901000,Carmen Cluster,direct
fic,female,1999901,citymun,298,,,false,1999901000,Carmen Cluster,direct
cic,total,1999901,citymun,93,721,12.89875173370319,false,1999901000,Carmen Cluster,direct
cic,male,1999901,citymun,42,,,false,1999901000,Carmen Cluster,direct
cic,female,1999901,citymun,51,,,false,1999901000,Carmen Cluster,direct
fic,total,1999902,citymun,253,510,49.6078431372549,false,1999902000,Kabacan Cluster,direct
fic,male,1999902,citymun,134,,,false,1999902000,Kabacan Cluster,direct
fic,female,1999902,citymun,119,,,false,1999902000,Kabacan Cluster,direct
cic,total,1999902,citymun,41,350,11.714285714285715,false,1999902000,Kabacan Cluster,direct
cic,male,1999902,citymun,20,,,false,1999902000,Kabacan Cluster,direct
cic,female,1999902,citymun,21,,,false,1999902000,Kabacan Cluster,direct
fic,total,1999903,citymun,372,914,40.70021881838075,false,1999903000,Midsayap Cluster I,direct
fic,male,1999903,citymun,182,,,false,1999903000,Midsayap Cluster I,direct
fic,female,1999903,citymun,190,,,false,1999903000,Midsayap Cluster I,direct
cic,total,1999903,citymun,31,739,4.194857916102842,false,1999903000,Midsayap Cluster I,direct
cic,male,1999903,citymun,16,,,false,1999903000,Midsayap Cluster I,direct
cic,female,1999903,citymun,15,,,false,1999903000,Midsayap Cluster I,direct
fic,total,1999904,citymun,489,852,57.3943661971831,false,1999904000,Midsayap Cluster II,direct
fic,male,1999904,citymun,239,,,false,1999904000,Midsayap Cluster II,direct
fic,female,1999904,citymun,250,,,false,1999904000,Midsayap Cluster II,direct
cic,total,1999904,citymun,20,655,3.0534351145038165,false,1999904000,Midsayap Cluster II,direct
cic,male,1999904,citymun,12,,,false,1999904000,Midsayap Cluster II,direct
cic,female,1999904,citymun,8,,,false,1999904000,Midsayap Cluster II,direct
fic,total,1999905,citymun,411,613,67.04730831973899,false,1999905000,Pigcawayan Cluster,direct
fic,male,1999905,citymun,220,,,false,1999905000,Pigcawayan Cluster,direct
fic,female,1999905,citymun,191,,,false,1999905000,Pigcawayan Cluster,direct
cic,total,1999905,citymun,72,326,22.085889570552148,false,1999905000,Pigcawayan Cluster,direct
cic,male,1999905,citymun,38,,,false,1999905000,Pigcawayan Cluster,direct
cic,female,1999905,citymun,34,,,false,1999905000,Pigcawayan Cluster,direct
fic,total,1999906,citymun,605,1122,53.92156862745098,false,1999906000,Pikit Cluster I,direct
fic,male,1999906,citymun,323,,,false,1999906000,Pikit Cluster I,direct
fic,female,1999906,citymun,282,,,false,1999906000,Pikit Cluster I,direct
cic,total,1999906,citymun,35,775,4.516129032258064,false,1999906000,Pikit Cluster I,direct
cic,male,1999906,citymun,22,,,false,1999906000,Pikit Cluster I,direct
cic,female,1999906,citymun,13,,,false,1999906000,Pikit Cluster I,direct
fic,total,1999907,citymun,530,957,55.38140020898642,false,1999907000,Pikit Cluster II,direct
fic,male,1999907,citymun,271,,,false,1999907000,Pikit Cluster II,direct
fic,female,1999907,citymun,259,,,false,1999907000,Pikit Cluster II,direct
cic,total,1999907,citymun,14,582,2.405498281786942,false,1999907000,Pikit Cluster II,direct
cic,male,1999907,citymun,7,,,false,1999907000,Pikit Cluster II,direct
cic,female,1999907,citymun,7,,,false,1999907000,Pikit Cluster II,direct
fic,total,1999908,citymun,641,855,74.97076023391813,false,1999908000,Pikit Cluster III,direct
fic,male,1999908,citymun,319,,,false,1999908000,Pikit Cluster III,direct
fic,female,1999908,citymun,322,,,false,1999908000,Pikit Cluster III,direct
cic,total,1999908,citymun,55,553,9.945750452079565,false,1999908000,Pikit Cluster III,direct
cic,male,1999908,citymun,31,,,false,1999908000,Pikit Cluster III,direct
cic,female,1999908,citymun,24,,,false,1999908000,Pikit Cluster III,direct
fic,total,1908703,citymun,4579,7804,58.675038441824704,false,1908703000,City of Cotabato,direct
fic,male,1908703,citymun,2301,,,false,1908703000,City of Cotabato,direct
fic,female,1908703,citymun,2278,,,false,1908703000,City of Cotabato,direct
cic,total,1908703,citymun,154,3501,4.398743216223936,false,1908703000,City of Cotabato,direct
cic,male,1908703,citymun,82,,,false,1908703000,City of Cotabato,direct
cic,female,1908703,citymun,72,,,false,1908703000,City of Cotabato,direct
fic,total,18,region,57478,101625,56.55891758917589,false,1800000000,NIR,direct
fic,male,18,region,29397,,,false,1800000000,NIR,direct
fic,female,18,region,28081,,,false,1800000000,NIR,direct
cic,total,18,region,6468,41070,15.748721694667642,false,1800000000,NIR,direct
cic,male,18,region,3414,,,false,1800000000,NIR,direct
cic,female,18,region,3054,,,false,1800000000,NIR,direct
fic,total,18045,province,34136,57118,59.7639973388424,false,1804500000,Negros Occidental,direct
fic,male,18045,province,17459,,,false,1804500000,Negros Occidental,direct
fic,female,18045,province,16677,,,false,1804500000,Negros Occidental,direct
cic,total,18045,province,2244,20348,11.028110870847257,false,1804500000,Negros Occidental,direct
cic,male,18045,province,1190,,,false,1804500000,Negros Occidental,direct
cic,female,18045,province,1054,,,false,1804500000,Negros Occidental,direct
fic,total,1804502,citymun,3215,4013,80.11462746075256,false,1804502000,City of Bago,direct
fic,male,1804502,citymun,1613,,,false,1804502000,City of Bago,direct
fic,female,1804502,citymun,1602,,,false,1804502000,City of Bago,direct
cic,total,1804502,citymun,20,763,2.621231979030144,false,1804502000,City of Bago,direct
cic,male,1804502,citymun,7,,,false,1804502000,City of Bago,direct
cic,female,1804502,citymun,13,,,false,1804502000,City of Bago,direct
fic,total,1804503,citymun,753,1460,51.57534246575343,false,1804503000,Binalbagan,direct
fic,male,1804503,citymun,409,,,false,1804503000,Binalbagan,direct
fic,female,1804503,citymun,344,,,false,1804503000,Binalbagan,direct
cic,total,1804503,citymun,112,616,18.181818181818183,false,1804503000,Binalbagan,direct
cic,male,1804503,citymun,60,,,false,1804503000,Binalbagan,direct
cic,female,1804503,citymun,52,,,false,1804503000,Binalbagan,direct
fic,total,1804504,citymun,2029,3499,57.98799657044869,false,1804504000,City of Cadiz,direct
fic,male,1804504,citymun,1029,,,false,1804504000,City of Cadiz,direct
fic,female,1804504,citymun,1000,,,false,1804504000,City of Cadiz,direct
cic,total,1804504,citymun,91,1216,7.483552631578948,false,1804504000,City of Cadiz,direct
cic,male,1804504,citymun,44,,,false,1804504000,City of Cadiz,direct
cic,female,1804504,citymun,47,,,false,1804504000,City of Cadiz,direct
fic,total,1804505,citymun,913,1777,51.37872819358469,false,1804505000,Calatrava,direct
fic,male,1804505,citymun,462,,,false,1804505000,Calatrava,direct
fic,female,1804505,citymun,451,,,false,1804505000,Calatrava,direct
cic,total,1804505,citymun,137,823,16.646415552855405,false,1804505000,Calatrava,direct
cic,male,1804505,citymun,66,,,false,1804505000,Calatrava,direct
cic,female,1804505,citymun,71,,,false,1804505000,Calatrava,direct
fic,total,1804506,citymun,325,536,60.634328358208954,false,1804506000,Candoni,direct
fic,male,1804506,citymun,171,,,false,1804506000,Candoni,direct
fic,female,1804506,citymun,154,,,false,1804506000,Candoni,direct
cic,total,1804506,citymun,0,174,0.0,false,1804506000,Candoni,direct
cic,male,1804506,citymun,0,,,false,1804506000,Candoni,direct
cic,female,1804506,citymun,0,,,false,1804506000,Candoni,direct
fic,total,1804507,citymun,1282,2728,46.99413489736071,false,1804507000,Cauayan,direct
fic,male,1804507,citymun,672,,,false,1804507000,Cauayan,direct
fic,female,1804507,citymun,610,,,false,1804507000,Cauayan,direct
cic,total,1804507,citymun,97,1468,6.607629427792916,false,1804507000,Cauayan,direct
cic,male,1804507,citymun,50,,,false,1804507000,Cauayan,direct
cic,female,1804507,citymun,47,,,false,1804507000,Cauayan,direct
fic,total,1804508,citymun,691,1379,50.10877447425671,false,1804508000,Enrique B. Magalona,direct
fic,male,1804508,citymun,339,,,false,1804508000,Enrique B. Magalona,direct
fic,female,1804508,citymun,352,,,false,1804508000,Enrique B. Magalona,direct
cic,total,1804508,citymun,2,593,0.33726812816188867,false,1804508000,Enrique B. Magalona,direct
cic,male,1804508,citymun,1,,,false,1804508000,Enrique B. Magalona,direct
cic,female,1804508,citymun,1,,,false,1804508000,Enrique B. Magalona,direct
fic,total,1804509,citymun,1545,2319,66.6235446313066,false,1804509000,City of Escalante,direct
fic,male,1804509,citymun,831,,,false,1804509000,City of Escalante,direct
fic,female,1804509,citymun,714,,,false,1804509000,City of Escalante,direct
cic,total,1804509,citymun,34,676,5.029585798816568,false,1804509000,City of Escalante,direct
cic,male,1804509,citymun,17,,,false,1804509000,City of Escalante,direct
cic,female,1804509,citymun,17,,,false,1804509000,City of Escalante,direct
fic,total,1804510,citymun,1847,2571,71.83975106962272,false,1804510000,City of Himamaylan,direct
fic,male,1804510,citymun,919,,,false,1804510000,City of Himamaylan,direct
fic,female,1804510,citymun,928,,,false,1804510000,City of Himamaylan,direct
cic,total,1804510,citymun,0,651,0.0,false,1804510000,City of Himamaylan,direct
cic,male,1804510,citymun,0,,,false,1804510000,City of Himamaylan,direct
cic,female,1804510,citymun,0,,,false,1804510000,City of Himamaylan,direct
fic,total,1804511,citymun,1010,1853,54.50620615218564,false,1804511000,Hinigaran,direct
fic,male,1804511,citymun,494,,,false,1804511000,Hinigaran,direct
fic,female,1804511,citymun,516,,,false,1804511000,Hinigaran,direct
cic,total,1804511,citymun,2,720,0.2777777777777778,false,1804511000,Hinigaran,direct
cic,male,1804511,citymun,1,,,false,1804511000,Hinigaran,direct
cic,female,1804511,citymun,1,,,false,1804511000,Hinigaran,direct
fic,total,1804512,citymun,863,1514,57.001321003963014,false,1804512000,Hinoba-an,direct
fic,male,1804512,citymun,457,,,false,1804512000,Hinoba-an,direct
fic,female,1804512,citymun,406,,,false,1804512000,Hinoba-an,direct
cic,total,1804512,citymun,81,665,12.180451127819548,false,1804512000,Hinoba-an,direct
cic,male,1804512,citymun,44,,,false,1804512000,Hinoba-an,direct
cic,female,1804512,citymun,37,,,false,1804512000,Hinoba-an,direct
fic,total,1804513,citymun,849,1356,62.61061946902655,false,1804513000,Ilog,direct
fic,male,1804513,citymun,447,,,false,1804513000,Ilog,direct
fic,female,1804513,citymun,402,,,false,1804513000,Ilog,direct
cic,total,1804513,citymun,1,427,0.234192037470726,false,1804513000,Ilog,direct
cic,male,1804513,citymun,0,,,false,1804513000,Ilog,direct
cic,female,1804513,citymun,1,,,false,1804513000,Ilog,direct
fic,total,1804514,citymun,737,1377,53.522149600580974,false,1804514000,Isabela,direct
fic,male,1804514,citymun,357,,,false,1804514000,Isabela,direct
fic,female,1804514,citymun,380,,,false,1804514000,Isabela,direct
cic,total,1804514,citymun,45,608,7.401315789473683,false,1804514000,Isabela,direct
cic,male,1804514,citymun,20,,,false,1804514000,Isabela,direct
cic,female,1804514,citymun,25,,,false,1804514000,Isabela,direct
fic,total,1804515,citymun,2610,4626,56.42023346303502,false,1804515000,City of Kabankalan,direct
fic,male,1804515,citymun,1346,,,false,1804515000,City of Kabankalan,direct
fic,female,1804515,citymun,1264,,,false,1804515000,City of Kabankalan,direct
cic,total,1804515,citymun,270,1829,14.762165117550573,false,1804515000,City of Kabankalan,direct
cic,male,1804515,citymun,147,,,false,1804515000,City of Kabankalan,direct
cic,female,1804515,citymun,123,,,false,1804515000,City of Kabankalan,direct
fic,total,1804516,citymun,1041,1357,76.71333824613117,false,1804516000,City of La Carlota,direct
fic,male,1804516,citymun,556,,,false,1804516000,City of La Carlota,direct
fic,female,1804516,citymun,485,,,false,1804516000,City of La Carlota,direct
cic,total,1804516,citymun,4,428,0.9345794392523363,false,1804516000,City of La Carlota,direct
cic,male,1804516,citymun,1,,,false,1804516000,City of La Carlota,direct
cic,female,1804516,citymun,3,,,false,1804516000,City of La Carlota,direct
fic,total,1804517,citymun,1112,1916,58.037578288100214,false,1804517000,La Castellana,direct
fic,male,1804517,citymun,581,,,false,1804517000,La Castellana,direct
fic,female,1804517,citymun,531,,,false,1804517000,La Castellana,direct
cic,total,1804517,citymun,62,892,6.950672645739911,false,1804517000,La Castellana,direct
cic,male,1804517,citymun,32,,,false,1804517000,La Castellana,direct
cic,female,1804517,citymun,30,,,false,1804517000,La Castellana,direct
fic,total,1804518,citymun,519,1193,43.50377200335289,false,1804518000,Manapla,direct
fic,male,1804518,citymun,283,,,false,1804518000,Manapla,direct
fic,female,1804518,citymun,236,,,false,1804518000,Manapla,direct
cic,total,1804518,citymun,71,556,12.769784172661872,false,1804518000,Manapla,direct
cic,male,1804518,citymun,38,,,false,1804518000,Manapla,direct
cic,female,1804518,citymun,33,,,false,1804518000,Manapla,direct
fic,total,1804519,citymun,588,1032,56.97674418604651,false,1804519000,Moises Padilla,direct
fic,male,1804519,citymun,305,,,false,1804519000,Moises Padilla,direct
fic,female,1804519,citymun,283,,,false,1804519000,Moises Padilla,direct
cic,total,1804519,citymun,50,430,11.627906976744185,false,1804519000,Moises Padilla,direct
cic,male,1804519,citymun,25,,,false,1804519000,Moises Padilla,direct
cic,female,1804519,citymun,25,,,false,1804519000,Moises Padilla,direct
fic,total,1804520,citymun,1168,1949,59.928168291431504,false,1804520000,Murcia,direct
fic,male,1804520,citymun,570,,,false,1804520000,Murcia,direct
fic,female,1804520,citymun,598,,,false,1804520000,Murcia,direct
cic,total,1804520,citymun,131,724,18.093922651933703,false,1804520000,Murcia,direct
cic,male,1804520,citymun,72,,,false,1804520000,Murcia,direct
cic,female,1804520,citymun,59,,,false,1804520000,Murcia,direct
fic,total,1804521,citymun,507,1045,48.516746411483254,false,1804521000,Pontevedra,direct
fic,male,1804521,citymun,261,,,false,1804521000,Pontevedra,direct
fic,female,1804521,citymun,246,,,false,1804521000,Pontevedra,direct
cic,total,1804521,citymun,73,433,16.859122401847575,false,1804521000,Pontevedra,direct
cic,male,1804521,citymun,46,,,false,1804521000,Pontevedra,direct
cic,female,1804521,citymun,27,,,false,1804521000,Pontevedra,direct
fic,total,1804522,citymun,265,496,53.42741935483871,false,1804522000,Pulupandan,direct
fic,male,1804522,citymun,128,,,false,1804522000,Pulupandan,direct
fic,female,1804522,citymun,137,,,false,1804522000,Pulupandan,direct
cic,total,1804522,citymun,21,204,10.294117647058822,false,1804522000,Pulupandan,direct
cic,male,1804522,citymun,6,,,false,1804522000,Pulupandan,direct
cic,female,1804522,citymun,15,,,false,1804522000,Pulupandan,direct
fic,total,1804523,citymun,2047,3361,60.90449271050282,false,1804523000,City of Sagay,direct
fic,male,1804523,citymun,1024,,,false,1804523000,City of Sagay,direct
fic,female,1804523,citymun,1023,,,false,1804523000,City of Sagay,direct
cic,total,1804523,citymun,108,1112,9.712230215827338,false,1804523000,City of Sagay,direct
cic,male,1804523,citymun,62,,,false,1804523000,City of Sagay,direct
cic,female,1804523,citymun,46,,,false,1804523000,City of Sagay,direct
fic,total,1804524,citymun,1544,2815,54.849023090586144,false,1804524000,City of San Carlos,direct
fic,male,1804524,citymun,802,,,false,1804524000,City of San Carlos,direct
fic,female,1804524,citymun,742,,,false,1804524000,City of San Carlos,direct
cic,total,1804524,citymun,319,1253,25.458898643256184,false,1804524000,City of San Carlos,direct
cic,male,1804524,citymun,178,,,false,1804524000,City of San Carlos,direct
cic,female,1804524,citymun,141,,,false,1804524000,City of San Carlos,direct
fic,total,1804525,citymun,169,432,39.120370370370374,false,1804525000,San Enrique,direct
fic,male,1804525,citymun,93,,,false,1804525000,San Enrique,direct
fic,female,1804525,citymun,76,,,false,1804525000,San Enrique,direct
cic,total,1804525,citymun,56,250,22.400000000000002,false,1804525000,San Enrique,direct
cic,male,1804525,citymun,31,,,false,1804525000,San Enrique,direct
cic,female,1804525,citymun,25,,,false,1804525000,San Enrique,direct
fic,total,1804526,citymun,1878,2500,75.12,false,1804526000,City of Silay,direct
fic,male,1804526,citymun,920,,,false,1804526000,City of Silay,direct
fic,female,1804526,citymun,958,,,false,1804526000,City of Silay,direct
cic,total,1804526,citymun,113,338,33.43195266272189,false,1804526000,City of Silay,direct
cic,male,1804526,citymun,56,,,false,1804526000,City of Silay,direct
cic,female,1804526,citymun,57,,,false,1804526000,City of Silay,direct
fic,total,1804527,citymun,1120,1732,64.66512702078522,false,1804527000,City of Sipalay,direct
fic,male,1804527,citymun,567,,,false,1804527000,City of Sipalay,direct
fic,female,1804527,citymun,553,,,false,1804527000,City of Sipalay,direct
cic,total,1804527,citymun,11,461,2.386117136659436,false,1804527000,City of Sipalay,direct
cic,male,1804527,citymun,3,,,false,1804527000,City of Sipalay,direct
cic,female,1804527,citymun,8,,,false,1804527000,City of Sipalay,direct
fic,total,1804528,citymun,1106,2129,51.949271958666046,false,1804528000,City of Talisay,direct
fic,male,1804528,citymun,571,,,false,1804528000,City of Talisay,direct
fic,female,1804528,citymun,535,,,false,1804528000,City of Talisay,direct
cic,total,1804528,citymun,94,425,22.11764705882353,false,1804528000,City of Talisay,direct
cic,male,1804528,citymun,54,,,false,1804528000,City of Talisay,direct
cic,female,1804528,citymun,40,,,false,1804528000,City of Talisay,direct
fic,total,1804529,citymun,568,901,63.04106548279689,false,1804529000,Toboso,direct
fic,male,1804529,citymun,307,,,false,1804529000,Toboso,direct
fic,female,1804529,citymun,261,,,false,1804529000,Toboso,direct
cic,total,1804529,citymun,59,336,17.559523809523807,false,1804529000,Toboso,direct
cic,male,1804529,citymun,37,,,false,1804529000,Toboso,direct
cic,female,1804529,citymun,22,,,false,1804529000,Toboso,direct
fic,total,1804530,citymun,462,791,58.4070796460177,false,1804530000,Valladolid,direct
fic,male,1804530,citymun,250,,,false,1804530000,Valladolid,direct
fic,female,1804530,citymun,212,,,false,1804530000,Valladolid,direct
cic,total,1804530,citymun,10,347,2.881844380403458,false,1804530000,Valladolid,direct
cic,male,1804530,citymun,5,,,false,1804530000,Valladolid,direct
cic,female,1804530,citymun,5,,,false,1804530000,Valladolid,direct
fic,total,1804531,citymun,978,1801,54.303164908384225,false,1804531000,City of Victorias,direct
fic,male,1804531,citymun,505,,,false,1804531000,City of Victorias,direct
fic,female,1804531,citymun,473,,,false,1804531000,City of Victorias,direct
cic,total,1804531,citymun,113,662,17.069486404833835,false,1804531000,City of Victorias,direct
cic,male,1804531,citymun,61,,,false,1804531000,City of Victorias,direct
cic,female,1804531,citymun,52,,,false,1804531000,City of Victorias,direct
fic,total,1804532,citymun,395,660,59.84848484848485,false,1804532000,Salvador Benedicto,direct
fic,male,1804532,citymun,190,,,false,1804532000,Salvador Benedicto,direct
fic,female,1804532,citymun,205,,,false,1804532000,Salvador Benedicto,direct
cic,total,1804532,citymun,57,268,21.26865671641791,false,1804532000,Salvador Benedicto,direct
cic,male,1804532,citymun,26,,,false,1804532000,Salvador Benedicto,direct
cic,female,1804532,citymun,31,,,false,1804532000,Salvador Benedicto,direct
fic,total,18046,province,16768,31449,53.318070526884796,false,1804600000,Negros Oriental,direct
fic,male,18046,province,8485,,,false,1804600000,Negros Oriental,direct
fic,female,18046,province,8283,,,false,1804600000,Negros Oriental,direct
cic,total,18046,province,3005,13996,21.470420120034294,false,1804600000,Negros Oriental,direct
cic,male,18046,province,1552,,,false,1804600000,Negros Oriental,direct
cic,female,18046,province,1453,,,false,1804600000,Negros Oriental,direct
fic,total,1804601,citymun,250,517,48.35589941972921,false,1804601000,Amlan,direct
fic,male,1804601,citymun,120,,,false,1804601000,Amlan,direct
fic,female,1804601,citymun,130,,,false,1804601000,Amlan,direct
cic,total,1804601,citymun,51,240,21.25,false,1804601000,Amlan,direct
cic,male,1804601,citymun,28,,,false,1804601000,Amlan,direct
cic,female,1804601,citymun,23,,,false,1804601000,Amlan,direct
fic,total,1804602,citymun,584,1080,54.074074074074076,false,1804602000,Ayungon,direct
fic,male,1804602,citymun,283,,,false,1804602000,Ayungon,direct
fic,female,1804602,citymun,301,,,false,1804602000,Ayungon,direct
cic,total,1804602,citymun,99,433,22.863741339491916,false,1804602000,Ayungon,direct
cic,male,1804602,citymun,57,,,false,1804602000,Ayungon,direct
cic,female,1804602,citymun,42,,,false,1804602000,Ayungon,direct
fic,total,1804603,citymun,508,889,57.14285714285714,false,1804603000,Bacong,direct
fic,male,1804603,citymun,257,,,false,1804603000,Bacong,direct
fic,female,1804603,citymun,251,,,false,1804603000,Bacong,direct
cic,total,1804603,citymun,0,439,0.0,false,1804603000,Bacong,direct
cic,male,1804603,citymun,0,,,false,1804603000,Bacong,direct
cic,female,1804603,citymun,0,,,false,1804603000,Bacong,direct
fic,total,1804604,citymun,429,1923,22.308892355694226,false,1804604000,City of Bais,direct
fic,male,1804604,citymun,225,,,false,1804604000,City of Bais,direct
fic,female,1804604,citymun,204,,,false,1804604000,City of Bais,direct
cic,total,1804604,citymun,407,1341,30.350484712900823,false,1804604000,City of Bais,direct
cic,male,1804604,citymun,203,,,false,1804604000,City of Bais,direct
cic,female,1804604,citymun,204,,,false,1804604000,City of Bais,direct
fic,total,1804605,citymun,485,753,64.40903054448872,false,1804605000,Basay,direct
fic,male,1804605,citymun,237,,,false,1804605000,Basay,direct
fic,female,1804605,citymun,248,,,false,1804605000,Basay,direct
cic,total,1804605,citymun,63,381,16.535433070866144,false,1804605000,Basay,direct
cic,male,1804605,citymun,24,,,false,1804605000,Basay,direct
cic,female,1804605,citymun,39,,,false,1804605000,Basay,direct
fic,total,1804606,citymun,2004,2842,70.5137227304715,false,1804606000,City of Bayawan,direct
fic,male,1804606,citymun,981,,,false,1804606000,City of Bayawan,direct
fic,female,1804606,citymun,1023,,,false,1804606000,City of Bayawan,direct
cic,total,1804606,citymun,278,1099,25.295723384895357,false,1804606000,City of Bayawan,direct
cic,male,1804606,citymun,145,,,false,1804606000,City of Bayawan,direct
cic,female,1804606,citymun,133,,,false,1804606000,City of Bayawan,direct
fic,total,1804607,citymun,562,941,59.723698193411266,false,1804607000,Bindoy,direct
fic,male,1804607,citymun,290,,,false,1804607000,Bindoy,direct
fic,female,1804607,citymun,272,,,false,1804607000,Bindoy,direct
cic,total,1804607,citymun,24,288,8.333333333333332,false,1804607000,Bindoy,direct
cic,male,1804607,citymun,13,,,false,1804607000,Bindoy,direct
cic,female,1804607,citymun,11,,,false,1804607000,Bindoy,direct
fic,total,1804608,citymun,764,1377,55.482933914306464,false,1804608000,City of Canlaon,direct
fic,male,1804608,citymun,403,,,false,1804608000,City of Canlaon,direct
fic,female,1804608,citymun,361,,,false,1804608000,City of Canlaon,direct
cic,total,1804608,citymun,87,487,17.864476386036962,false,1804608000,City of Canlaon,direct
cic,male,1804608,citymun,44,,,false,1804608000,City of Canlaon,direct
cic,female,1804608,citymun,43,,,false,1804608000,City of Canlaon,direct
fic,total,1804609,citymun,424,522,81.22605363984674,false,1804609000,Dauin,direct
fic,male,1804609,citymun,219,,,false,1804609000,Dauin,direct
fic,female,1804609,citymun,205,,,false,1804609000,Dauin,direct
cic,total,1804609,citymun,5,100,5.0,false,1804609000,Dauin,direct
cic,male,1804609,citymun,4,,,false,1804609000,Dauin,direct
cic,female,1804609,citymun,1,,,false,1804609000,Dauin,direct
fic,total,1804610,citymun,1544,2339,66.01111586147927,false,1804610000,City of Dumaguete,direct
fic,male,1804610,citymun,801,,,false,1804610000,City of Dumaguete,direct
fic,female,1804610,citymun,743,,,false,1804610000,City of Dumaguete,direct
cic,total,1804610,citymun,202,569,35.50087873462214,false,1804610000,City of Dumaguete,direct
cic,male,1804610,citymun,113,,,false,1804610000,City of Dumaguete,direct
cic,female,1804610,citymun,89,,,false,1804610000,City of Dumaguete,direct
fic,total,1804611,citymun,1003,2546,39.39512961508248,false,1804611000,City of Guihulngan,direct
fic,male,1804611,citymun,472,,,false,1804611000,City of Guihulngan,direct
fic,female,1804611,citymun,531,,,false,1804611000,City of Guihulngan,direct
cic,total,1804611,citymun,280,1559,17.96023091725465,false,1804611000,City of Guihulngan,direct
cic,male,1804611,citymun,137,,,false,1804611000,City of Guihulngan,direct
cic,female,1804611,citymun,143,,,false,1804611000,City of Guihulngan,direct
fic,total,1804612,citymun,326,841,38.763376932223544,false,1804612000,Jimalalud,direct
fic,male,1804612,citymun,165,,,false,1804612000,Jimalalud,direct
fic,female,1804612,citymun,161,,,false,1804612000,Jimalalud,direct
cic,total,1804612,citymun,47,496,9.475806451612904,false,1804612000,Jimalalud,direct
cic,male,1804612,citymun,29,,,false,1804612000,Jimalalud,direct
cic,female,1804612,citymun,18,,,false,1804612000,Jimalalud,direct
fic,total,1804613,citymun,426,967,44.05377456049638,false,1804613000,La Libertad,direct
fic,male,1804613,citymun,238,,,false,1804613000,La Libertad,direct
fic,female,1804613,citymun,188,,,false,1804613000,La Libertad,direct
cic,total,1804613,citymun,131,448,29.24107142857143,false,1804613000,La Libertad,direct
cic,male,1804613,citymun,67,,,false,1804613000,La Libertad,direct
cic,female,1804613,citymun,64,,,false,1804613000,La Libertad,direct
fic,total,1804614,citymun,1200,2048,58.59375,false,1804614000,Mabinay,direct
fic,male,1804614,citymun,625,,,false,1804614000,Mabinay,direct
fic,female,1804614,citymun,575,,,false,1804614000,Mabinay,direct
cic,total,1804614,citymun,183,662,27.64350453172205,false,1804614000,Mabinay,direct
cic,male,1804614,citymun,97,,,false,1804614000,Mabinay,direct
cic,female,1804614,citymun,86,,,false,1804614000,Mabinay,direct
fic,total,1804615,citymun,371,959,38.68613138686132,false,1804615000,Manjuyod,direct
fic,male,1804615,citymun,193,,,false,1804615000,Manjuyod,direct
fic,female,1804615,citymun,178,,,false,1804615000,Manjuyod,direct
cic,total,1804615,citymun,141,566,24.91166077738516,false,1804615000,Manjuyod,direct
cic,male,1804615,citymun,81,,,false,1804615000,Manjuyod,direct
cic,female,1804615,citymun,60,,,false,1804615000,Manjuyod,direct
fic,total,1804616,citymun,486,821,59.19610231425091,false,1804616000,Pamplona,direct
fic,male,1804616,citymun,247,,,false,1804616000,Pamplona,direct
fic,female,1804616,citymun,239,,,false,1804616000,Pamplona,direct
cic,total,1804616,citymun,87,335,25.970149253731346,false,1804616000,Pamplona,direct
cic,male,1804616,citymun,38,,,false,1804616000,Pamplona,direct
cic,female,1804616,citymun,49,,,false,1804616000,Pamplona,direct
fic,total,1804617,citymun,237,479,49.478079331941544,false,1804617000,San Jose,direct
fic,male,1804617,citymun,127,,,false,1804617000,San Jose,direct
fic,female,1804617,citymun,110,,,false,1804617000,San Jose,direct
cic,total,1804617,citymun,32,236,13.559322033898304,false,1804617000,San Jose,direct
cic,male,1804617,citymun,17,,,false,1804617000,San Jose,direct
cic,female,1804617,citymun,15,,,false,1804617000,San Jose,direct
fic,total,1804618,citymun,925,1842,50.2171552660152,false,1804618000,Santa Catalina,direct
fic,male,1804618,citymun,478,,,false,1804618000,Santa Catalina,direct
fic,female,1804618,citymun,447,,,false,1804618000,Santa Catalina,direct
cic,total,1804618,citymun,185,896,20.647321428571427,false,1804618000,Santa Catalina,direct
cic,male,1804618,citymun,97,,,false,1804618000,Santa Catalina,direct
cic,female,1804618,citymun,88,,,false,1804618000,Santa Catalina,direct
fic,total,1804619,citymun,980,1888,51.90677966101694,false,1804619000,Siaton,direct
fic,male,1804619,citymun,498,,,false,1804619000,Siaton,direct
fic,female,1804619,citymun,482,,,false,1804619000,Siaton,direct
cic,total,1804619,citymun,200,883,22.650056625141563,false,1804619000,Siaton,direct
cic,male,1804619,citymun,97,,,false,1804619000,Siaton,direct
cic,female,1804619,citymun,103,,,false,1804619000,Siaton,direct
fic,total,1804620,citymun,722,1234,58.50891410048622,false,1804620000,Sibulan,direct
fic,male,1804620,citymun,346,,,false,1804620000,Sibulan,direct
fic,female,1804620,citymun,376,,,false,1804620000,Sibulan,direct
cic,total,1804620,citymun,118,484,24.380165289256198,false,1804620000,Sibulan,direct
cic,male,1804620,citymun,61,,,false,1804620000,Sibulan,direct
cic,female,1804620,citymun,57,,,false,1804620000,Sibulan,direct
fic,total,1804621,citymun,860,1585,54.25867507886435,false,1804621000,City of Tanjay,direct
fic,male,1804621,citymun,422,,,false,1804621000,City of Tanjay,direct
fic,female,1804621,citymun,438,,,false,1804621000,City of Tanjay,direct
cic,total,1804621,citymun,152,701,21.683309557774606,false,1804621000,City of Tanjay,direct
cic,male,1804621,citymun,75,,,false,1804621000,City of Tanjay,direct
cic,female,1804621,citymun,77,,,false,1804621000,City of Tanjay,direct
fic,total,1804622,citymun,443,846,52.36406619385343,false,1804622000,Tayasan,direct
fic,male,1804622,citymun,239,,,false,1804622000,Tayasan,direct
fic,female,1804622,citymun,204,,,false,1804622000,Tayasan,direct
cic,total,1804622,citymun,77,372,20.698924731182796,false,1804622000,Tayasan,direct
cic,male,1804622,citymun,42,,,false,1804622000,Tayasan,direct
cic,female,1804622,citymun,35,,,false,1804622000,Tayasan,direct
fic,total,1804623,citymun,483,685,70.5109489051095,false,1804623000,Valencia,direct
fic,male,1804623,citymun,249,,,false,1804623000,Valencia,direct
fic,female,1804623,citymun,234,,,false,1804623000,Valencia,direct
cic,total,1804623,citymun,29,182,15.934065934065933,false,1804623000,Valencia,direct
cic,male,1804623,citymun,17,,,false,1804623000,Valencia,direct
cic,female,1804623,citymun,12,,,false,1804623000,Valencia,direct
fic,total,1804624,citymun,443,893,49.608062709966404,false,1804624000,Vallehermoso,direct
fic,male,1804624,citymun,218,,,false,1804624000,Vallehermoso,direct
fic,female,1804624,citymun,225,,,false,1804624000,Vallehermoso,direct
cic,total,1804624,citymun,92,485,18.969072164948454,false,1804624000,Vallehermoso,direct
cic,male,1804624,citymun,49,,,false,1804624000,Vallehermoso,direct
cic,female,1804624,citymun,43,,,false,1804624000,Vallehermoso,direct
fic,total,1804625,citymun,309,632,48.892405063291136,false,1804625000,Zamboanguita,direct
fic,male,1804625,citymun,152,,,false,1804625000,Zamboanguita,direct
fic,female,1804625,citymun,157,,,false,1804625000,Zamboanguita,direct
cic,total,1804625,citymun,35,314,11.146496815286625,false,1804625000,Zamboanguita,direct
cic,male,1804625,citymun,17,,,false,1804625000,Zamboanguita,direct
cic,female,1804625,citymun,18,,,false,1804625000,Zamboanguita,direct
fic,total,18061,province,994,1778,55.90551181102362,false,1806100000,Siquijor,direct
fic,male,18061,province,514,,,false,1806100000,Siquijor,direct
fic,female,18061,province,480,,,false,1806100000,Siquijor,direct
cic,total,18061,province,18,714,2.5210084033613445,false,1806100000,Siquijor,direct
cic,male,18061,province,11,,,false,1806100000,Siquijor,direct
cic,female,18061,province,7,,,false,1806100000,Siquijor,direct
fic,total,1806101,citymun,65,111,58.55855855855856,false,1806101000,Enrique Villanueva,direct
fic,male,1806101,citymun,35,,,false,1806101000,Enrique Villanueva,direct
fic,female,1806101,citymun,30,,,false,1806101000,Enrique Villanueva,direct
cic,total,1806101,citymun,0,40,0.0,false,1806101000,Enrique Villanueva,direct
cic,male,1806101,citymun,0,,,false,1806101000,Enrique Villanueva,direct
cic,female,1806101,citymun,0,,,false,1806101000,Enrique Villanueva,direct
fic,total,1806102,citymun,130,225,57.77777777777777,false,1806102000,Larena,direct
fic,male,1806102,citymun,62,,,false,1806102000,Larena,direct
fic,female,1806102,citymun,68,,,false,1806102000,Larena,direct
cic,total,1806102,citymun,1,103,0.9708737864077669,false,1806102000,Larena,direct
cic,male,1806102,citymun,1,,,false,1806102000,Larena,direct
cic,female,1806102,citymun,0,,,false,1806102000,Larena,direct
fic,total,1806103,citymun,217,396,54.7979797979798,false,1806103000,Lazi,direct
fic,male,1806103,citymun,109,,,false,1806103000,Lazi,direct
fic,female,1806103,citymun,108,,,false,1806103000,Lazi,direct
cic,total,1806103,citymun,11,136,8.088235294117647,false,1806103000,Lazi,direct
cic,male,1806103,citymun,5,,,false,1806103000,Lazi,direct
cic,female,1806103,citymun,6,,,false,1806103000,Lazi,direct
fic,total,1806104,citymun,144,261,55.172413793103445,false,1806104000,Maria,direct
fic,male,1806104,citymun,80,,,false,1806104000,Maria,direct
fic,female,1806104,citymun,64,,,false,1806104000,Maria,direct
cic,total,1806104,citymun,0,107,0.0,false,1806104000,Maria,direct
cic,male,1806104,citymun,0,,,false,1806104000,Maria,direct
cic,female,1806104,citymun,0,,,false,1806104000,Maria,direct
fic,total,1806105,citymun,171,263,65.0190114068441,false,1806105000,San Juan,direct
fic,male,1806105,citymun,88,,,false,1806105000,San Juan,direct
fic,female,1806105,citymun,83,,,false,1806105000,San Juan,direct
cic,total,1806105,citymun,6,98,6.122448979591836,false,1806105000,San Juan,direct
cic,male,1806105,citymun,5,,,false,1806105000,San Juan,direct
cic,female,1806105,citymun,1,,,false,1806105000,San Juan,direct
fic,total,1806106,citymun,267,522,51.14942528735632,false,1806106000,Siquijor,direct
fic,male,1806106,citymun,140,,,false,1806106000,Siquijor,direct
fic,female,1806106,citymun,127,,,false,1806106000,Siquijor,direct
cic,total,1806106,citymun,0,230,0.0,false,1806106000,Siquijor,direct
cic,male,1806106,citymun,0,,,false,1806106000,Siquijor,direct
cic,female,1806106,citymun,0,,,false,1806106000,Siquijor,direct
fic,total,18302,province,5580,11280,49.46808510638298,false,1830200000,City of Bacolod,direct
fic,male,18302,province,2939,,,false,1830200000,City of Bacolod,direct
fic,female,18302,province,2641,,,false,1830200000,City of Bacolod,direct
cic,total,18302,province,1201,6012,19.976713240186296,false,1830200000,City of Bacolod,direct
cic,male,18302,province,661,,,false,1830200000,City of Bacolod,direct
cic,female,18302,province,540,,,false,1830200000,City of Bacolod,direct
